case_id,activity,timestamp
GEN-00001,Order Created,2026-08-07T11:57:59Z
GEN-00001,Payment Attempt,2026-08-07T12:12:02Z
GEN-00001,Payment Received,2026-08-07T12:27:07Z
GEN-00001,Packed,2026-08-07T18:52:33Z
GEN-00001,Inspected,2026-08-07T19:49:25Z
GEN-00001,Shipped,2026-08-07T22:17:17Z
GEN-00001,Delivered,2026-08-08T01:53:43Z
GEN-00002,Order Created,2026-08-07T16:13:23Z
GEN-00002,Payment Received,2026-08-07T16:17:52Z
GEN-00002,Packed,2026-08-07T20:50:07Z
GEN-00003,Order Created,2026-08-13T11:15:48Z
GEN-00003,Payment Attempt,2026-08-13T11:18:51Z
GEN-00003,Payment Attempt,2026-08-13T11:29:51Z
GEN-00003,Payment Received,2026-08-13T11:47:44Z
GEN-00003,Packed,2026-08-13T16:31:08Z
GEN-00003,Inspected,2026-08-13T17:23:45Z
GEN-00003,Shipped,2026-08-13T19:15:48Z
GEN-00003,Delivered,2026-08-13T21:31:55Z
GEN-00004,Order Created,2026-08-10T14:33:40Z
GEN-00004,Payment Attempt,2026-08-10T14:43:34Z
GEN-00004,Payment Attempt,2026-08-10T14:53:19Z
GEN-00004,Payment Received,2026-08-10T15:07:54Z
GEN-00004,Packed,2026-08-11T00:56:33Z
GEN-00004,Inspected,2026-08-11T01:38:04Z
GEN-00004,Packed,2026-08-11T04:37:59Z
GEN-00004,Inspected,2026-08-11T05:02:40Z
GEN-00004,Packed,2026-08-11T06:46:24Z
GEN-00004,Inspected,2026-08-11T07:39:23Z
GEN-00004,Shipped,2026-08-11T09:49:19Z
GEN-00004,Delivered,2026-08-11T11:50:26Z
GEN-00005,Order Created,2026-08-04T16:35:28Z
GEN-00005,Payment Received,2026-08-04T16:43:56Z
GEN-00005,Packed,2026-08-04T23:29:40Z
GEN-00005,Inspected,2026-08-04T23:52:07Z
GEN-00005,Shipped,2026-08-05T01:38:43Z
GEN-00005,Delivered,2026-08-05T03:34:09Z
GEN-00006,Order Created,2026-08-14T11:36:18Z
GEN-00006,Payment Received,2026-08-14T11:45:41Z
GEN-00006,Packed,2026-08-14T14:15:34Z
GEN-00006,Inspected,2026-08-14T15:03:45Z
GEN-00006,Shipped,2026-08-14T18:34:15Z
GEN-00007,Order Created,2026-08-14T14:00:06Z
GEN-00007,Payment Received,2026-08-14T14:07:29Z
GEN-00007,Packed,2026-08-14T23:59:08Z
GEN-00007,Inspected,2026-08-15T00:29:38Z
GEN-00007,Packed,2026-08-15T02:58:05Z
GEN-00007,Inspected,2026-08-15T03:48:07Z
GEN-00007,Packed,2026-08-15T05:18:31Z
GEN-00007,Inspected,2026-08-15T06:05:48Z
GEN-00007,Packed,2026-08-15T08:37:55Z
GEN-00007,Inspected,2026-08-15T09:18:38Z
GEN-00007,Shipped,2026-08-15T10:44:08Z
GEN-00007,Delivered,2026-08-15T14:51:43Z
GEN-00008,Order Created,2026-08-05T14:18:24Z
GEN-00008,Payment Received,2026-08-05T14:32:53Z
GEN-00008,Packed,2026-08-05T18:01:54Z
GEN-00008,Inspected,2026-08-05T18:25:44Z
GEN-00008,Shipped,2026-08-05T20:12:45Z
GEN-00008,Delivered,2026-08-05T22:31:09Z
GEN-00009,Order Created,2026-08-07T14:15:08Z
GEN-00009,Payment Received,2026-08-07T14:26:04Z
GEN-00009,Packed,2026-08-07T22:06:00Z
GEN-00009,Inspected,2026-08-07T22:28:12Z
GEN-00009,Shipped,2026-08-07T23:55:19Z
GEN-00009,Delivered,2026-08-08T01:35:28Z
GEN-00010,Order Created,2026-08-07T09:42:54Z
GEN-00010,Payment Received,2026-08-07T09:55:49Z
GEN-00010,Packed,2026-08-07T16:03:03Z
GEN-00010,Inspected,2026-08-07T16:47:05Z
GEN-00010,Shipped,2026-08-07T20:42:03Z
GEN-00010,Delivered,2026-08-07T22:53:46Z
GEN-00011,Order Created,2026-08-07T10:07:30Z
GEN-00011,Payment Received,2026-08-07T10:23:21Z
GEN-00011,Packed,2026-08-07T16:37:24Z
GEN-00011,Inspected,2026-08-07T17:36:42Z
GEN-00011,Shipped,2026-08-07T18:37:36Z
GEN-00011,Delivered,2026-08-07T21:16:14Z
GEN-00012,Order Created,2026-08-05T10:23:37Z
GEN-00012,Payment Received,2026-08-05T10:27:37Z
GEN-00012,Packed,2026-08-05T11:38:52Z
GEN-00012,Inspected,2026-08-05T12:20:39Z
GEN-00012,Packed,2026-08-05T13:40:40Z
GEN-00012,Inspected,2026-08-05T14:06:46Z
GEN-00012,Packed,2026-08-05T16:42:38Z
GEN-00012,Inspected,2026-08-05T17:34:26Z
GEN-00012,Shipped,2026-08-05T21:18:51Z
GEN-00012,Delivered,2026-08-06T01:08:54Z
GEN-00013,Order Created,2026-08-12T16:34:06Z
GEN-00013,Payment Attempt,2026-08-12T16:46:22Z
GEN-00013,Payment Received,2026-08-12T16:58:02Z
GEN-00013,Packed,2026-08-12T20:19:47Z
GEN-00013,Inspected,2026-08-12T20:53:13Z
GEN-00013,Shipped,2026-08-13T00:05:51Z
GEN-00013,Delivered,2026-08-13T02:07:36Z
GEN-00014,Order Created,2026-08-06T09:48:40Z
GEN-00014,Payment Received,2026-08-06T10:01:52Z
GEN-00014,Packed,2026-08-06T13:11:08Z
GEN-00014,Inspected,2026-08-06T13:50:21Z
GEN-00014,Shipped,2026-08-06T16:24:20Z
GEN-00014,Delivered,2026-08-06T19:23:33Z
GEN-00015,Order Created,2026-08-08T11:48:30Z
GEN-00015,Payment Received,2026-08-08T11:50:44Z
GEN-00015,Packed,2026-08-08T18:08:24Z
GEN-00015,Inspected,2026-08-08T18:44:10Z
GEN-00015,Shipped,2026-08-08T20:00:47Z
GEN-00015,Delivered,2026-08-09T01:04:09Z
GEN-00016,Order Created,2026-08-13T13:53:46Z
GEN-00016,Payment Received,2026-08-13T14:10:12Z
GEN-00016,Packed,2026-08-13T20:09:02Z
GEN-00016,Inspected,2026-08-13T21:03:01Z
GEN-00016,Packed,2026-08-13T23:24:59Z
GEN-00016,Inspected,2026-08-14T00:21:01Z
GEN-00016,Shipped,2026-08-14T03:35:47Z
GEN-00016,Delivered,2026-08-14T06:50:40Z
GEN-00017,Order Created,2026-08-07T10:45:29Z
GEN-00017,Payment Received,2026-08-07T10:50:04Z
GEN-00017,Packed,2026-08-07T14:05:45Z
GEN-00017,Inspected,2026-08-07T14:29:35Z
GEN-00017,Shipped,2026-08-07T16:46:07Z
GEN-00017,Delivered,2026-08-07T19:47:08Z
GEN-00018,Order Created,2026-08-09T09:16:45Z
GEN-00018,Payment Attempt,2026-08-09T09:41:08Z
GEN-00018,Payment Received,2026-08-09T09:43:45Z
GEN-00018,Packed,2026-08-09T17:21:20Z
GEN-00018,Inspected,2026-08-09T17:51:16Z
GEN-00018,Shipped,2026-08-09T19:03:36Z
GEN-00018,Delivered,2026-08-09T22:17:27Z
GEN-00019,Order Created,2026-08-13T13:46:14Z
GEN-00019,Payment Received,2026-08-13T13:50:16Z
GEN-00019,Packed,2026-08-13T22:19:59Z
GEN-00019,Inspected,2026-08-13T23:05:33Z
GEN-00019,Shipped,2026-08-14T01:35:05Z
GEN-00019,Delivered,2026-08-14T05:35:13Z
GEN-00020,Order Created,2026-08-07T10:58:57Z
GEN-00021,Order Created,2026-08-14T10:16:52Z
GEN-00021,Payment Received,2026-08-14T10:27:53Z
GEN-00021,Packed,2026-08-14T14:37:08Z
GEN-00021,Inspected,2026-08-14T15:09:35Z
GEN-00021,Shipped,2026-08-14T19:03:22Z
GEN-00021,Delivered,2026-08-14T21:24:03Z
GEN-00022,Order Created,2026-08-03T11:31:21Z
GEN-00022,Payment Received,2026-08-03T11:39:01Z
GEN-00022,Packed,2026-08-03T19:35:48Z
GEN-00022,Inspected,2026-08-03T20:25:40Z
GEN-00022,Shipped,2026-08-04T00:16:33Z
GEN-00022,Delivered,2026-08-04T02:07:30Z
GEN-00023,Order Created,2026-08-03T09:32:29Z
GEN-00024,Order Created,2026-08-12T16:11:49Z
GEN-00024,Payment Received,2026-08-12T16:25:26Z
GEN-00024,Packed,2026-08-12T22:06:36Z
GEN-00024,Inspected,2026-08-12T22:29:10Z
GEN-00024,Packed,2026-08-13T00:59:45Z
GEN-00024,Inspected,2026-08-13T01:20:42Z
GEN-00024,Shipped,2026-08-13T03:08:52Z
GEN-00024,Delivered,2026-08-13T07:31:44Z
GEN-00025,Order Created,2026-08-04T11:50:15Z
GEN-00025,Payment Received,2026-08-04T12:09:33Z
GEN-00025,Packed,2026-08-04T20:44:44Z
GEN-00025,Inspected,2026-08-04T21:25:24Z
GEN-00025,Shipped,2026-08-05T01:04:35Z
GEN-00025,Delivered,2026-08-05T03:39:06Z
GEN-00026,Order Created,2026-08-03T12:01:46Z
GEN-00026,Payment Received,2026-08-03T12:04:25Z
GEN-00026,Packed,2026-08-03T16:22:51Z
GEN-00026,Inspected,2026-08-03T16:51:57Z
GEN-00026,Shipped,2026-08-03T19:01:14Z
GEN-00026,Delivered,2026-08-03T21:51:54Z
GEN-00027,Order Created,2026-08-13T17:20:31Z
GEN-00027,Payment Received,2026-08-13T17:35:09Z
GEN-00027,Packed,2026-08-14T03:09:35Z
GEN-00027,Inspected,2026-08-14T03:36:09Z
GEN-00027,Shipped,2026-08-14T07:17:39Z
GEN-00027,Delivered,2026-08-14T10:10:11Z
GEN-00028,Order Created,2026-08-03T15:02:13Z
GEN-00028,Payment Received,2026-08-03T15:17:51Z
GEN-00028,Packed,2026-08-03T19:45:29Z
GEN-00028,Inspected,2026-08-03T20:29:02Z
GEN-00028,Shipped,2026-08-04T00:16:32Z
GEN-00028,Delivered,2026-08-04T02:43:10Z
GEN-00029,Order Created,2026-08-13T13:09:28Z
GEN-00029,Payment Received,2026-08-13T13:13:53Z
GEN-00029,Packed,2026-08-13T19:21:43Z
GEN-00029,Inspected,2026-08-13T20:18:38Z
GEN-00029,Shipped,2026-08-13T22:19:51Z
GEN-00029,Delivered,2026-08-14T02:35:27Z
GEN-00030,Order Created,2026-08-07T19:44:33Z
GEN-00030,Payment Received,2026-08-07T20:03:17Z
GEN-00030,Packed,2026-08-08T00:22:07Z
GEN-00031,Order Created,2026-08-10T10:43:41Z
GEN-00031,Payment Received,2026-08-10T10:57:56Z
GEN-00031,Packed,2026-08-10T22:57:21Z
GEN-00031,Inspected,2026-08-10T23:37:20Z
GEN-00031,Shipped,2026-08-11T02:25:55Z
GEN-00031,Delivered,2026-08-11T04:28:26Z
GEN-00032,Order Created,2026-08-03T14:24:42Z
GEN-00032,Payment Attempt,2026-08-03T14:35:03Z
GEN-00032,Payment Received,2026-08-03T14:45:00Z
GEN-00032,Packed,2026-08-03T17:25:38Z
GEN-00032,Inspected,2026-08-03T17:49:30Z
GEN-00032,Shipped,2026-08-03T19:14:24Z
GEN-00033,Order Created,2026-08-12T18:20:58Z
GEN-00033,Payment Received,2026-08-12T18:27:51Z
GEN-00033,Packed,2026-08-13T06:03:36Z
GEN-00033,Inspected,2026-08-13T06:34:14Z
GEN-00033,Shipped,2026-08-13T10:22:22Z
GEN-00033,Delivered,2026-08-13T13:20:32Z
GEN-00034,Order Created,2026-08-07T15:13:10Z
GEN-00034,Payment Received,2026-08-07T15:32:08Z
GEN-00034,Packed,2026-08-08T04:22:11Z
GEN-00034,Inspected,2026-08-08T04:48:47Z
GEN-00034,Shipped,2026-08-08T06:25:09Z
GEN-00035,Order Created,2026-08-11T09:36:39Z
GEN-00035,Payment Received,2026-08-11T09:43:55Z
GEN-00035,Packed,2026-08-11T17:20:40Z
GEN-00035,Inspected,2026-08-11T18:02:38Z
GEN-00035,Packed,2026-08-11T19:49:50Z
GEN-00035,Inspected,2026-08-11T20:35:33Z
GEN-00035,Packed,2026-08-11T22:19:55Z
GEN-00035,Inspected,2026-08-11T23:11:08Z
GEN-00035,Packed,2026-08-12T01:32:57Z
GEN-00035,Inspected,2026-08-12T02:25:09Z
GEN-00035,Shipped,2026-08-12T05:48:09Z
GEN-00035,Delivered,2026-08-12T08:47:08Z
GEN-00036,Order Created,2026-08-07T11:26:54Z
GEN-00036,Payment Received,2026-08-07T11:34:33Z
GEN-00036,Packed,2026-08-07T17:44:20Z
GEN-00036,Inspected,2026-08-07T18:05:47Z
GEN-00036,Packed,2026-08-07T20:49:51Z
GEN-00036,Inspected,2026-08-07T21:38:18Z
GEN-00036,Shipped,2026-08-07T23:29:21Z
GEN-00036,Delivered,2026-08-08T02:16:24Z
GEN-00037,Order Created,2026-08-12T14:44:57Z
GEN-00037,Payment Received,2026-08-12T15:04:47Z
GEN-00037,Packed,2026-08-13T07:07:20Z
GEN-00037,Inspected,2026-08-13T07:48:59Z
GEN-00037,Shipped,2026-08-13T11:19:39Z
GEN-00037,Delivered,2026-08-13T12:55:10Z
GEN-00038,Order Created,2026-08-10T19:10:53Z
GEN-00038,Payment Attempt,2026-08-10T19:21:33Z
GEN-00038,Payment Received,2026-08-10T19:40:40Z
GEN-00038,Packed,2026-08-11T00:28:14Z
GEN-00038,Inspected,2026-08-11T01:18:51Z
GEN-00038,Shipped,2026-08-11T05:18:08Z
GEN-00038,Delivered,2026-08-11T06:50:52Z
GEN-00039,Order Created,2026-08-14T19:18:19Z
GEN-00039,Payment Attempt,2026-08-14T19:31:01Z
GEN-00039,Payment Received,2026-08-14T19:39:38Z
GEN-00039,Packed,2026-08-15T01:10:07Z
GEN-00039,Inspected,2026-08-15T02:07:04Z
GEN-00039,Shipped,2026-08-15T03:45:38Z
GEN-00039,Delivered,2026-08-15T10:10:49Z
GEN-00040,Order Created,2026-08-03T11:05:37Z
GEN-00040,Payment Received,2026-08-03T11:12:31Z
GEN-00040,Packed,2026-08-03T18:49:47Z
GEN-00040,Inspected,2026-08-03T19:47:32Z
GEN-00040,Shipped,2026-08-03T23:07:58Z
GEN-00040,Delivered,2026-08-04T03:20:47Z
GEN-00041,Order Created,2026-08-08T09:36:12Z
GEN-00041,Payment Received,2026-08-08T09:51:03Z
GEN-00041,Packed,2026-08-08T14:38:51Z
GEN-00041,Inspected,2026-08-08T15:27:38Z
GEN-00041,Shipped,2026-08-08T17:58:52Z
GEN-00041,Delivered,2026-08-08T21:21:42Z
GEN-00042,Order Created,2026-08-12T08:38:53Z
GEN-00042,Payment Received,2026-08-12T08:44:11Z
GEN-00042,Packed,2026-08-12T12:43:55Z
GEN-00042,Inspected,2026-08-12T13:17:41Z
GEN-00042,Shipped,2026-08-12T16:17:33Z
GEN-00042,Delivered,2026-08-12T17:44:41Z
GEN-00043,Order Created,2026-08-13T15:12:37Z
GEN-00043,Payment Attempt,2026-08-13T15:28:56Z
GEN-00043,Payment Attempt,2026-08-13T15:52:29Z
GEN-00043,Payment Received,2026-08-13T16:10:28Z
GEN-00043,Packed,2026-08-14T00:02:21Z
GEN-00043,Inspected,2026-08-14T00:23:06Z
GEN-00043,Shipped,2026-08-14T02:47:35Z
GEN-00043,Delivered,2026-08-14T04:55:48Z
GEN-00044,Order Created,2026-08-14T13:41:13Z
GEN-00044,Payment Received,2026-08-14T14:00:37Z
GEN-00044,Packed,2026-08-14T19:28:53Z
GEN-00044,Inspected,2026-08-14T20:28:45Z
GEN-00044,Shipped,2026-08-14T22:58:50Z
GEN-00044,Delivered,2026-08-15T01:33:35Z
GEN-00045,Order Created,2026-08-14T15:54:36Z
GEN-00045,Payment Received,2026-08-14T16:14:21Z
GEN-00045,Packed,2026-08-14T18:47:48Z
GEN-00045,Inspected,2026-08-14T19:10:55Z
GEN-00045,Shipped,2026-08-14T21:50:54Z
GEN-00045,Delivered,2026-08-15T00:14:56Z
GEN-00046,Order Created,2026-08-08T14:42:35Z
GEN-00046,Payment Attempt,2026-08-08T15:04:14Z
GEN-00046,Payment Received,2026-08-08T15:18:56Z
GEN-00046,Packed,2026-08-08T23:43:39Z
GEN-00046,Inspected,2026-08-09T00:37:28Z
GEN-00046,Shipped,2026-08-09T02:56:35Z
GEN-00046,Delivered,2026-08-09T06:07:13Z
GEN-00047,Order Created,2026-08-12T15:18:20Z
GEN-00047,Payment Received,2026-08-12T15:31:36Z
GEN-00047,Packed,2026-08-13T09:39:50Z
GEN-00047,Inspected,2026-08-13T10:31:43Z
GEN-00047,Packed,2026-08-13T11:52:57Z
GEN-00047,Inspected,2026-08-13T12:13:11Z
GEN-00047,Shipped,2026-08-13T13:17:58Z
GEN-00047,Delivered,2026-08-13T18:19:58Z
GEN-00048,Order Created,2026-08-07T13:46:03Z
GEN-00048,Payment Received,2026-08-07T13:51:11Z
GEN-00048,Packed,2026-08-07T22:22:50Z
GEN-00048,Inspected,2026-08-07T22:51:21Z
GEN-00048,Shipped,2026-08-08T00:07:38Z
GEN-00049,Order Created,2026-08-08T12:14:50Z
GEN-00049,Payment Received,2026-08-08T12:17:24Z
GEN-00049,Packed,2026-08-08T18:19:37Z
GEN-00049,Inspected,2026-08-08T19:12:09Z
GEN-00049,Shipped,2026-08-08T21:38:10Z
GEN-00049,Delivered,2026-08-09T00:12:23Z
GEN-00050,Order Created,2026-08-07T13:26:18Z
GEN-00050,Payment Received,2026-08-07T13:42:56Z
GEN-00050,Packed,2026-08-07T21:40:05Z
GEN-00050,Inspected,2026-08-07T22:09:19Z
GEN-00050,Shipped,2026-08-07T23:25:25Z
GEN-00050,Delivered,2026-08-08T02:26:02Z
GEN-00051,Order Created,2026-08-03T17:45:19Z
GEN-00051,Payment Received,2026-08-03T18:00:15Z
GEN-00051,Packed,2026-08-04T03:47:55Z
GEN-00051,Inspected,2026-08-04T04:28:40Z
GEN-00051,Shipped,2026-08-04T07:13:26Z
GEN-00051,Delivered,2026-08-04T11:11:40Z
GEN-00052,Order Created,2026-08-14T15:27:37Z
GEN-00052,Payment Received,2026-08-14T15:46:33Z
GEN-00052,Packed,2026-08-14T19:13:45Z
GEN-00052,Inspected,2026-08-14T20:11:50Z
GEN-00052,Packed,2026-08-14T21:44:54Z
GEN-00052,Inspected,2026-08-14T22:42:51Z
GEN-00052,Packed,2026-08-15T01:10:16Z
GEN-00052,Inspected,2026-08-15T01:52:39Z
GEN-00052,Shipped,2026-08-15T04:16:04Z
GEN-00052,Delivered,2026-08-15T08:48:43Z
GEN-00053,Order Created,2026-08-09T08:22:44Z
GEN-00054,Order Created,2026-08-03T09:12:32Z
GEN-00054,Payment Received,2026-08-03T09:21:39Z
GEN-00054,Packed,2026-08-03T15:42:41Z
GEN-00054,Inspected,2026-08-03T16:28:12Z
GEN-00054,Shipped,2026-08-03T19:16:24Z
GEN-00054,Delivered,2026-08-03T21:35:23Z
GEN-00055,Order Created,2026-08-12T18:21:21Z
GEN-00055,Payment Received,2026-08-12T18:28:01Z
GEN-00055,Packed,2026-08-12T21:45:47Z
GEN-00055,Inspected,2026-08-12T22:26:24Z
GEN-00055,Packed,2026-08-12T23:39:05Z
GEN-00055,Inspected,2026-08-13T00:22:57Z
GEN-00055,Packed,2026-08-13T02:14:57Z
GEN-00055,Inspected,2026-08-13T02:40:49Z
GEN-00055,Shipped,2026-08-13T03:52:32Z
GEN-00055,Delivered,2026-08-13T05:41:38Z
GEN-00056,Order Created,2026-08-06T09:44:37Z
GEN-00056,Payment Received,2026-08-06T09:52:21Z
GEN-00056,Packed,2026-08-06T15:06:28Z
GEN-00056,Inspected,2026-08-06T15:56:10Z
GEN-00056,Shipped,2026-08-06T17:02:02Z
GEN-00056,Delivered,2026-08-06T19:58:45Z
GEN-00057,Order Created,2026-08-10T16:27:17Z
GEN-00057,Payment Received,2026-08-10T16:33:26Z
GEN-00057,Packed,2026-08-10T21:00:39Z
GEN-00057,Inspected,2026-08-10T21:33:57Z
GEN-00057,Shipped,2026-08-10T23:00:30Z
GEN-00057,Delivered,2026-08-11T00:28:41Z
GEN-00058,Order Created,2026-08-05T13:30:04Z
GEN-00058,Payment Received,2026-08-05T13:49:18Z
GEN-00058,Packed,2026-08-05T20:06:00Z
GEN-00058,Inspected,2026-08-05T20:41:50Z
GEN-00058,Shipped,2026-08-05T22:21:17Z
GEN-00058,Delivered,2026-08-06T00:09:08Z
GEN-00059,Order Created,2026-08-06T19:48:03Z
GEN-00059,Payment Attempt,2026-08-06T19:57:55Z
GEN-00059,Payment Received,2026-08-06T20:06:55Z
GEN-00059,Packed,2026-08-07T04:24:17Z
GEN-00059,Inspected,2026-08-07T05:06:29Z
GEN-00059,Shipped,2026-08-07T08:20:28Z
GEN-00059,Delivered,2026-08-07T13:44:00Z
GEN-00060,Order Created,2026-08-13T13:04:23Z
GEN-00060,Payment Received,2026-08-13T13:08:41Z
GEN-00060,Packed,2026-08-13T21:18:05Z
GEN-00060,Inspected,2026-08-13T21:48:09Z
GEN-00060,Shipped,2026-08-14T00:28:52Z
GEN-00060,Delivered,2026-08-14T03:20:30Z
GEN-00061,Order Created,2026-08-12T18:30:00Z
GEN-00061,Payment Received,2026-08-12T18:45:34Z
GEN-00061,Packed,2026-08-13T06:23:16Z
GEN-00061,Inspected,2026-08-13T07:20:46Z
GEN-00061,Shipped,2026-08-13T10:19:46Z
GEN-00061,Delivered,2026-08-13T12:43:47Z
GEN-00062,Order Created,2026-08-04T16:58:37Z
GEN-00062,Payment Received,2026-08-04T17:07:45Z
GEN-00062,Packed,2026-08-04T20:17:11Z
GEN-00062,Inspected,2026-08-04T20:40:17Z
GEN-00062,Shipped,2026-08-05T00:00:51Z
GEN-00062,Delivered,2026-08-05T03:13:01Z
GEN-00063,Order Created,2026-08-13T18:11:32Z
GEN-00063,Payment Received,2026-08-13T18:28:58Z
GEN-00063,Packed,2026-08-14T00:23:15Z
GEN-00063,Inspected,2026-08-14T00:58:21Z
GEN-00063,Shipped,2026-08-14T02:13:09Z
GEN-00063,Delivered,2026-08-14T04:45:40Z
GEN-00064,Order Created,2026-08-12T11:18:09Z
GEN-00064,Payment Received,2026-08-12T11:34:31Z
GEN-00064,Packed,2026-08-12T18:33:00Z
GEN-00064,Inspected,2026-08-12T19:07:55Z
GEN-00064,Shipped,2026-08-12T22:20:16Z
GEN-00064,Delivered,2026-08-13T01:08:45Z
GEN-00065,Order Created,2026-08-11T16:12:17Z
GEN-00065,Payment Received,2026-08-11T16:18:02Z
GEN-00065,Packed,2026-08-11T21:52:29Z
GEN-00065,Inspected,2026-08-11T22:35:51Z
GEN-00065,Shipped,2026-08-11T23:51:51Z
GEN-00065,Delivered,2026-08-12T02:32:34Z
GEN-00066,Order Created,2026-08-06T18:37:54Z
GEN-00066,Payment Attempt,2026-08-06T18:50:33Z
GEN-00066,Payment Received,2026-08-06T18:54:05Z
GEN-00066,Packed,2026-08-07T00:37:52Z
GEN-00066,Inspected,2026-08-07T01:08:27Z
GEN-00066,Shipped,2026-08-07T04:37:22Z
GEN-00066,Delivered,2026-08-07T08:40:18Z
GEN-00067,Order Created,2026-08-03T08:14:47Z
GEN-00067,Payment Received,2026-08-03T08:29:38Z
GEN-00067,Packed,2026-08-03T18:34:34Z
GEN-00067,Inspected,2026-08-03T19:20:17Z
GEN-00067,Shipped,2026-08-03T20:34:10Z
GEN-00067,Delivered,2026-08-03T22:41:08Z
GEN-00068,Order Created,2026-08-04T16:57:12Z
GEN-00068,Payment Received,2026-08-04T17:01:50Z
GEN-00068,Packed,2026-08-04T19:54:42Z
GEN-00068,Inspected,2026-08-04T20:30:17Z
GEN-00068,Shipped,2026-08-05T00:22:22Z
GEN-00069,Order Created,2026-08-13T19:47:41Z
GEN-00069,Payment Received,2026-08-13T19:50:07Z
GEN-00069,Packed,2026-08-13T21:37:43Z
GEN-00070,Order Created,2026-08-10T15:17:55Z
GEN-00070,Payment Received,2026-08-10T15:26:08Z
GEN-00070,Packed,2026-08-11T00:42:43Z
GEN-00070,Inspected,2026-08-11T01:27:29Z
GEN-00070,Shipped,2026-08-11T03:13:39Z
GEN-00070,Delivered,2026-08-11T05:46:21Z
GEN-00071,Order Created,2026-08-10T13:30:46Z
GEN-00071,Payment Received,2026-08-10T13:50:16Z
GEN-00071,Packed,2026-08-10T18:59:09Z
GEN-00071,Inspected,2026-08-10T19:57:29Z
GEN-00071,Shipped,2026-08-10T23:00:19Z
GEN-00071,Delivered,2026-08-11T02:44:24Z
GEN-00072,Order Created,2026-08-03T18:47:23Z
GEN-00072,Payment Received,2026-08-03T18:51:36Z
GEN-00072,Packed,2026-08-04T00:51:58Z
GEN-00072,Inspected,2026-08-04T01:51:43Z
GEN-00072,Shipped,2026-08-04T05:23:13Z
GEN-00072,Delivered,2026-08-04T08:12:05Z
GEN-00073,Order Created,2026-08-04T09:17:54Z
GEN-00073,Payment Received,2026-08-04T09:21:35Z
GEN-00073,Packed,2026-08-05T05:20:00Z
GEN-00073,Inspected,2026-08-05T05:43:14Z
GEN-00073,Shipped,2026-08-05T08:07:23Z
GEN-00073,Delivered,2026-08-05T10:35:29Z
GEN-00074,Order Created,2026-08-14T19:25:42Z
GEN-00074,Payment Received,2026-08-14T19:44:56Z
GEN-00074,Packed,2026-08-15T01:50:11Z
GEN-00074,Inspected,2026-08-15T02:37:20Z
GEN-00074,Packed,2026-08-15T05:11:03Z
GEN-00074,Inspected,2026-08-15T05:54:11Z
GEN-00074,Shipped,2026-08-15T06:59:09Z
GEN-00074,Delivered,2026-08-15T13:02:51Z
GEN-00075,Order Created,2026-08-08T18:12:23Z
GEN-00075,Payment Attempt,2026-08-08T18:23:36Z
GEN-00075,Payment Received,2026-08-08T18:30:14Z
GEN-00075,Packed,2026-08-09T03:39:17Z
GEN-00075,Inspected,2026-08-09T04:30:04Z
GEN-00075,Packed,2026-08-09T05:48:15Z
GEN-00075,Inspected,2026-08-09T06:26:08Z
GEN-00075,Shipped,2026-08-09T10:19:21Z
GEN-00075,Delivered,2026-08-09T16:20:23Z
GEN-00076,Order Created,2026-08-05T16:57:33Z
GEN-00076,Payment Attempt,2026-08-05T17:14:06Z
GEN-00076,Payment Received,2026-08-05T17:28:55Z
GEN-00076,Packed,2026-08-06T02:00:19Z
GEN-00076,Inspected,2026-08-06T02:50:52Z
GEN-00076,Shipped,2026-08-06T06:33:05Z
GEN-00076,Delivered,2026-08-06T09:47:48Z
GEN-00077,Order Created,2026-08-05T17:38:51Z
GEN-00077,Payment Received,2026-08-05T17:50:47Z
GEN-00077,Packed,2026-08-06T02:47:03Z
GEN-00077,Inspected,2026-08-06T03:41:26Z
GEN-00077,Shipped,2026-08-06T05:50:35Z
GEN-00077,Delivered,2026-08-06T09:09:39Z
GEN-00078,Order Created,2026-08-14T13:43:52Z
GEN-00078,Payment Received,2026-08-14T13:54:43Z
GEN-00078,Packed,2026-08-14T17:44:01Z
GEN-00078,Inspected,2026-08-14T18:33:53Z
GEN-00078,Packed,2026-08-14T21:02:51Z
GEN-00078,Inspected,2026-08-14T21:44:53Z
GEN-00078,Packed,2026-08-14T22:56:52Z
GEN-00078,Inspected,2026-08-14T23:19:22Z
GEN-00078,Packed,2026-08-15T02:16:34Z
GEN-00078,Inspected,2026-08-15T02:50:36Z
GEN-00078,Shipped,2026-08-15T05:02:50Z
GEN-00078,Delivered,2026-08-15T07:16:40Z
GEN-00079,Order Created,2026-08-05T13:14:24Z
GEN-00079,Payment Received,2026-08-05T13:21:48Z
GEN-00079,Packed,2026-08-05T15:59:37Z
GEN-00079,Inspected,2026-08-05T16:53:26Z
GEN-00079,Shipped,2026-08-05T20:45:29Z
GEN-00079,Delivered,2026-08-05T23:11:01Z
GEN-00080,Order Created,2026-08-14T10:40:37Z
GEN-00080,Payment Attempt,2026-08-14T10:53:04Z
GEN-00080,Payment Attempt,2026-08-14T11:03:05Z
GEN-00080,Payment Received,2026-08-14T11:10:27Z
GEN-00080,Packed,2026-08-14T20:19:36Z
GEN-00081,Order Created,2026-08-06T17:15:03Z
GEN-00081,Payment Received,2026-08-06T17:32:13Z
GEN-00081,Packed,2026-08-07T01:02:30Z
GEN-00081,Inspected,2026-08-07T01:58:03Z
GEN-00081,Shipped,2026-08-07T03:49:49Z
GEN-00081,Delivered,2026-08-07T06:19:01Z
GEN-00082,Order Created,2026-08-09T18:25:38Z
GEN-00082,Payment Attempt,2026-08-09T18:49:54Z
GEN-00082,Payment Received,2026-08-09T18:54:48Z
GEN-00082,Packed,2026-08-10T02:22:56Z
GEN-00082,Inspected,2026-08-10T02:54:10Z
GEN-00082,Packed,2026-08-10T05:46:54Z
GEN-00082,Inspected,2026-08-10T06:45:27Z
GEN-00082,Shipped,2026-08-10T09:37:57Z
GEN-00082,Delivered,2026-08-10T12:39:16Z
GEN-00083,Order Created,2026-08-16T18:37:41Z
GEN-00083,Payment Attempt,2026-08-16T18:42:34Z
GEN-00083,Payment Received,2026-08-16T18:50:03Z
GEN-00083,Packed,2026-08-17T01:21:15Z
GEN-00083,Inspected,2026-08-17T01:54:55Z
GEN-00083,Packed,2026-08-17T03:07:29Z
GEN-00083,Inspected,2026-08-17T03:54:31Z
GEN-00083,Packed,2026-08-17T06:12:22Z
GEN-00083,Inspected,2026-08-17T06:36:50Z
GEN-00083,Shipped,2026-08-17T09:14:06Z
GEN-00083,Delivered,2026-08-17T13:08:03Z
GEN-00084,Order Created,2026-08-06T13:12:19Z
GEN-00084,Payment Received,2026-08-06T13:15:26Z
GEN-00084,Packed,2026-08-06T20:02:03Z
GEN-00084,Inspected,2026-08-06T20:56:13Z
GEN-00084,Packed,2026-08-06T23:37:01Z
GEN-00084,Inspected,2026-08-07T00:05:51Z
GEN-00084,Shipped,2026-08-07T01:07:18Z
GEN-00084,Delivered,2026-08-07T02:46:06Z
GEN-00085,Order Created,2026-08-03T17:44:28Z
GEN-00085,Payment Received,2026-08-03T17:51:44Z
GEN-00085,Packed,2026-08-04T02:16:06Z
GEN-00085,Inspected,2026-08-04T02:36:56Z
GEN-00085,Shipped,2026-08-04T05:48:28Z
GEN-00085,Delivered,2026-08-04T08:51:37Z
GEN-00086,Order Created,2026-08-12T13:03:36Z
GEN-00086,Payment Received,2026-08-12T13:10:41Z
GEN-00086,Packed,2026-08-12T17:08:21Z
GEN-00086,Inspected,2026-08-12T17:33:48Z
GEN-00086,Shipped,2026-08-12T21:12:01Z
GEN-00086,Delivered,2026-08-13T01:21:38Z
GEN-00087,Order Created,2026-08-04T10:06:31Z
GEN-00087,Payment Received,2026-08-04T10:13:19Z
GEN-00087,Packed,2026-08-04T12:54:12Z
GEN-00087,Inspected,2026-08-04T13:25:19Z
GEN-00087,Packed,2026-08-04T15:25:25Z
GEN-00087,Inspected,2026-08-04T16:21:01Z
GEN-00087,Shipped,2026-08-04T17:36:07Z
GEN-00087,Delivered,2026-08-04T19:52:50Z
GEN-00088,Order Created,2026-08-10T12:49:26Z
GEN-00088,Payment Received,2026-08-10T12:54:29Z
GEN-00088,Packed,2026-08-10T20:36:16Z
GEN-00088,Inspected,2026-08-10T21:01:58Z
GEN-00088,Shipped,2026-08-10T22:30:43Z
GEN-00088,Delivered,2026-08-10T23:49:20Z
GEN-00089,Order Created,2026-08-04T10:21:45Z
GEN-00089,Payment Received,2026-08-04T10:29:18Z
GEN-00089,Packed,2026-08-04T14:52:06Z
GEN-00089,Inspected,2026-08-04T15:28:30Z
GEN-00089,Shipped,2026-08-04T18:32:39Z
GEN-00089,Delivered,2026-08-04T21:13:39Z
GEN-00090,Order Created,2026-08-03T16:50:49Z
GEN-00090,Payment Received,2026-08-03T17:05:28Z
GEN-00090,Packed,2026-08-03T19:19:05Z
GEN-00090,Inspected,2026-08-03T19:55:26Z
GEN-00090,Shipped,2026-08-03T21:14:09Z
GEN-00090,Delivered,2026-08-04T02:09:44Z
GEN-00091,Order Created,2026-08-06T14:54:46Z
GEN-00091,Payment Received,2026-08-06T14:57:48Z
GEN-00091,Packed,2026-08-06T20:40:47Z
GEN-00091,Inspected,2026-08-06T21:19:08Z
GEN-00091,Shipped,2026-08-06T23:45:22Z
GEN-00091,Delivered,2026-08-07T03:23:22Z
GEN-00092,Order Created,2026-08-14T10:06:54Z
GEN-00092,Payment Received,2026-08-14T10:21:22Z
GEN-00092,Packed,2026-08-14T12:45:58Z
GEN-00092,Inspected,2026-08-14T13:36:07Z
GEN-00092,Shipped,2026-08-14T15:40:26Z
GEN-00092,Delivered,2026-08-15T00:58:14Z
GEN-00093,Order Created,2026-08-10T15:50:11Z
GEN-00093,Payment Received,2026-08-10T16:01:29Z
GEN-00093,Packed,2026-08-10T18:39:01Z
GEN-00093,Inspected,2026-08-10T19:31:37Z
GEN-00093,Shipped,2026-08-10T23:26:26Z
GEN-00093,Delivered,2026-08-11T01:56:24Z
GEN-00094,Order Created,2026-08-13T13:59:20Z
GEN-00094,Payment Attempt,2026-08-13T14:16:17Z
GEN-00094,Payment Attempt,2026-08-13T14:35:13Z
GEN-00094,Payment Received,2026-08-13T14:48:28Z
GEN-00094,Packed,2026-08-13T19:18:13Z
GEN-00095,Order Created,2026-08-11T14:38:32Z
GEN-00095,Payment Received,2026-08-11T14:56:55Z
GEN-00095,Packed,2026-08-12T00:05:02Z
GEN-00095,Inspected,2026-08-12T00:50:22Z
GEN-00095,Shipped,2026-08-12T03:20:25Z
GEN-00095,Delivered,2026-08-12T06:18:37Z
GEN-00096,Order Created,2026-08-10T10:07:45Z
GEN-00096,Payment Received,2026-08-10T10:20:49Z
GEN-00096,Packed,2026-08-10T15:04:32Z
GEN-00096,Inspected,2026-08-10T15:58:23Z
GEN-00096,Shipped,2026-08-10T18:21:36Z
GEN-00096,Delivered,2026-08-10T21:35:27Z
GEN-00097,Order Created,2026-08-13T09:31:44Z
GEN-00097,Payment Received,2026-08-13T09:45:34Z
GEN-00097,Packed,2026-08-13T17:24:38Z
GEN-00097,Inspected,2026-08-13T18:02:35Z
GEN-00097,Shipped,2026-08-13T19:38:15Z
GEN-00097,Delivered,2026-08-14T00:21:40Z
GEN-00098,Order Created,2026-08-07T11:29:48Z
GEN-00098,Payment Attempt,2026-08-07T11:45:58Z
GEN-00098,Payment Received,2026-08-07T12:03:07Z
GEN-00098,Packed,2026-08-07T17:41:03Z
GEN-00098,Inspected,2026-08-07T18:26:04Z
GEN-00098,Shipped,2026-08-07T19:52:06Z
GEN-00098,Delivered,2026-08-07T21:30:36Z
GEN-00099,Order Created,2026-08-12T09:01:52Z
GEN-00099,Payment Received,2026-08-12T09:09:51Z
GEN-00099,Packed,2026-08-12T15:11:32Z
GEN-00099,Inspected,2026-08-12T15:59:42Z
GEN-00099,Shipped,2026-08-12T19:17:56Z
GEN-00099,Delivered,2026-08-12T21:42:58Z
GEN-00100,Order Created,2026-08-07T09:08:06Z
GEN-00100,Payment Received,2026-08-07T09:20:45Z
GEN-00100,Packed,2026-08-07T11:06:48Z
GEN-00100,Inspected,2026-08-07T11:49:52Z
GEN-00100,Shipped,2026-08-07T14:17:22Z
GEN-00100,Delivered,2026-08-07T16:17:34Z
GEN-00101,Order Created,2026-08-05T08:49:44Z
GEN-00101,Payment Received,2026-08-05T09:06:49Z
GEN-00101,Packed,2026-08-05T22:25:59Z
GEN-00101,Inspected,2026-08-05T23:01:04Z
GEN-00101,Packed,2026-08-06T00:13:50Z
GEN-00101,Inspected,2026-08-06T00:59:28Z
GEN-00101,Shipped,2026-08-06T02:05:49Z
GEN-00101,Delivered,2026-08-06T04:52:56Z
GEN-00102,Order Created,2026-08-14T13:17:10Z
GEN-00102,Payment Received,2026-08-14T13:37:01Z
GEN-00102,Packed,2026-08-15T04:43:39Z
GEN-00102,Inspected,2026-08-15T05:12:54Z
GEN-00102,Packed,2026-08-15T07:37:21Z
GEN-00102,Inspected,2026-08-15T08:31:10Z
GEN-00102,Shipped,2026-08-15T12:20:47Z
GEN-00102,Delivered,2026-08-15T18:00:32Z
GEN-00103,Order Created,2026-08-04T10:14:17Z
GEN-00103,Payment Received,2026-08-04T10:23:32Z
GEN-00103,Packed,2026-08-04T14:34:06Z
GEN-00103,Inspected,2026-08-04T15:22:38Z
GEN-00103,Shipped,2026-08-04T18:35:01Z
GEN-00103,Delivered,2026-08-04T23:55:09Z
GEN-00104,Order Created,2026-08-16T13:37:58Z
GEN-00104,Payment Received,2026-08-16T13:40:37Z
GEN-00104,Packed,2026-08-16T21:38:16Z
GEN-00104,Inspected,2026-08-16T22:26:42Z
GEN-00104,Shipped,2026-08-17T01:57:48Z
GEN-00104,Delivered,2026-08-17T08:14:32Z
GEN-00105,Order Created,2026-08-11T11:06:25Z
GEN-00105,Payment Received,2026-08-11T11:22:25Z
GEN-00105,Packed,2026-08-11T15:54:40Z
GEN-00105,Inspected,2026-08-11T16:48:10Z
GEN-00105,Shipped,2026-08-11T18:53:43Z
GEN-00105,Delivered,2026-08-11T20:28:40Z
GEN-00106,Order Created,2026-08-05T14:13:38Z
GEN-00106,Payment Received,2026-08-05T14:20:17Z
GEN-00106,Packed,2026-08-06T05:53:26Z
GEN-00106,Inspected,2026-08-06T06:18:45Z
GEN-00106,Packed,2026-08-06T07:48:59Z
GEN-00106,Inspected,2026-08-06T08:48:34Z
GEN-00106,Shipped,2026-08-06T09:55:43Z
GEN-00107,Order Created,2026-08-15T13:22:50Z
GEN-00107,Payment Received,2026-08-15T13:39:57Z
GEN-00107,Packed,2026-08-15T19:49:34Z
GEN-00107,Inspected,2026-08-15T20:17:06Z
GEN-00107,Shipped,2026-08-15T23:22:48Z
GEN-00107,Delivered,2026-08-16T04:09:36Z
GEN-00108,Order Created,2026-08-05T13:53:42Z
GEN-00108,Payment Received,2026-08-05T14:01:02Z
GEN-00108,Packed,2026-08-05T15:08:47Z
GEN-00108,Inspected,2026-08-05T15:37:46Z
GEN-00108,Shipped,2026-08-05T17:42:17Z
GEN-00108,Delivered,2026-08-05T20:50:02Z
GEN-00109,Order Created,2026-08-07T11:08:03Z
GEN-00109,Payment Attempt,2026-08-07T11:14:40Z
GEN-00109,Payment Received,2026-08-07T11:21:33Z
GEN-00109,Packed,2026-08-08T01:59:59Z
GEN-00109,Inspected,2026-08-08T02:24:04Z
GEN-00109,Shipped,2026-08-08T04:56:52Z
GEN-00109,Delivered,2026-08-08T06:52:06Z
GEN-00110,Order Created,2026-08-12T08:57:17Z
GEN-00110,Payment Received,2026-08-12T09:10:00Z
GEN-00110,Packed,2026-08-12T13:58:53Z
GEN-00110,Inspected,2026-08-12T14:40:21Z
GEN-00110,Packed,2026-08-12T15:46:58Z
GEN-00110,Inspected,2026-08-12T16:29:41Z
GEN-00110,Shipped,2026-08-12T18:38:42Z
GEN-00110,Delivered,2026-08-12T21:38:55Z
GEN-00111,Order Created,2026-08-04T12:12:34Z
GEN-00111,Payment Received,2026-08-04T12:17:56Z
GEN-00111,Packed,2026-08-04T21:45:59Z
GEN-00111,Inspected,2026-08-04T22:38:28Z
GEN-00111,Shipped,2026-08-05T00:37:27Z
GEN-00111,Delivered,2026-08-05T02:50:28Z
GEN-00112,Order Created,2026-08-04T10:26:35Z
GEN-00112,Payment Received,2026-08-04T10:30:56Z
GEN-00112,Packed,2026-08-04T15:11:02Z
GEN-00113,Order Created,2026-08-10T18:23:46Z
GEN-00113,Payment Received,2026-08-10T18:27:57Z
GEN-00113,Packed,2026-08-10T20:19:49Z
GEN-00113,Inspected,2026-08-10T21:15:11Z
GEN-00113,Shipped,2026-08-10T23:36:03Z
GEN-00113,Delivered,2026-08-11T01:25:20Z
GEN-00114,Order Created,2026-08-04T19:28:57Z
GEN-00114,Payment Received,2026-08-04T19:46:23Z
GEN-00114,Packed,2026-08-05T01:24:32Z
GEN-00114,Inspected,2026-08-05T01:47:33Z
GEN-00114,Shipped,2026-08-05T05:44:36Z
GEN-00114,Delivered,2026-08-05T08:38:26Z
GEN-00115,Order Created,2026-08-07T12:56:37Z
GEN-00115,Payment Received,2026-08-07T13:00:13Z
GEN-00115,Packed,2026-08-08T05:25:34Z
GEN-00115,Inspected,2026-08-08T05:47:45Z
GEN-00115,Shipped,2026-08-08T07:24:42Z
GEN-00115,Delivered,2026-08-08T09:34:31Z
GEN-00116,Order Created,2026-08-14T15:36:06Z
GEN-00116,Payment Attempt,2026-08-14T15:39:14Z
GEN-00116,Payment Received,2026-08-14T15:54:21Z
GEN-00116,Packed,2026-08-14T22:03:48Z
GEN-00116,Inspected,2026-08-14T22:51:35Z
GEN-00116,Shipped,2026-08-15T00:09:25Z
GEN-00116,Delivered,2026-08-15T03:56:03Z
GEN-00117,Order Created,2026-08-04T14:44:04Z
GEN-00117,Payment Received,2026-08-04T15:01:25Z
GEN-00117,Packed,2026-08-04T19:29:20Z
GEN-00117,Inspected,2026-08-04T20:22:13Z
GEN-00117,Shipped,2026-08-04T23:54:23Z
GEN-00117,Delivered,2026-08-05T04:41:34Z
GEN-00118,Order Created,2026-08-11T19:54:43Z
GEN-00118,Payment Received,2026-08-11T20:03:16Z
GEN-00118,Packed,2026-08-12T02:55:19Z
GEN-00118,Inspected,2026-08-12T03:47:27Z
GEN-00118,Packed,2026-08-12T05:58:29Z
GEN-00118,Inspected,2026-08-12T06:58:19Z
GEN-00118,Packed,2026-08-12T09:57:36Z
GEN-00118,Inspected,2026-08-12T10:29:18Z
GEN-00118,Shipped,2026-08-12T14:13:19Z
GEN-00118,Delivered,2026-08-12T18:51:17Z
GEN-00119,Order Created,2026-08-03T10:41:18Z
GEN-00119,Payment Attempt,2026-08-03T10:52:45Z
GEN-00119,Payment Attempt,2026-08-03T11:07:54Z
GEN-00119,Payment Received,2026-08-03T11:14:39Z
GEN-00119,Packed,2026-08-03T17:52:18Z
GEN-00119,Inspected,2026-08-03T18:30:53Z
GEN-00119,Shipped,2026-08-03T21:51:03Z
GEN-00119,Delivered,2026-08-04T00:36:25Z
GEN-00120,Order Created,2026-08-11T17:01:54Z
GEN-00120,Payment Received,2026-08-11T17:05:43Z
GEN-00120,Packed,2026-08-11T21:13:57Z
GEN-00120,Inspected,2026-08-11T22:06:28Z
GEN-00120,Shipped,2026-08-12T00:42:11Z
GEN-00120,Delivered,2026-08-12T02:57:43Z
GEN-00121,Order Created,2026-08-10T13:05:43Z
GEN-00121,Payment Received,2026-08-10T13:15:54Z
GEN-00121,Packed,2026-08-10T18:44:59Z
GEN-00121,Inspected,2026-08-10T19:14:46Z
GEN-00121,Packed,2026-08-10T20:47:02Z
GEN-00121,Inspected,2026-08-10T21:12:49Z
GEN-00121,Shipped,2026-08-10T23:39:57Z
GEN-00121,Delivered,2026-08-11T05:10:36Z
GEN-00122,Order Created,2026-08-04T16:24:42Z
GEN-00122,Payment Received,2026-08-04T16:39:39Z
GEN-00122,Packed,2026-08-05T02:10:30Z
GEN-00122,Inspected,2026-08-05T03:01:59Z
GEN-00122,Shipped,2026-08-05T04:37:52Z
GEN-00122,Delivered,2026-08-05T10:41:45Z
GEN-00123,Order Created,2026-08-05T12:42:32Z
GEN-00123,Payment Received,2026-08-05T12:58:42Z
GEN-00123,Packed,2026-08-06T00:41:09Z
GEN-00123,Inspected,2026-08-06T01:37:34Z
GEN-00123,Shipped,2026-08-06T04:18:07Z
GEN-00123,Delivered,2026-08-06T07:25:23Z
GEN-00124,Order Created,2026-08-12T11:52:18Z
GEN-00124,Payment Received,2026-08-12T12:08:11Z
GEN-00124,Packed,2026-08-12T23:16:18Z
GEN-00124,Inspected,2026-08-13T00:13:45Z
GEN-00124,Shipped,2026-08-13T02:21:15Z
GEN-00124,Delivered,2026-08-13T04:04:59Z
GEN-00125,Order Created,2026-08-12T09:47:44Z
GEN-00125,Payment Received,2026-08-12T09:59:16Z
GEN-00125,Packed,2026-08-12T19:36:22Z
GEN-00125,Inspected,2026-08-12T20:28:22Z
GEN-00125,Shipped,2026-08-13T00:15:29Z
GEN-00125,Delivered,2026-08-13T01:32:22Z
GEN-00126,Order Created,2026-08-06T17:46:40Z
GEN-00126,Payment Received,2026-08-06T17:55:48Z
GEN-00126,Packed,2026-08-06T22:16:28Z
GEN-00126,Inspected,2026-08-06T22:36:51Z
GEN-00126,Shipped,2026-08-07T02:03:25Z
GEN-00126,Delivered,2026-08-07T04:23:39Z
GEN-00127,Order Created,2026-08-03T18:15:01Z
GEN-00127,Payment Received,2026-08-03T18:26:27Z
GEN-00127,Packed,2026-08-04T00:07:10Z
GEN-00127,Inspected,2026-08-04T00:31:22Z
GEN-00127,Shipped,2026-08-04T04:16:17Z
GEN-00128,Order Created,2026-08-15T09:59:18Z
GEN-00128,Payment Received,2026-08-15T10:11:52Z
GEN-00128,Packed,2026-08-15T17:28:59Z
GEN-00129,Order Created,2026-08-04T16:00:13Z
GEN-00129,Payment Attempt,2026-08-04T16:14:00Z
GEN-00129,Payment Attempt,2026-08-04T16:26:01Z
GEN-00129,Payment Received,2026-08-04T16:42:20Z
GEN-00129,Packed,2026-08-05T04:53:30Z
GEN-00129,Inspected,2026-08-05T05:17:47Z
GEN-00129,Packed,2026-08-05T07:00:51Z
GEN-00129,Inspected,2026-08-05T07:51:51Z
GEN-00129,Packed,2026-08-05T09:23:56Z
GEN-00129,Inspected,2026-08-05T10:20:20Z
GEN-00129,Packed,2026-08-05T11:36:59Z
GEN-00129,Inspected,2026-08-05T11:58:48Z
GEN-00129,Shipped,2026-08-05T13:20:42Z
GEN-00129,Delivered,2026-08-05T16:26:05Z
GEN-00130,Order Created,2026-08-14T12:20:51Z
GEN-00130,Payment Received,2026-08-14T12:29:54Z
GEN-00130,Packed,2026-08-14T18:56:00Z
GEN-00130,Inspected,2026-08-14T19:18:21Z
GEN-00130,Shipped,2026-08-14T21:46:00Z
GEN-00130,Delivered,2026-08-15T01:27:06Z
GEN-00131,Order Created,2026-08-11T15:46:02Z
GEN-00131,Payment Received,2026-08-11T15:54:01Z
GEN-00131,Packed,2026-08-11T23:33:57Z
GEN-00131,Inspected,2026-08-12T00:09:26Z
GEN-00131,Packed,2026-08-12T02:01:26Z
GEN-00131,Inspected,2026-08-12T02:46:40Z
GEN-00131,Shipped,2026-08-12T04:32:16Z
GEN-00131,Delivered,2026-08-12T09:02:42Z
GEN-00132,Order Created,2026-08-10T08:45:12Z
GEN-00132,Payment Received,2026-08-10T08:57:20Z
GEN-00132,Packed,2026-08-10T17:03:06Z
GEN-00132,Inspected,2026-08-10T17:52:25Z
GEN-00132,Shipped,2026-08-10T19:41:23Z
GEN-00132,Delivered,2026-08-10T21:33:48Z
GEN-00133,Order Created,2026-08-12T08:51:52Z
GEN-00133,Payment Received,2026-08-12T08:57:42Z
GEN-00133,Packed,2026-08-12T19:49:24Z
GEN-00133,Inspected,2026-08-12T20:10:30Z
GEN-00133,Shipped,2026-08-12T23:38:57Z
GEN-00133,Delivered,2026-08-13T02:14:52Z
GEN-00134,Order Created,2026-08-15T18:57:35Z
GEN-00134,Payment Attempt,2026-08-15T19:09:18Z
GEN-00134,Payment Received,2026-08-15T19:12:07Z
GEN-00134,Packed,2026-08-16T02:33:39Z
GEN-00134,Inspected,2026-08-16T03:32:16Z
GEN-00134,Shipped,2026-08-16T05:30:17Z
GEN-00134,Delivered,2026-08-16T08:27:54Z
GEN-00135,Order Created,2026-08-05T19:33:04Z
GEN-00135,Payment Received,2026-08-05T19:51:06Z
GEN-00135,Packed,2026-08-06T01:14:38Z
GEN-00135,Inspected,2026-08-06T01:57:51Z
GEN-00135,Shipped,2026-08-06T05:22:11Z
GEN-00135,Delivered,2026-08-06T09:10:37Z
GEN-00136,Order Created,2026-08-10T10:37:41Z
GEN-00136,Payment Attempt,2026-08-10T10:49:09Z
GEN-00136,Payment Received,2026-08-10T11:06:20Z
GEN-00136,Packed,2026-08-10T12:38:27Z
GEN-00136,Inspected,2026-08-10T13:33:39Z
GEN-00136,Shipped,2026-08-10T16:10:00Z
GEN-00136,Delivered,2026-08-10T19:08:07Z
GEN-00137,Order Created,2026-08-11T12:59:56Z
GEN-00137,Payment Received,2026-08-11T13:19:33Z
GEN-00137,Packed,2026-08-11T21:02:18Z
GEN-00137,Inspected,2026-08-11T21:27:49Z
GEN-00137,Packed,2026-08-11T22:52:17Z
GEN-00137,Inspected,2026-08-11T23:33:19Z
GEN-00137,Shipped,2026-08-12T02:54:14Z
GEN-00137,Delivered,2026-08-12T10:58:37Z
GEN-00138,Order Created,2026-08-06T11:19:06Z
GEN-00138,Payment Attempt,2026-08-06T11:37:40Z
GEN-00138,Payment Attempt,2026-08-06T11:49:04Z
GEN-00138,Payment Received,2026-08-06T12:05:53Z
GEN-00138,Packed,2026-08-06T22:56:32Z
GEN-00138,Inspected,2026-08-06T23:44:19Z
GEN-00138,Shipped,2026-08-07T03:02:10Z
GEN-00138,Delivered,2026-08-07T04:58:39Z
GEN-00139,Order Created,2026-08-03T10:49:52Z
GEN-00139,Payment Received,2026-08-03T10:53:45Z
GEN-00139,Packed,2026-08-03T19:16:55Z
GEN-00139,Inspected,2026-08-03T19:58:55Z
GEN-00139,Shipped,2026-08-03T23:11:23Z
GEN-00140,Order Created,2026-08-12T13:52:22Z
GEN-00140,Payment Received,2026-08-12T14:00:28Z
GEN-00140,Packed,2026-08-12T18:33:58Z
GEN-00140,Inspected,2026-08-12T19:28:31Z
GEN-00140,Shipped,2026-08-12T20:47:07Z
GEN-00140,Delivered,2026-08-12T22:53:42Z
GEN-00141,Order Created,2026-08-10T14:23:37Z
GEN-00142,Order Created,2026-08-05T11:49:25Z
GEN-00142,Payment Received,2026-08-05T11:53:56Z
GEN-00142,Packed,2026-08-05T14:24:35Z
GEN-00142,Inspected,2026-08-05T14:54:48Z
GEN-00142,Packed,2026-08-05T17:38:14Z
GEN-00142,Inspected,2026-08-05T18:21:17Z
GEN-00142,Shipped,2026-08-05T19:35:24Z
GEN-00142,Delivered,2026-08-06T00:37:15Z
GEN-00143,Order Created,2026-08-07T09:25:01Z
GEN-00143,Payment Received,2026-08-07T09:44:08Z
GEN-00143,Packed,2026-08-07T20:35:29Z
GEN-00143,Inspected,2026-08-07T21:02:37Z
GEN-00143,Shipped,2026-08-07T22:56:43Z
GEN-00143,Delivered,2026-08-08T01:38:18Z
GEN-00144,Order Created,2026-08-13T12:37:00Z
GEN-00144,Payment Attempt,2026-08-13T12:52:36Z
GEN-00144,Payment Received,2026-08-13T12:54:57Z
GEN-00144,Packed,2026-08-13T21:14:28Z
GEN-00144,Inspected,2026-08-13T22:09:38Z
GEN-00144,Packed,2026-08-13T23:57:10Z
GEN-00144,Inspected,2026-08-14T00:30:59Z
GEN-00144,Shipped,2026-08-14T02:34:12Z
GEN-00144,Delivered,2026-08-14T04:33:18Z
GEN-00145,Order Created,2026-08-12T15:50:39Z
GEN-00145,Payment Received,2026-08-12T16:06:20Z
GEN-00145,Packed,2026-08-12T21:28:29Z
GEN-00145,Inspected,2026-08-12T22:20:59Z
GEN-00145,Shipped,2026-08-12T23:58:22Z
GEN-00145,Delivered,2026-08-13T03:19:59Z
GEN-00146,Order Created,2026-08-11T17:27:40Z
GEN-00146,Payment Received,2026-08-11T17:39:18Z
GEN-00146,Packed,2026-08-12T01:18:33Z
GEN-00146,Inspected,2026-08-12T02:11:15Z
GEN-00146,Shipped,2026-08-12T03:38:00Z
GEN-00146,Delivered,2026-08-12T07:02:57Z
GEN-00147,Order Created,2026-08-13T08:31:20Z
GEN-00147,Payment Received,2026-08-13T08:36:42Z
GEN-00147,Packed,2026-08-13T14:44:02Z
GEN-00147,Inspected,2026-08-13T15:13:30Z
GEN-00147,Packed,2026-08-13T17:05:47Z
GEN-00147,Inspected,2026-08-13T17:53:15Z
GEN-00147,Packed,2026-08-13T20:09:01Z
GEN-00147,Inspected,2026-08-13T20:30:46Z
GEN-00147,Packed,2026-08-13T22:27:07Z
GEN-00147,Inspected,2026-08-13T23:02:14Z
GEN-00147,Shipped,2026-08-14T01:29:36Z
GEN-00147,Delivered,2026-08-14T04:07:46Z
GEN-00148,Order Created,2026-08-05T13:04:47Z
GEN-00148,Payment Attempt,2026-08-05T13:27:07Z
GEN-00148,Payment Received,2026-08-05T13:42:35Z
GEN-00148,Packed,2026-08-05T21:00:18Z
GEN-00149,Order Created,2026-08-10T17:22:24Z
GEN-00149,Payment Received,2026-08-10T17:34:49Z
GEN-00149,Packed,2026-08-10T22:03:35Z
GEN-00149,Inspected,2026-08-10T23:01:41Z
GEN-00149,Shipped,2026-08-11T00:49:04Z
GEN-00149,Delivered,2026-08-11T03:40:19Z
GEN-00150,Order Created,2026-08-05T11:11:24Z
GEN-00150,Payment Received,2026-08-05T11:17:13Z
GEN-00150,Packed,2026-08-05T23:37:38Z
GEN-00150,Inspected,2026-08-06T00:22:33Z
GEN-00150,Packed,2026-08-06T01:49:06Z
GEN-00150,Inspected,2026-08-06T02:33:37Z
GEN-00150,Shipped,2026-08-06T06:08:30Z
GEN-00150,Delivered,2026-08-06T08:34:22Z
GEN-00151,Order Created,2026-08-07T13:12:08Z
GEN-00151,Payment Attempt,2026-08-07T13:18:33Z
GEN-00151,Payment Received,2026-08-07T13:22:49Z
GEN-00151,Packed,2026-08-07T23:10:44Z
GEN-00151,Inspected,2026-08-07T23:43:58Z
GEN-00151,Shipped,2026-08-08T02:25:03Z
GEN-00151,Delivered,2026-08-08T06:21:53Z
GEN-00152,Order Created,2026-08-06T14:25:16Z
GEN-00152,Payment Received,2026-08-06T14:35:55Z
GEN-00152,Packed,2026-08-06T17:20:30Z
GEN-00152,Inspected,2026-08-06T18:16:52Z
GEN-00152,Packed,2026-08-06T20:40:01Z
GEN-00152,Inspected,2026-08-06T21:21:55Z
GEN-00152,Shipped,2026-08-07T00:18:51Z
GEN-00152,Delivered,2026-08-07T01:47:54Z
GEN-00153,Order Created,2026-08-11T15:47:21Z
GEN-00153,Payment Received,2026-08-11T15:58:08Z
GEN-00153,Packed,2026-08-11T23:07:32Z
GEN-00153,Inspected,2026-08-11T23:46:18Z
GEN-00153,Shipped,2026-08-12T02:33:43Z
GEN-00153,Delivered,2026-08-12T06:02:53Z
GEN-00154,Order Created,2026-08-06T15:07:01Z
GEN-00154,Payment Received,2026-08-06T15:15:51Z
GEN-00154,Packed,2026-08-06T17:45:54Z
GEN-00154,Inspected,2026-08-06T18:18:59Z
GEN-00154,Shipped,2026-08-06T20:33:00Z
GEN-00154,Delivered,2026-08-06T22:37:27Z
GEN-00155,Order Created,2026-08-11T09:25:10Z
GEN-00155,Payment Received,2026-08-11T09:29:33Z
GEN-00155,Packed,2026-08-11T19:25:23Z
GEN-00155,Inspected,2026-08-11T20:24:58Z
GEN-00155,Shipped,2026-08-11T23:46:18Z
GEN-00155,Delivered,2026-08-12T03:59:04Z
GEN-00156,Order Created,2026-08-13T15:58:05Z
GEN-00156,Payment Attempt,2026-08-13T16:20:46Z
GEN-00156,Payment Received,2026-08-13T16:39:41Z
GEN-00156,Packed,2026-08-14T04:26:44Z
GEN-00156,Inspected,2026-08-14T05:25:35Z
GEN-00156,Packed,2026-08-14T07:54:44Z
GEN-00156,Inspected,2026-08-14T08:17:11Z
GEN-00156,Shipped,2026-08-14T10:16:03Z
GEN-00156,Delivered,2026-08-14T12:30:53Z
GEN-00157,Order Created,2026-08-06T14:33:58Z
GEN-00157,Payment Received,2026-08-06T14:52:08Z
GEN-00157,Packed,2026-08-06T19:47:59Z
GEN-00157,Inspected,2026-08-06T20:23:57Z
GEN-00157,Shipped,2026-08-06T22:31:11Z
GEN-00157,Delivered,2026-08-07T01:52:26Z
GEN-00158,Order Created,2026-08-11T13:58:31Z
GEN-00158,Payment Received,2026-08-11T14:14:06Z
GEN-00158,Packed,2026-08-12T00:12:39Z
GEN-00158,Inspected,2026-08-12T00:55:14Z
GEN-00158,Shipped,2026-08-12T04:52:22Z
GEN-00158,Delivered,2026-08-12T06:32:24Z
GEN-00159,Order Created,2026-08-09T12:59:28Z
GEN-00159,Payment Received,2026-08-09T13:07:04Z
GEN-00159,Packed,2026-08-10T16:46:13Z
GEN-00159,Inspected,2026-08-10T17:17:57Z
GEN-00159,Shipped,2026-08-10T20:18:21Z
GEN-00159,Delivered,2026-08-11T01:26:32Z
GEN-00160,Order Created,2026-08-09T14:33:54Z
GEN-00160,Payment Attempt,2026-08-09T14:42:09Z
GEN-00160,Payment Received,2026-08-09T14:50:32Z
GEN-00160,Packed,2026-08-10T09:42:37Z
GEN-00160,Inspected,2026-08-10T10:03:38Z
GEN-00160,Shipped,2026-08-10T11:56:20Z
GEN-00160,Delivered,2026-08-10T16:17:30Z
GEN-00161,Order Created,2026-08-08T15:57:53Z
GEN-00161,Payment Attempt,2026-08-08T16:10:55Z
GEN-00161,Payment Received,2026-08-08T16:30:16Z
GEN-00161,Packed,2026-08-09T08:57:02Z
GEN-00161,Inspected,2026-08-09T09:17:04Z
GEN-00161,Shipped,2026-08-09T11:39:43Z
GEN-00161,Delivered,2026-08-09T15:46:32Z
GEN-00162,Order Created,2026-08-14T10:36:02Z
GEN-00162,Payment Attempt,2026-08-14T10:41:32Z
GEN-00162,Payment Received,2026-08-14T10:55:27Z
GEN-00162,Packed,2026-08-14T21:40:36Z
GEN-00162,Inspected,2026-08-14T22:37:54Z
GEN-00162,Shipped,2026-08-15T01:43:38Z
GEN-00162,Delivered,2026-08-15T07:30:18Z
GEN-00163,Order Created,2026-08-05T16:01:47Z
GEN-00163,Payment Received,2026-08-05T16:07:00Z
GEN-00163,Packed,2026-08-05T20:49:10Z
GEN-00163,Inspected,2026-08-05T21:29:21Z
GEN-00163,Shipped,2026-08-05T22:54:39Z
GEN-00164,Order Created,2026-08-10T11:16:09Z
GEN-00164,Payment Attempt,2026-08-10T11:34:24Z
GEN-00164,Payment Received,2026-08-10T11:40:14Z
GEN-00164,Packed,2026-08-10T16:12:51Z
GEN-00164,Inspected,2026-08-10T16:48:01Z
GEN-00164,Shipped,2026-08-10T18:23:54Z
GEN-00164,Delivered,2026-08-10T20:45:39Z
GEN-00165,Order Created,2026-08-14T19:59:53Z
GEN-00165,Payment Attempt,2026-08-14T20:19:40Z
GEN-00165,Payment Received,2026-08-14T20:25:14Z
GEN-00165,Packed,2026-08-15T03:04:08Z
GEN-00165,Inspected,2026-08-15T03:54:04Z
GEN-00165,Shipped,2026-08-15T07:53:18Z
GEN-00165,Delivered,2026-08-15T10:13:21Z
GEN-00166,Order Created,2026-08-06T19:57:39Z
GEN-00167,Order Created,2026-08-13T09:05:18Z
GEN-00167,Payment Received,2026-08-13T09:24:11Z
GEN-00167,Packed,2026-08-13T14:46:02Z
GEN-00167,Inspected,2026-08-13T15:23:21Z
GEN-00167,Shipped,2026-08-13T18:45:57Z
GEN-00167,Delivered,2026-08-13T23:10:47Z
GEN-00168,Order Created,2026-08-10T15:46:19Z
GEN-00168,Payment Received,2026-08-10T15:48:41Z
GEN-00168,Packed,2026-08-10T23:01:04Z
GEN-00168,Inspected,2026-08-10T23:27:28Z
GEN-00168,Shipped,2026-08-11T03:15:26Z
GEN-00168,Delivered,2026-08-11T06:09:36Z
GEN-00169,Order Created,2026-08-07T15:21:43Z
GEN-00169,Payment Received,2026-08-07T15:33:47Z
GEN-00169,Packed,2026-08-08T10:19:02Z
GEN-00169,Inspected,2026-08-08T11:11:03Z
GEN-00169,Shipped,2026-08-08T13:35:46Z
GEN-00169,Delivered,2026-08-08T14:34:20Z
GEN-00170,Order Created,2026-08-15T09:26:34Z
GEN-00170,Payment Received,2026-08-15T09:36:44Z
GEN-00170,Packed,2026-08-15T15:42:20Z
GEN-00170,Inspected,2026-08-15T16:27:13Z
GEN-00170,Shipped,2026-08-15T18:14:33Z
GEN-00170,Delivered,2026-08-15T21:10:02Z
GEN-00171,Order Created,2026-08-07T17:22:42Z
GEN-00171,Payment Attempt,2026-08-07T17:41:30Z
GEN-00171,Payment Received,2026-08-07T17:44:53Z
GEN-00171,Packed,2026-08-07T23:37:43Z
GEN-00171,Inspected,2026-08-08T00:10:26Z
GEN-00171,Shipped,2026-08-08T03:12:49Z
GEN-00171,Delivered,2026-08-08T04:44:45Z
GEN-00172,Order Created,2026-08-12T12:57:54Z
GEN-00172,Payment Received,2026-08-12T13:00:00Z
GEN-00172,Packed,2026-08-12T18:15:53Z
GEN-00172,Inspected,2026-08-12T18:51:29Z
GEN-00172,Packed,2026-08-12T21:05:43Z
GEN-00172,Inspected,2026-08-12T21:40:11Z
GEN-00172,Packed,2026-08-13T00:32:49Z
GEN-00172,Inspected,2026-08-13T01:13:19Z
GEN-00172,Shipped,2026-08-13T02:15:24Z
GEN-00172,Delivered,2026-08-13T05:23:40Z
GEN-00173,Order Created,2026-08-08T10:16:27Z
GEN-00173,Payment Received,2026-08-08T10:20:00Z
GEN-00173,Packed,2026-08-08T17:51:12Z
GEN-00173,Inspected,2026-08-08T18:32:06Z
GEN-00173,Shipped,2026-08-08T20:50:40Z
GEN-00173,Delivered,2026-08-09T00:14:57Z
GEN-00174,Order Created,2026-08-07T14:07:14Z
GEN-00174,Payment Received,2026-08-07T14:25:18Z
GEN-00174,Packed,2026-08-07T20:19:10Z
GEN-00174,Inspected,2026-08-07T20:42:05Z
GEN-00174,Shipped,2026-08-07T22:24:40Z
GEN-00174,Delivered,2026-08-08T00:25:17Z
GEN-00175,Order Created,2026-08-04T16:44:09Z
GEN-00175,Payment Attempt,2026-08-04T17:00:44Z
GEN-00175,Payment Received,2026-08-04T17:04:07Z
GEN-00175,Packed,2026-08-05T04:43:28Z
GEN-00175,Inspected,2026-08-05T05:33:35Z
GEN-00175,Shipped,2026-08-05T07:47:00Z
GEN-00176,Order Created,2026-08-08T12:04:54Z
GEN-00176,Payment Attempt,2026-08-08T12:13:14Z
GEN-00176,Payment Attempt,2026-08-08T12:23:49Z
GEN-00176,Payment Received,2026-08-08T12:43:22Z
GEN-00176,Packed,2026-08-08T16:53:12Z
GEN-00176,Inspected,2026-08-08T17:35:27Z
GEN-00176,Shipped,2026-08-08T20:54:00Z
GEN-00176,Delivered,2026-08-09T03:28:22Z
GEN-00177,Order Created,2026-08-07T10:01:18Z
GEN-00177,Payment Received,2026-08-07T10:08:14Z
GEN-00177,Packed,2026-08-07T21:32:59Z
GEN-00177,Inspected,2026-08-07T22:12:23Z
GEN-00177,Packed,2026-08-07T23:52:57Z
GEN-00177,Inspected,2026-08-08T00:52:52Z
GEN-00177,Shipped,2026-08-08T04:37:17Z
GEN-00177,Delivered,2026-08-08T07:25:38Z
GEN-00178,Order Created,2026-08-03T17:17:03Z
GEN-00178,Payment Received,2026-08-03T17:28:39Z
GEN-00178,Packed,2026-08-03T23:14:53Z
GEN-00178,Inspected,2026-08-03T23:49:18Z
GEN-00178,Packed,2026-08-04T01:32:19Z
GEN-00178,Inspected,2026-08-04T02:31:56Z
GEN-00178,Shipped,2026-08-04T05:56:32Z
GEN-00178,Delivered,2026-08-04T14:01:39Z
GEN-00179,Order Created,2026-08-04T14:08:34Z
GEN-00179,Payment Received,2026-08-04T14:10:58Z
GEN-00179,Packed,2026-08-04T17:44:15Z
GEN-00180,Order Created,2026-08-13T15:46:25Z
GEN-00180,Payment Received,2026-08-13T15:57:56Z
GEN-00180,Packed,2026-08-13T20:16:00Z
GEN-00180,Inspected,2026-08-13T20:57:27Z
GEN-00180,Shipped,2026-08-14T00:06:22Z
GEN-00180,Delivered,2026-08-14T03:24:15Z
GEN-00181,Order Created,2026-08-07T08:44:11Z
GEN-00181,Payment Received,2026-08-07T09:01:59Z
GEN-00181,Packed,2026-08-07T18:27:52Z
GEN-00181,Inspected,2026-08-07T18:55:09Z
GEN-00181,Packed,2026-08-07T20:12:22Z
GEN-00181,Inspected,2026-08-07T20:42:54Z
GEN-00181,Packed,2026-08-07T22:11:12Z
GEN-00181,Inspected,2026-08-07T22:55:47Z
GEN-00181,Shipped,2026-08-08T02:21:18Z
GEN-00182,Order Created,2026-08-14T19:05:52Z
GEN-00182,Payment Attempt,2026-08-14T19:29:28Z
GEN-00182,Payment Received,2026-08-14T19:36:12Z
GEN-00182,Packed,2026-08-15T09:22:01Z
GEN-00182,Inspected,2026-08-15T09:53:54Z
GEN-00182,Shipped,2026-08-15T11:42:19Z
GEN-00182,Delivered,2026-08-15T15:08:13Z
GEN-00183,Order Created,2026-08-05T17:24:06Z
GEN-00183,Payment Received,2026-08-05T17:30:38Z
GEN-00183,Packed,2026-08-05T21:05:40Z
GEN-00183,Inspected,2026-08-05T21:29:15Z
GEN-00183,Shipped,2026-08-05T23:53:34Z
GEN-00183,Delivered,2026-08-06T02:43:36Z
GEN-00184,Order Created,2026-08-10T09:46:58Z
GEN-00184,Payment Attempt,2026-08-10T10:02:30Z
GEN-00184,Payment Received,2026-08-10T10:05:25Z
GEN-00184,Packed,2026-08-10T17:32:05Z
GEN-00184,Inspected,2026-08-10T18:07:05Z
GEN-00184,Shipped,2026-08-10T19:08:33Z
GEN-00184,Delivered,2026-08-10T23:44:40Z
GEN-00185,Order Created,2026-08-09T18:35:11Z
GEN-00185,Payment Received,2026-08-09T18:40:05Z
GEN-00185,Packed,2026-08-10T11:51:09Z
GEN-00185,Inspected,2026-08-10T12:14:27Z
GEN-00185,Shipped,2026-08-10T13:19:48Z
GEN-00186,Order Created,2026-08-13T13:51:58Z
GEN-00186,Payment Received,2026-08-13T13:57:07Z
GEN-00186,Packed,2026-08-13T23:33:42Z
GEN-00186,Inspected,2026-08-14T00:27:19Z
GEN-00186,Packed,2026-08-14T03:06:03Z
GEN-00186,Inspected,2026-08-14T03:41:32Z
GEN-00186,Shipped,2026-08-14T05:53:36Z
GEN-00186,Delivered,2026-08-14T11:11:20Z
GEN-00187,Order Created,2026-08-12T17:53:32Z
GEN-00187,Payment Received,2026-08-12T17:58:48Z
GEN-00187,Packed,2026-08-12T22:43:38Z
GEN-00187,Inspected,2026-08-12T23:17:29Z
GEN-00187,Shipped,2026-08-13T00:56:09Z
GEN-00187,Delivered,2026-08-13T05:29:14Z
GEN-00188,Order Created,2026-08-11T08:58:10Z
GEN-00188,Payment Received,2026-08-11T09:00:39Z
GEN-00188,Packed,2026-08-11T11:23:55Z
GEN-00188,Inspected,2026-08-11T12:07:57Z
GEN-00188,Shipped,2026-08-11T13:35:09Z
GEN-00188,Delivered,2026-08-11T16:12:16Z
GEN-00189,Order Created,2026-08-13T10:37:40Z
GEN-00189,Payment Received,2026-08-13T10:40:38Z
GEN-00189,Packed,2026-08-13T23:39:43Z
GEN-00189,Inspected,2026-08-14T00:30:35Z
GEN-00189,Shipped,2026-08-14T02:38:32Z
GEN-00189,Delivered,2026-08-14T06:00:51Z
GEN-00190,Order Created,2026-08-13T15:34:56Z
GEN-00190,Payment Attempt,2026-08-13T15:48:49Z
GEN-00190,Payment Received,2026-08-13T16:04:35Z
GEN-00190,Packed,2026-08-13T19:39:48Z
GEN-00190,Inspected,2026-08-13T20:30:31Z
GEN-00190,Shipped,2026-08-13T21:54:09Z
GEN-00190,Delivered,2026-08-13T23:30:01Z
GEN-00191,Order Created,2026-08-07T18:19:47Z
GEN-00191,Payment Received,2026-08-07T18:30:31Z
GEN-00191,Packed,2026-08-08T08:21:28Z
GEN-00191,Inspected,2026-08-08T09:09:38Z
GEN-00191,Shipped,2026-08-08T10:48:03Z
GEN-00191,Delivered,2026-08-08T14:27:43Z
GEN-00192,Order Created,2026-08-14T08:22:47Z
GEN-00192,Payment Received,2026-08-14T08:28:56Z
GEN-00192,Packed,2026-08-14T10:23:41Z
GEN-00192,Inspected,2026-08-14T10:56:08Z
GEN-00192,Shipped,2026-08-14T12:56:08Z
GEN-00192,Delivered,2026-08-14T15:25:39Z
GEN-00193,Order Created,2026-08-03T10:24:53Z
GEN-00193,Payment Received,2026-08-03T10:27:35Z
GEN-00193,Packed,2026-08-03T18:19:26Z
GEN-00193,Inspected,2026-08-03T19:02:25Z
GEN-00193,Shipped,2026-08-03T22:04:43Z
GEN-00193,Delivered,2026-08-04T00:09:15Z
GEN-00194,Order Created,2026-08-16T13:33:34Z
GEN-00194,Payment Received,2026-08-16T13:47:16Z
GEN-00194,Packed,2026-08-18T01:30:11Z
GEN-00194,Inspected,2026-08-18T02:16:25Z
GEN-00194,Shipped,2026-08-18T04:58:48Z
GEN-00195,Order Created,2026-08-09T16:57:06Z
GEN-00195,Payment Attempt,2026-08-09T17:04:56Z
GEN-00195,Payment Attempt,2026-08-09T17:08:57Z
GEN-00195,Payment Received,2026-08-09T17:25:04Z
GEN-00195,Packed,2026-08-10T07:36:27Z
GEN-00195,Inspected,2026-08-10T08:21:21Z
GEN-00195,Packed,2026-08-10T10:23:05Z
GEN-00195,Inspected,2026-08-10T10:53:08Z
GEN-00195,Packed,2026-08-10T12:11:00Z
GEN-00195,Inspected,2026-08-10T12:35:08Z
GEN-00195,Shipped,2026-08-10T15:17:16Z
GEN-00195,Delivered,2026-08-10T17:33:56Z
GEN-00196,Order Created,2026-08-04T12:30:04Z
GEN-00196,Payment Received,2026-08-04T12:39:14Z
GEN-00196,Packed,2026-08-04T16:15:03Z
GEN-00196,Inspected,2026-08-04T17:10:26Z
GEN-00196,Packed,2026-08-04T19:32:58Z
GEN-00196,Inspected,2026-08-04T19:53:20Z
GEN-00196,Shipped,2026-08-04T21:41:07Z
GEN-00196,Delivered,2026-08-04T23:18:58Z
GEN-00197,Order Created,2026-08-11T15:17:46Z
GEN-00197,Payment Received,2026-08-11T15:31:44Z
GEN-00197,Packed,2026-08-11T20:18:09Z
GEN-00197,Inspected,2026-08-11T21:04:06Z
GEN-00197,Shipped,2026-08-11T23:11:04Z
GEN-00197,Delivered,2026-08-12T02:07:35Z
GEN-00198,Order Created,2026-08-13T12:36:25Z
GEN-00198,Payment Received,2026-08-13T12:48:24Z
GEN-00198,Packed,2026-08-13T19:07:47Z
GEN-00198,Inspected,2026-08-13T20:00:42Z
GEN-00198,Shipped,2026-08-13T23:06:35Z
GEN-00198,Delivered,2026-08-14T01:04:36Z
GEN-00199,Order Created,2026-08-06T12:21:03Z
GEN-00199,Payment Received,2026-08-06T12:27:36Z
GEN-00199,Packed,2026-08-07T01:51:57Z
GEN-00199,Inspected,2026-08-07T02:49:40Z
GEN-00199,Shipped,2026-08-07T04:22:10Z
GEN-00199,Delivered,2026-08-07T09:29:44Z
GEN-00200,Order Created,2026-08-13T19:29:30Z
GEN-00200,Payment Received,2026-08-13T19:45:10Z
GEN-00200,Packed,2026-08-13T22:17:17Z
GEN-00200,Inspected,2026-08-13T23:16:10Z
GEN-00200,Packed,2026-08-14T01:31:03Z
GEN-00200,Inspected,2026-08-14T02:22:50Z
GEN-00200,Packed,2026-08-14T04:13:53Z
GEN-00200,Inspected,2026-08-14T05:07:27Z
GEN-00200,Packed,2026-08-14T06:48:50Z
GEN-00200,Inspected,2026-08-14T07:46:06Z
GEN-00200,Shipped,2026-08-14T11:08:00Z
GEN-00200,Delivered,2026-08-14T13:13:52Z
GEN-00201,Order Created,2026-08-16T15:30:18Z
GEN-00201,Payment Received,2026-08-16T15:38:31Z
GEN-00201,Packed,2026-08-16T23:46:17Z
GEN-00201,Inspected,2026-08-17T00:28:40Z
GEN-00201,Shipped,2026-08-17T03:48:00Z
GEN-00201,Delivered,2026-08-17T07:14:38Z
GEN-00202,Order Created,2026-08-05T11:26:36Z
GEN-00202,Payment Received,2026-08-05T11:44:40Z
GEN-00202,Packed,2026-08-05T19:14:28Z
GEN-00202,Inspected,2026-08-05T19:57:18Z
GEN-00202,Shipped,2026-08-05T21:33:57Z
GEN-00202,Delivered,2026-08-06T01:18:47Z
GEN-00203,Order Created,2026-08-06T08:39:30Z
GEN-00203,Payment Received,2026-08-06T08:50:23Z
GEN-00203,Packed,2026-08-06T18:01:19Z
GEN-00203,Inspected,2026-08-06T18:39:16Z
GEN-00203,Shipped,2026-08-06T19:45:59Z
GEN-00203,Delivered,2026-08-07T00:02:31Z
GEN-00204,Order Created,2026-08-14T14:20:14Z
GEN-00204,Payment Received,2026-08-14T14:37:48Z
GEN-00204,Packed,2026-08-14T17:01:59Z
GEN-00204,Inspected,2026-08-14T17:43:35Z
GEN-00204,Shipped,2026-08-14T19:50:05Z
GEN-00204,Delivered,2026-08-14T22:13:20Z
GEN-00205,Order Created,2026-08-04T16:18:16Z
GEN-00206,Order Created,2026-08-05T13:23:06Z
GEN-00206,Payment Attempt,2026-08-05T13:26:26Z
GEN-00206,Payment Received,2026-08-05T13:30:27Z
GEN-00206,Packed,2026-08-06T12:54:53Z
GEN-00206,Inspected,2026-08-06T13:30:03Z
GEN-00206,Packed,2026-08-06T15:28:30Z
GEN-00206,Inspected,2026-08-06T16:21:38Z
GEN-00206,Shipped,2026-08-06T18:13:24Z
GEN-00206,Delivered,2026-08-06T19:49:45Z
GEN-00207,Order Created,2026-08-14T08:03:47Z
GEN-00207,Payment Attempt,2026-08-14T08:14:26Z
GEN-00207,Payment Received,2026-08-14T08:21:17Z
GEN-00207,Packed,2026-08-14T12:48:25Z
GEN-00207,Inspected,2026-08-14T13:15:41Z
GEN-00207,Shipped,2026-08-14T14:45:09Z
GEN-00207,Delivered,2026-08-14T17:44:37Z
GEN-00208,Order Created,2026-08-12T17:26:05Z
GEN-00208,Payment Received,2026-08-12T17:42:08Z
GEN-00208,Packed,2026-08-13T01:13:21Z
GEN-00208,Inspected,2026-08-13T01:38:55Z
GEN-00208,Shipped,2026-08-13T04:38:49Z
GEN-00208,Delivered,2026-08-13T09:32:16Z
GEN-00209,Order Created,2026-08-13T08:40:21Z
GEN-00209,Payment Received,2026-08-13T08:44:27Z
GEN-00209,Packed,2026-08-13T18:48:27Z
GEN-00209,Inspected,2026-08-13T19:11:59Z
GEN-00209,Shipped,2026-08-13T21:27:01Z
GEN-00209,Delivered,2026-08-14T01:50:58Z
GEN-00210,Order Created,2026-08-11T11:20:35Z
GEN-00210,Payment Received,2026-08-11T11:24:03Z
GEN-00210,Packed,2026-08-11T17:55:07Z
GEN-00210,Inspected,2026-08-11T18:26:01Z
GEN-00210,Shipped,2026-08-11T22:24:05Z
GEN-00210,Delivered,2026-08-12T01:36:07Z
GEN-00211,Order Created,2026-08-07T18:49:12Z
GEN-00211,Payment Received,2026-08-07T18:59:11Z
GEN-00211,Packed,2026-08-08T09:00:15Z
GEN-00211,Inspected,2026-08-08T09:28:54Z
GEN-00211,Shipped,2026-08-08T11:14:53Z
GEN-00212,Order Created,2026-08-03T19:24:56Z
GEN-00212,Payment Received,2026-08-03T19:30:30Z
GEN-00212,Packed,2026-08-04T04:58:54Z
GEN-00212,Inspected,2026-08-04T05:31:42Z
GEN-00212,Shipped,2026-08-04T09:05:35Z
GEN-00213,Order Created,2026-08-14T14:13:54Z
GEN-00213,Payment Received,2026-08-14T14:20:40Z
GEN-00213,Packed,2026-08-14T16:40:32Z
GEN-00213,Inspected,2026-08-14T17:38:50Z
GEN-00213,Shipped,2026-08-14T19:28:20Z
GEN-00213,Delivered,2026-08-14T21:13:28Z
GEN-00214,Order Created,2026-08-12T10:49:42Z
GEN-00214,Payment Received,2026-08-12T11:03:33Z
GEN-00214,Packed,2026-08-12T14:57:33Z
GEN-00214,Inspected,2026-08-12T15:44:35Z
GEN-00214,Shipped,2026-08-12T18:54:14Z
GEN-00214,Delivered,2026-08-12T21:23:01Z
GEN-00215,Order Created,2026-08-08T09:44:55Z
GEN-00216,Order Created,2026-08-05T14:31:44Z
GEN-00216,Payment Received,2026-08-05T14:50:36Z
GEN-00216,Packed,2026-08-05T18:02:03Z
GEN-00216,Inspected,2026-08-05T18:24:56Z
GEN-00216,Shipped,2026-08-05T19:42:55Z
GEN-00216,Delivered,2026-08-05T22:45:51Z
GEN-00217,Order Created,2026-08-10T16:56:36Z
GEN-00217,Payment Received,2026-08-10T17:12:04Z
GEN-00217,Packed,2026-08-11T01:30:38Z
GEN-00217,Inspected,2026-08-11T02:07:05Z
GEN-00217,Shipped,2026-08-11T04:37:17Z
GEN-00217,Delivered,2026-08-11T06:30:15Z
GEN-00218,Order Created,2026-08-04T17:05:25Z
GEN-00218,Payment Received,2026-08-04T17:12:03Z
GEN-00218,Packed,2026-08-04T22:25:34Z
GEN-00218,Inspected,2026-08-04T23:00:28Z
GEN-00218,Packed,2026-08-05T01:15:27Z
GEN-00218,Inspected,2026-08-05T01:52:25Z
GEN-00218,Shipped,2026-08-05T03:57:30Z
GEN-00218,Delivered,2026-08-05T05:25:02Z
GEN-00219,Order Created,2026-08-10T13:54:29Z
GEN-00219,Payment Received,2026-08-10T14:00:29Z
GEN-00219,Packed,2026-08-11T09:11:42Z
GEN-00219,Inspected,2026-08-11T09:43:59Z
GEN-00219,Shipped,2026-08-11T11:41:31Z
GEN-00219,Delivered,2026-08-11T16:30:19Z
GEN-00220,Order Created,2026-08-03T13:15:03Z
GEN-00220,Payment Received,2026-08-03T13:33:27Z
GEN-00220,Packed,2026-08-04T06:26:32Z
GEN-00220,Inspected,2026-08-04T07:11:40Z
GEN-00220,Packed,2026-08-04T10:08:21Z
GEN-00220,Inspected,2026-08-04T11:06:07Z
GEN-00220,Shipped,2026-08-04T13:40:17Z
GEN-00220,Delivered,2026-08-04T17:14:39Z
GEN-00221,Order Created,2026-08-07T09:36:08Z
GEN-00221,Payment Received,2026-08-07T09:46:21Z
GEN-00221,Packed,2026-08-07T13:54:35Z
GEN-00221,Inspected,2026-08-07T14:37:24Z
GEN-00221,Packed,2026-08-07T17:26:46Z
GEN-00221,Inspected,2026-08-07T18:09:28Z
GEN-00221,Shipped,2026-08-07T21:15:20Z
GEN-00221,Delivered,2026-08-07T23:00:50Z
GEN-00222,Order Created,2026-08-04T11:41:55Z
GEN-00222,Payment Attempt,2026-08-04T11:45:31Z
GEN-00222,Payment Received,2026-08-04T11:53:41Z
GEN-00222,Packed,2026-08-04T19:57:23Z
GEN-00222,Inspected,2026-08-04T20:40:51Z
GEN-00222,Packed,2026-08-04T22:34:28Z
GEN-00222,Inspected,2026-08-04T23:22:49Z
GEN-00222,Shipped,2026-08-05T03:12:55Z
GEN-00222,Delivered,2026-08-05T06:59:05Z
GEN-00223,Order Created,2026-08-13T08:45:25Z
GEN-00223,Payment Received,2026-08-13T08:50:54Z
GEN-00223,Packed,2026-08-13T12:29:54Z
GEN-00223,Inspected,2026-08-13T12:52:03Z
GEN-00223,Shipped,2026-08-13T15:24:34Z
GEN-00223,Delivered,2026-08-13T17:58:09Z
GEN-00224,Order Created,2026-08-13T13:38:26Z
GEN-00224,Payment Received,2026-08-13T13:41:32Z
GEN-00224,Packed,2026-08-13T16:43:09Z
GEN-00224,Inspected,2026-08-13T17:21:30Z
GEN-00224,Shipped,2026-08-13T20:38:27Z
GEN-00224,Delivered,2026-08-13T23:27:44Z
GEN-00225,Order Created,2026-08-03T14:22:26Z
GEN-00225,Payment Received,2026-08-03T14:40:18Z
GEN-00225,Packed,2026-08-04T03:06:02Z
GEN-00225,Inspected,2026-08-04T03:34:25Z
GEN-00225,Shipped,2026-08-04T04:49:03Z
GEN-00225,Delivered,2026-08-04T06:53:43Z
GEN-00226,Order Created,2026-08-13T13:50:58Z
GEN-00226,Payment Received,2026-08-13T14:09:14Z
GEN-00226,Packed,2026-08-14T00:06:52Z
GEN-00227,Order Created,2026-08-11T12:27:08Z
GEN-00227,Payment Received,2026-08-11T12:39:33Z
GEN-00227,Packed,2026-08-11T14:17:12Z
GEN-00227,Inspected,2026-08-11T15:08:47Z
GEN-00227,Shipped,2026-08-11T19:05:36Z
GEN-00227,Delivered,2026-08-11T22:26:25Z
GEN-00228,Order Created,2026-08-05T15:04:24Z
GEN-00228,Payment Received,2026-08-05T15:09:01Z
GEN-00228,Packed,2026-08-05T17:21:57Z
GEN-00228,Inspected,2026-08-05T17:46:28Z
GEN-00228,Shipped,2026-08-05T20:29:49Z
GEN-00228,Delivered,2026-08-05T22:22:54Z
GEN-00229,Order Created,2026-08-13T17:49:13Z
GEN-00229,Payment Received,2026-08-13T18:06:43Z
GEN-00229,Packed,2026-08-13T21:54:15Z
GEN-00229,Inspected,2026-08-13T22:36:07Z
GEN-00229,Packed,2026-08-14T00:20:59Z
GEN-00229,Inspected,2026-08-14T00:50:31Z
GEN-00229,Shipped,2026-08-14T04:34:23Z
GEN-00229,Delivered,2026-08-14T07:56:09Z
GEN-00230,Order Created,2026-08-03T11:35:08Z
GEN-00230,Payment Received,2026-08-03T11:38:02Z
GEN-00230,Packed,2026-08-03T17:28:22Z
GEN-00230,Inspected,2026-08-03T17:56:01Z
GEN-00230,Shipped,2026-08-03T20:52:48Z
GEN-00230,Delivered,2026-08-03T23:56:28Z
GEN-00231,Order Created,2026-08-15T10:08:42Z
GEN-00231,Payment Received,2026-08-15T10:14:10Z
GEN-00231,Packed,2026-08-16T01:07:17Z
GEN-00231,Inspected,2026-08-16T01:56:54Z
GEN-00231,Shipped,2026-08-16T03:43:52Z
GEN-00231,Delivered,2026-08-16T07:25:36Z
GEN-00232,Order Created,2026-08-05T18:59:47Z
GEN-00232,Payment Received,2026-08-05T19:17:03Z
GEN-00232,Packed,2026-08-06T03:46:33Z
GEN-00233,Order Created,2026-08-12T12:23:32Z
GEN-00233,Payment Received,2026-08-12T12:31:59Z
GEN-00233,Packed,2026-08-12T16:36:25Z
GEN-00233,Inspected,2026-08-12T17:04:31Z
GEN-00233,Shipped,2026-08-12T19:23:59Z
GEN-00233,Delivered,2026-08-12T21:16:09Z
GEN-00234,Order Created,2026-08-12T18:40:02Z
GEN-00235,Order Created,2026-08-07T11:44:11Z
GEN-00235,Payment Received,2026-08-07T11:46:47Z
GEN-00235,Packed,2026-08-07T18:42:48Z
GEN-00235,Inspected,2026-08-07T19:15:25Z
GEN-00235,Shipped,2026-08-07T23:10:17Z
GEN-00235,Delivered,2026-08-08T01:43:44Z
GEN-00236,Order Created,2026-08-04T11:37:56Z
GEN-00236,Payment Received,2026-08-04T11:42:49Z
GEN-00236,Packed,2026-08-04T21:31:50Z
GEN-00236,Inspected,2026-08-04T22:04:06Z
GEN-00236,Shipped,2026-08-04T23:24:12Z
GEN-00236,Delivered,2026-08-05T01:35:28Z
GEN-00237,Order Created,2026-08-03T17:15:09Z
GEN-00237,Payment Received,2026-08-03T17:31:42Z
GEN-00237,Packed,2026-08-03T21:27:56Z
GEN-00237,Inspected,2026-08-03T22:23:21Z
GEN-00237,Packed,2026-08-04T00:27:41Z
GEN-00237,Inspected,2026-08-04T01:11:37Z
GEN-00237,Shipped,2026-08-04T04:23:43Z
GEN-00237,Delivered,2026-08-04T08:21:45Z
GEN-00238,Order Created,2026-08-06T17:47:03Z
GEN-00238,Payment Received,2026-08-06T18:06:18Z
GEN-00238,Packed,2026-08-07T00:21:50Z
GEN-00238,Inspected,2026-08-07T00:51:15Z
GEN-00238,Shipped,2026-08-07T03:56:59Z
GEN-00239,Order Created,2026-08-12T15:15:30Z
GEN-00239,Payment Received,2026-08-12T15:27:07Z
GEN-00239,Packed,2026-08-13T01:34:16Z
GEN-00239,Inspected,2026-08-13T02:04:42Z
GEN-00239,Shipped,2026-08-13T05:05:50Z
GEN-00239,Delivered,2026-08-13T06:59:19Z
GEN-00240,Order Created,2026-08-12T11:16:11Z
GEN-00240,Payment Received,2026-08-12T11:22:50Z
GEN-00240,Packed,2026-08-12T16:41:43Z
GEN-00240,Inspected,2026-08-12T17:06:17Z
GEN-00240,Shipped,2026-08-12T18:39:24Z
GEN-00240,Delivered,2026-08-12T21:25:24Z
GEN-00241,Order Created,2026-08-12T12:48:50Z
GEN-00241,Payment Attempt,2026-08-12T12:57:36Z
GEN-00241,Payment Received,2026-08-12T12:59:55Z
GEN-00241,Packed,2026-08-12T15:00:15Z
GEN-00241,Inspected,2026-08-12T15:24:59Z
GEN-00241,Shipped,2026-08-12T17:50:53Z
GEN-00241,Delivered,2026-08-12T20:36:44Z
GEN-00242,Order Created,2026-08-12T18:53:21Z
GEN-00242,Payment Received,2026-08-12T18:55:51Z
GEN-00242,Packed,2026-08-13T07:38:25Z
GEN-00243,Order Created,2026-08-10T08:12:27Z
GEN-00243,Payment Received,2026-08-10T08:19:48Z
GEN-00243,Packed,2026-08-10T15:50:54Z
GEN-00243,Inspected,2026-08-10T16:19:13Z
GEN-00243,Shipped,2026-08-10T18:02:53Z
GEN-00243,Delivered,2026-08-10T20:35:26Z
GEN-00244,Order Created,2026-08-04T13:45:12Z
GEN-00244,Payment Attempt,2026-08-04T13:58:09Z
GEN-00244,Payment Attempt,2026-08-04T14:14:44Z
GEN-00244,Payment Received,2026-08-04T14:33:06Z
GEN-00244,Packed,2026-08-04T18:27:57Z
GEN-00244,Inspected,2026-08-04T19:16:01Z
GEN-00244,Shipped,2026-08-04T22:37:40Z
GEN-00244,Delivered,2026-08-05T00:54:58Z
GEN-00245,Order Created,2026-08-05T17:32:05Z
GEN-00245,Payment Received,2026-08-05T17:49:26Z
GEN-00245,Packed,2026-08-05T22:31:14Z
GEN-00245,Inspected,2026-08-05T23:24:03Z
GEN-00245,Packed,2026-08-06T02:23:08Z
GEN-00245,Inspected,2026-08-06T03:08:10Z
GEN-00245,Shipped,2026-08-06T05:50:35Z
GEN-00245,Delivered,2026-08-06T07:25:17Z
GEN-00246,Order Created,2026-08-06T12:11:22Z
GEN-00246,Payment Received,2026-08-06T12:18:08Z
GEN-00246,Packed,2026-08-06T15:41:03Z
GEN-00246,Inspected,2026-08-06T16:36:35Z
GEN-00246,Shipped,2026-08-06T17:44:14Z
GEN-00246,Delivered,2026-08-06T21:14:37Z
GEN-00247,Order Created,2026-08-06T14:54:40Z
GEN-00247,Payment Received,2026-08-06T15:10:57Z
GEN-00247,Packed,2026-08-06T17:25:36Z
GEN-00247,Inspected,2026-08-06T18:22:41Z
GEN-00247,Shipped,2026-08-06T21:26:53Z
GEN-00247,Delivered,2026-08-07T00:20:15Z
GEN-00248,Order Created,2026-08-06T18:12:27Z
GEN-00248,Payment Received,2026-08-06T18:27:01Z
GEN-00248,Packed,2026-08-06T22:16:13Z
GEN-00248,Inspected,2026-08-06T22:55:49Z
GEN-00248,Shipped,2026-08-07T02:47:56Z
GEN-00248,Delivered,2026-08-07T05:42:00Z
GEN-00249,Order Created,2026-08-12T18:55:55Z
GEN-00249,Payment Attempt,2026-08-12T19:17:53Z
GEN-00249,Payment Attempt,2026-08-12T19:24:49Z
GEN-00249,Payment Received,2026-08-12T19:44:38Z
GEN-00249,Packed,2026-08-13T00:25:39Z
GEN-00249,Inspected,2026-08-13T01:14:30Z
GEN-00249,Shipped,2026-08-13T03:18:47Z
GEN-00249,Delivered,2026-08-13T08:22:23Z
GEN-00250,Order Created,2026-08-09T09:15:19Z
GEN-00250,Payment Received,2026-08-09T09:24:12Z
GEN-00250,Packed,2026-08-09T16:30:57Z
GEN-00250,Inspected,2026-08-09T16:57:37Z
GEN-00250,Shipped,2026-08-09T19:56:37Z
GEN-00250,Delivered,2026-08-09T21:59:44Z
GEN-00251,Order Created,2026-08-10T08:29:38Z
GEN-00251,Payment Received,2026-08-10T08:37:48Z
GEN-00251,Packed,2026-08-10T15:08:35Z
GEN-00251,Inspected,2026-08-10T15:56:34Z
GEN-00251,Shipped,2026-08-10T18:17:31Z
GEN-00251,Delivered,2026-08-10T20:56:10Z
GEN-00252,Order Created,2026-08-13T18:00:10Z
GEN-00252,Payment Received,2026-08-13T18:10:33Z
GEN-00252,Packed,2026-08-14T01:50:53Z
GEN-00252,Inspected,2026-08-14T02:13:36Z
GEN-00252,Shipped,2026-08-14T04:29:05Z
GEN-00252,Delivered,2026-08-14T08:56:21Z
GEN-00253,Order Created,2026-08-09T12:15:00Z
GEN-00253,Payment Attempt,2026-08-09T12:39:13Z
GEN-00253,Payment Attempt,2026-08-09T12:44:14Z
GEN-00253,Payment Received,2026-08-09T12:49:40Z
GEN-00253,Packed,2026-08-10T04:22:59Z
GEN-00253,Inspected,2026-08-10T05:19:00Z
GEN-00253,Shipped,2026-08-10T09:09:17Z
GEN-00253,Delivered,2026-08-10T10:38:14Z
GEN-00254,Order Created,2026-08-10T08:00:05Z
GEN-00254,Payment Received,2026-08-10T08:12:41Z
GEN-00254,Packed,2026-08-10T14:03:28Z
GEN-00254,Inspected,2026-08-10T14:28:58Z
GEN-00254,Shipped,2026-08-10T17:09:25Z
GEN-00254,Delivered,2026-08-10T20:59:34Z
GEN-00255,Order Created,2026-08-10T09:39:08Z
GEN-00255,Payment Attempt,2026-08-10T09:50:33Z
GEN-00255,Payment Received,2026-08-10T10:09:20Z
GEN-00255,Packed,2026-08-10T19:01:27Z
GEN-00255,Inspected,2026-08-10T19:57:13Z
GEN-00255,Packed,2026-08-10T22:31:33Z
GEN-00255,Inspected,2026-08-10T23:30:28Z
GEN-00255,Packed,2026-08-11T02:08:06Z
GEN-00255,Inspected,2026-08-11T02:30:33Z
GEN-00255,Packed,2026-08-11T03:35:18Z
GEN-00255,Inspected,2026-08-11T03:56:46Z
GEN-00255,Shipped,2026-08-11T05:05:20Z
GEN-00255,Delivered,2026-08-11T09:20:29Z
GEN-00256,Order Created,2026-08-09T14:08:58Z
GEN-00256,Payment Received,2026-08-09T14:21:51Z
GEN-00256,Packed,2026-08-10T02:22:56Z
GEN-00256,Inspected,2026-08-10T02:47:13Z
GEN-00256,Shipped,2026-08-10T04:38:14Z
GEN-00256,Delivered,2026-08-10T07:31:24Z
GEN-00257,Order Created,2026-08-05T15:08:10Z
GEN-00257,Payment Received,2026-08-05T15:15:52Z
GEN-00257,Packed,2026-08-05T21:22:35Z
GEN-00257,Inspected,2026-08-05T22:09:39Z
GEN-00257,Shipped,2026-08-05T23:50:46Z
GEN-00257,Delivered,2026-08-06T01:27:09Z
GEN-00258,Order Created,2026-08-05T16:54:53Z
GEN-00258,Payment Attempt,2026-08-05T17:04:56Z
GEN-00258,Payment Attempt,2026-08-05T17:14:56Z
GEN-00258,Payment Received,2026-08-05T17:25:19Z
GEN-00258,Packed,2026-08-05T22:53:35Z
GEN-00258,Inspected,2026-08-05T23:40:01Z
GEN-00258,Packed,2026-08-06T01:14:20Z
GEN-00258,Inspected,2026-08-06T01:34:40Z
GEN-00258,Shipped,2026-08-06T04:49:41Z
GEN-00258,Delivered,2026-08-06T08:51:05Z
GEN-00259,Order Created,2026-08-14T15:52:26Z
GEN-00259,Payment Received,2026-08-14T16:12:24Z
GEN-00259,Packed,2026-08-14T21:31:32Z
GEN-00259,Inspected,2026-08-14T22:03:55Z
GEN-00259,Shipped,2026-08-15T00:32:16Z
GEN-00259,Delivered,2026-08-15T04:49:18Z
GEN-00260,Order Created,2026-08-13T14:19:57Z
GEN-00260,Payment Received,2026-08-13T14:34:24Z
GEN-00260,Packed,2026-08-13T20:46:57Z
GEN-00260,Inspected,2026-08-13T21:21:20Z
GEN-00260,Shipped,2026-08-14T01:04:58Z
GEN-00260,Delivered,2026-08-14T06:39:51Z
GEN-00261,Order Created,2026-08-04T12:21:22Z
GEN-00261,Payment Received,2026-08-04T12:23:55Z
GEN-00261,Packed,2026-08-04T22:06:53Z
GEN-00261,Inspected,2026-08-04T22:49:11Z
GEN-00261,Shipped,2026-08-05T00:53:20Z
GEN-00261,Delivered,2026-08-05T03:58:51Z
GEN-00262,Order Created,2026-08-03T10:05:30Z
GEN-00262,Payment Received,2026-08-03T10:18:15Z
GEN-00262,Packed,2026-08-03T20:33:03Z
GEN-00262,Inspected,2026-08-03T21:17:23Z
GEN-00262,Shipped,2026-08-03T22:43:05Z
GEN-00262,Delivered,2026-08-04T01:52:47Z
GEN-00263,Order Created,2026-08-12T13:54:44Z
GEN-00263,Payment Received,2026-08-12T14:02:38Z
GEN-00263,Packed,2026-08-13T00:33:36Z
GEN-00263,Inspected,2026-08-13T01:22:03Z
GEN-00263,Shipped,2026-08-13T03:55:00Z
GEN-00263,Delivered,2026-08-13T06:01:21Z
GEN-00264,Order Created,2026-08-06T14:46:19Z
GEN-00265,Order Created,2026-08-11T09:52:34Z
GEN-00265,Payment Received,2026-08-11T10:00:26Z
GEN-00265,Packed,2026-08-11T17:41:37Z
GEN-00265,Inspected,2026-08-11T18:32:45Z
GEN-00265,Shipped,2026-08-11T19:35:30Z
GEN-00265,Delivered,2026-08-11T21:43:34Z
GEN-00266,Order Created,2026-08-04T16:16:00Z
GEN-00266,Payment Received,2026-08-04T16:30:29Z
GEN-00266,Packed,2026-08-05T05:14:56Z
GEN-00266,Inspected,2026-08-05T05:58:17Z
GEN-00266,Shipped,2026-08-05T08:15:05Z
GEN-00266,Delivered,2026-08-05T10:54:55Z
GEN-00267,Order Created,2026-08-03T16:05:08Z
GEN-00267,Payment Received,2026-08-03T16:12:09Z
GEN-00267,Packed,2026-08-04T05:57:09Z
GEN-00267,Inspected,2026-08-04T06:36:55Z
GEN-00267,Shipped,2026-08-04T10:35:15Z
GEN-00267,Delivered,2026-08-04T13:25:09Z
GEN-00268,Order Created,2026-08-12T17:01:32Z
GEN-00268,Payment Received,2026-08-12T17:04:15Z
GEN-00268,Packed,2026-08-12T21:51:04Z
GEN-00268,Inspected,2026-08-12T22:24:33Z
GEN-00268,Packed,2026-08-13T00:48:22Z
GEN-00268,Inspected,2026-08-13T01:37:49Z
GEN-00268,Shipped,2026-08-13T02:40:45Z
GEN-00268,Delivered,2026-08-13T07:09:40Z
GEN-00269,Order Created,2026-08-04T16:20:00Z
GEN-00269,Payment Received,2026-08-04T16:29:43Z
GEN-00269,Packed,2026-08-04T22:47:25Z
GEN-00269,Inspected,2026-08-04T23:33:21Z
GEN-00269,Packed,2026-08-05T00:56:10Z
GEN-00269,Inspected,2026-08-05T01:28:02Z
GEN-00269,Shipped,2026-08-05T03:11:57Z
GEN-00269,Delivered,2026-08-05T05:54:49Z
GEN-00270,Order Created,2026-08-12T16:04:23Z
GEN-00270,Payment Received,2026-08-12T16:16:48Z
GEN-00270,Packed,2026-08-12T22:58:08Z
GEN-00270,Inspected,2026-08-12T23:46:19Z
GEN-00270,Shipped,2026-08-13T01:45:03Z
GEN-00270,Delivered,2026-08-13T05:10:23Z
GEN-00271,Order Created,2026-08-06T17:32:03Z
GEN-00271,Payment Attempt,2026-08-06T17:50:18Z
GEN-00271,Payment Received,2026-08-06T18:10:02Z
GEN-00271,Packed,2026-08-07T05:44:39Z
GEN-00271,Inspected,2026-08-07T06:27:15Z
GEN-00271,Packed,2026-08-07T07:35:02Z
GEN-00271,Inspected,2026-08-07T08:22:33Z
GEN-00271,Shipped,2026-08-07T11:26:49Z
GEN-00271,Delivered,2026-08-07T14:11:50Z
GEN-00272,Order Created,2026-08-12T18:35:06Z
GEN-00272,Payment Received,2026-08-12T18:51:32Z
GEN-00272,Packed,2026-08-12T20:59:45Z
GEN-00272,Inspected,2026-08-12T21:31:36Z
GEN-00272,Shipped,2026-08-12T22:55:04Z
GEN-00272,Delivered,2026-08-13T01:40:25Z
GEN-00273,Order Created,2026-08-13T14:35:01Z
GEN-00274,Order Created,2026-08-09T16:50:56Z
GEN-00274,Payment Received,2026-08-09T17:10:43Z
GEN-00274,Packed,2026-08-10T06:29:58Z
GEN-00274,Inspected,2026-08-10T07:25:22Z
GEN-00274,Shipped,2026-08-10T09:47:40Z
GEN-00274,Delivered,2026-08-10T11:56:04Z
GEN-00275,Order Created,2026-08-04T18:47:54Z
GEN-00275,Payment Received,2026-08-04T18:59:45Z
GEN-00275,Packed,2026-08-04T21:27:24Z
GEN-00275,Inspected,2026-08-04T21:56:46Z
GEN-00275,Shipped,2026-08-05T01:24:58Z
GEN-00275,Delivered,2026-08-05T03:21:49Z
GEN-00276,Order Created,2026-08-15T16:00:37Z
GEN-00276,Payment Received,2026-08-15T16:17:11Z
GEN-00276,Packed,2026-08-16T13:45:17Z
GEN-00276,Inspected,2026-08-16T14:43:36Z
GEN-00276,Packed,2026-08-16T17:38:27Z
GEN-00276,Inspected,2026-08-16T18:29:52Z
GEN-00276,Packed,2026-08-16T21:28:34Z
GEN-00276,Inspected,2026-08-16T21:49:24Z
GEN-00276,Packed,2026-08-16T23:11:26Z
GEN-00276,Inspected,2026-08-16T23:32:28Z
GEN-00276,Shipped,2026-08-17T02:29:33Z
GEN-00276,Delivered,2026-08-17T03:56:51Z
GEN-00277,Order Created,2026-08-13T17:01:41Z
GEN-00277,Payment Received,2026-08-13T17:07:37Z
GEN-00277,Packed,2026-08-14T16:35:46Z
GEN-00277,Inspected,2026-08-14T16:58:29Z
GEN-00277,Packed,2026-08-14T18:18:11Z
GEN-00277,Inspected,2026-08-14T18:42:01Z
GEN-00277,Shipped,2026-08-14T22:15:04Z
GEN-00277,Delivered,2026-08-15T00:46:59Z
GEN-00278,Order Created,2026-08-10T14:42:02Z
GEN-00278,Payment Received,2026-08-10T14:56:13Z
GEN-00278,Packed,2026-08-10T22:13:33Z
GEN-00278,Inspected,2026-08-10T23:00:58Z
GEN-00278,Packed,2026-08-11T01:57:31Z
GEN-00278,Inspected,2026-08-11T02:34:51Z
GEN-00278,Shipped,2026-08-11T06:30:19Z
GEN-00278,Delivered,2026-08-11T09:37:44Z
GEN-00279,Order Created,2026-08-06T09:38:45Z
GEN-00279,Payment Received,2026-08-06T09:53:54Z
GEN-00279,Packed,2026-08-06T13:34:07Z
GEN-00279,Inspected,2026-08-06T14:08:58Z
GEN-00279,Shipped,2026-08-06T17:15:28Z
GEN-00279,Delivered,2026-08-06T19:11:09Z
GEN-00280,Order Created,2026-08-06T12:04:14Z
GEN-00280,Payment Received,2026-08-06T12:19:03Z
GEN-00280,Packed,2026-08-06T17:57:55Z
GEN-00280,Inspected,2026-08-06T18:33:39Z
GEN-00280,Shipped,2026-08-06T20:10:02Z
GEN-00280,Delivered,2026-08-06T22:35:52Z
GEN-00281,Order Created,2026-08-14T12:11:01Z
GEN-00281,Payment Received,2026-08-14T12:14:23Z
GEN-00281,Packed,2026-08-14T14:44:38Z
GEN-00281,Inspected,2026-08-14T15:30:33Z
GEN-00281,Shipped,2026-08-14T18:40:15Z
GEN-00281,Delivered,2026-08-14T21:37:12Z
GEN-00282,Order Created,2026-08-04T13:34:41Z
GEN-00282,Payment Attempt,2026-08-04T13:43:40Z
GEN-00282,Payment Received,2026-08-04T14:01:22Z
GEN-00282,Packed,2026-08-04T21:45:12Z
GEN-00282,Inspected,2026-08-04T22:45:09Z
GEN-00282,Shipped,2026-08-05T01:26:29Z
GEN-00282,Delivered,2026-08-05T05:50:46Z
GEN-00283,Order Created,2026-08-07T11:58:32Z
GEN-00283,Payment Received,2026-08-07T12:13:11Z
GEN-00283,Packed,2026-08-07T17:39:57Z
GEN-00283,Inspected,2026-08-07T18:12:43Z
GEN-00283,Shipped,2026-08-07T19:43:49Z
GEN-00283,Delivered,2026-08-07T22:50:46Z
GEN-00284,Order Created,2026-08-15T10:34:02Z
GEN-00284,Payment Received,2026-08-15T10:41:16Z
GEN-00284,Packed,2026-08-15T12:56:17Z
GEN-00284,Inspected,2026-08-15T13:45:30Z
GEN-00284,Shipped,2026-08-15T16:36:48Z
GEN-00284,Delivered,2026-08-15T19:29:04Z
GEN-00285,Order Created,2026-08-07T12:21:59Z
GEN-00285,Payment Received,2026-08-07T12:30:24Z
GEN-00285,Packed,2026-08-07T20:23:34Z
GEN-00285,Inspected,2026-08-07T21:07:33Z
GEN-00285,Shipped,2026-08-07T22:56:51Z
GEN-00285,Delivered,2026-08-08T04:35:59Z
GEN-00286,Order Created,2026-08-03T14:49:54Z
GEN-00286,Payment Received,2026-08-03T15:06:19Z
GEN-00286,Packed,2026-08-03T19:50:20Z
GEN-00286,Inspected,2026-08-03T20:20:00Z
GEN-00286,Packed,2026-08-03T22:41:18Z
GEN-00286,Inspected,2026-08-03T23:38:53Z
GEN-00286,Packed,2026-08-04T02:28:21Z
GEN-00286,Inspected,2026-08-04T03:01:02Z
GEN-00286,Shipped,2026-08-04T06:55:36Z
GEN-00286,Delivered,2026-08-04T09:55:11Z
GEN-00287,Order Created,2026-08-12T16:17:28Z
GEN-00287,Payment Received,2026-08-12T16:32:53Z
GEN-00287,Packed,2026-08-12T21:23:15Z
GEN-00287,Inspected,2026-08-12T22:22:27Z
GEN-00287,Shipped,2026-08-13T02:15:39Z
GEN-00287,Delivered,2026-08-13T07:03:52Z
GEN-00288,Order Created,2026-08-10T11:36:55Z
GEN-00288,Payment Attempt,2026-08-10T11:45:59Z
GEN-00288,Payment Received,2026-08-10T11:57:11Z
GEN-00288,Packed,2026-08-10T20:43:11Z
GEN-00288,Inspected,2026-08-10T21:33:24Z
GEN-00288,Shipped,2026-08-11T00:39:56Z
GEN-00288,Delivered,2026-08-11T02:50:31Z
GEN-00289,Order Created,2026-08-03T19:57:21Z
GEN-00289,Payment Received,2026-08-03T20:09:21Z
GEN-00289,Packed,2026-08-04T02:44:02Z
GEN-00289,Inspected,2026-08-04T03:26:30Z
GEN-00289,Shipped,2026-08-04T05:05:42Z
GEN-00289,Delivered,2026-08-04T08:20:21Z
GEN-00290,Order Created,2026-08-04T09:28:03Z
GEN-00290,Payment Attempt,2026-08-04T09:40:34Z
GEN-00290,Payment Received,2026-08-04T09:43:17Z
GEN-00290,Packed,2026-08-04T17:47:51Z
GEN-00291,Order Created,2026-08-06T09:56:33Z
GEN-00291,Payment Received,2026-08-06T10:15:38Z
GEN-00291,Packed,2026-08-06T19:13:20Z
GEN-00291,Inspected,2026-08-06T19:40:27Z
GEN-00291,Shipped,2026-08-06T21:07:45Z
GEN-00291,Delivered,2026-08-07T00:19:42Z
GEN-00292,Order Created,2026-08-10T09:23:37Z
GEN-00292,Payment Received,2026-08-10T09:29:53Z
GEN-00292,Packed,2026-08-10T17:23:27Z
GEN-00292,Inspected,2026-08-10T17:47:28Z
GEN-00292,Shipped,2026-08-10T21:37:35Z
GEN-00292,Delivered,2026-08-10T23:51:31Z
GEN-00293,Order Created,2026-08-09T09:21:46Z
GEN-00293,Payment Attempt,2026-08-09T09:25:33Z
GEN-00293,Payment Attempt,2026-08-09T09:45:03Z
GEN-00293,Payment Received,2026-08-09T09:53:29Z
GEN-00293,Packed,2026-08-09T17:52:02Z
GEN-00293,Inspected,2026-08-09T18:19:29Z
GEN-00293,Shipped,2026-08-09T21:50:53Z
GEN-00293,Delivered,2026-08-10T00:39:37Z
GEN-00294,Order Created,2026-08-06T15:49:31Z
GEN-00294,Payment Received,2026-08-06T15:56:38Z
GEN-00294,Packed,2026-08-07T00:32:18Z
GEN-00294,Inspected,2026-08-07T01:08:35Z
GEN-00294,Shipped,2026-08-07T03:43:48Z
GEN-00294,Delivered,2026-08-07T07:51:59Z
GEN-00295,Order Created,2026-08-12T15:11:55Z
GEN-00295,Payment Attempt,2026-08-12T15:18:37Z
GEN-00295,Payment Attempt,2026-08-12T15:38:20Z
GEN-00295,Payment Received,2026-08-12T15:52:15Z
GEN-00295,Packed,2026-08-12T22:12:36Z
GEN-00295,Inspected,2026-08-12T22:42:52Z
GEN-00295,Shipped,2026-08-13T01:43:53Z
GEN-00295,Delivered,2026-08-13T04:32:18Z
GEN-00296,Order Created,2026-08-11T18:52:06Z
GEN-00297,Order Created,2026-08-03T19:16:22Z
GEN-00297,Payment Received,2026-08-03T19:24:08Z
GEN-00297,Packed,2026-08-04T03:11:35Z
GEN-00297,Inspected,2026-08-04T03:45:30Z
GEN-00297,Shipped,2026-08-04T07:38:58Z
GEN-00297,Delivered,2026-08-04T09:50:30Z
GEN-00298,Order Created,2026-08-06T15:52:27Z
GEN-00298,Payment Received,2026-08-06T16:09:16Z
GEN-00298,Packed,2026-08-06T19:14:49Z
GEN-00298,Inspected,2026-08-06T19:36:37Z
GEN-00298,Packed,2026-08-06T22:11:10Z
GEN-00298,Inspected,2026-08-06T23:09:20Z
GEN-00298,Packed,2026-08-07T00:33:26Z
GEN-00298,Inspected,2026-08-07T01:26:23Z
GEN-00298,Shipped,2026-08-07T04:44:02Z
GEN-00299,Order Created,2026-08-04T09:08:34Z
GEN-00299,Payment Attempt,2026-08-04T09:33:03Z
GEN-00299,Payment Received,2026-08-04T09:47:09Z
GEN-00299,Packed,2026-08-04T15:06:58Z
GEN-00299,Inspected,2026-08-04T15:48:00Z
GEN-00299,Shipped,2026-08-04T19:36:13Z
GEN-00299,Delivered,2026-08-04T22:13:16Z
GEN-00300,Order Created,2026-08-11T17:51:04Z
GEN-00300,Payment Received,2026-08-11T18:03:45Z
GEN-00300,Packed,2026-08-11T20:21:59Z
GEN-00300,Inspected,2026-08-11T21:03:03Z
GEN-00300,Shipped,2026-08-11T23:07:39Z
GEN-00300,Delivered,2026-08-12T03:50:06Z
GEN-00301,Order Created,2026-08-04T18:33:15Z
GEN-00301,Payment Attempt,2026-08-04T18:37:30Z
GEN-00301,Payment Attempt,2026-08-04T18:57:44Z
GEN-00301,Payment Received,2026-08-04T19:10:27Z
GEN-00301,Packed,2026-08-05T10:27:34Z
GEN-00301,Inspected,2026-08-05T10:55:49Z
GEN-00301,Shipped,2026-08-05T14:01:36Z
GEN-00301,Delivered,2026-08-05T15:54:58Z
GEN-00302,Order Created,2026-08-10T11:17:34Z
GEN-00302,Payment Received,2026-08-10T11:29:44Z
GEN-00302,Packed,2026-08-10T16:34:57Z
GEN-00303,Order Created,2026-08-09T19:15:40Z
GEN-00303,Payment Attempt,2026-08-09T19:23:54Z
GEN-00303,Payment Received,2026-08-09T19:30:09Z
GEN-00303,Packed,2026-08-10T04:10:55Z
GEN-00303,Inspected,2026-08-10T04:32:44Z
GEN-00303,Shipped,2026-08-10T08:16:37Z
GEN-00304,Order Created,2026-08-15T08:32:41Z
GEN-00304,Payment Received,2026-08-15T08:41:31Z
GEN-00304,Packed,2026-08-15T17:34:44Z
GEN-00304,Inspected,2026-08-15T18:11:59Z
GEN-00304,Shipped,2026-08-15T21:51:18Z
GEN-00304,Delivered,2026-08-15T23:55:13Z
GEN-00305,Order Created,2026-08-07T13:24:36Z
GEN-00305,Payment Attempt,2026-08-07T13:31:56Z
GEN-00305,Payment Received,2026-08-07T13:42:41Z
GEN-00305,Packed,2026-08-07T19:56:26Z
GEN-00305,Inspected,2026-08-07T20:54:44Z
GEN-00305,Shipped,2026-08-07T22:53:21Z
GEN-00305,Delivered,2026-08-08T01:38:47Z
GEN-00306,Order Created,2026-08-15T08:32:00Z
GEN-00306,Payment Received,2026-08-15T08:48:26Z
GEN-00306,Packed,2026-08-15T16:00:21Z
GEN-00306,Inspected,2026-08-15T16:28:18Z
GEN-00306,Shipped,2026-08-15T19:31:20Z
GEN-00306,Delivered,2026-08-15T22:07:18Z
GEN-00307,Order Created,2026-08-04T18:22:04Z
GEN-00307,Payment Received,2026-08-04T18:40:55Z
GEN-00307,Packed,2026-08-05T14:54:09Z
GEN-00307,Inspected,2026-08-05T15:36:27Z
GEN-00307,Shipped,2026-08-05T17:33:15Z
GEN-00307,Delivered,2026-08-05T20:49:31Z
GEN-00308,Order Created,2026-08-10T17:00:14Z
GEN-00308,Payment Received,2026-08-10T17:03:42Z
GEN-00308,Packed,2026-08-11T02:48:09Z
GEN-00308,Inspected,2026-08-11T03:26:42Z
GEN-00308,Shipped,2026-08-11T05:07:47Z
GEN-00308,Delivered,2026-08-11T07:45:38Z
GEN-00309,Order Created,2026-08-06T12:39:59Z
GEN-00309,Payment Received,2026-08-06T12:51:35Z
GEN-00309,Packed,2026-08-06T16:05:52Z
GEN-00309,Inspected,2026-08-06T16:31:21Z
GEN-00309,Shipped,2026-08-06T19:21:06Z
GEN-00309,Delivered,2026-08-06T22:54:10Z
GEN-00310,Order Created,2026-08-09T16:15:59Z
GEN-00310,Payment Received,2026-08-09T16:32:31Z
GEN-00310,Packed,2026-08-09T23:01:35Z
GEN-00310,Inspected,2026-08-09T23:48:35Z
GEN-00310,Shipped,2026-08-10T01:18:33Z
GEN-00310,Delivered,2026-08-10T04:47:06Z
GEN-00311,Order Created,2026-08-04T09:42:50Z
GEN-00311,Payment Received,2026-08-04T09:57:00Z
GEN-00311,Packed,2026-08-04T12:49:17Z
GEN-00311,Inspected,2026-08-04T13:32:21Z
GEN-00311,Packed,2026-08-04T16:29:08Z
GEN-00311,Inspected,2026-08-04T17:10:40Z
GEN-00311,Shipped,2026-08-04T19:44:56Z
GEN-00311,Delivered,2026-08-04T22:04:34Z
GEN-00312,Order Created,2026-08-16T09:21:59Z
GEN-00312,Payment Attempt,2026-08-16T09:35:35Z
GEN-00312,Payment Attempt,2026-08-16T09:41:50Z
GEN-00312,Payment Received,2026-08-16T09:51:51Z
GEN-00312,Packed,2026-08-17T03:07:09Z
GEN-00312,Inspected,2026-08-17T03:48:13Z
GEN-00312,Shipped,2026-08-17T04:58:00Z
GEN-00312,Delivered,2026-08-17T07:07:31Z
GEN-00313,Order Created,2026-08-11T11:27:17Z
GEN-00313,Payment Received,2026-08-11T11:41:23Z
GEN-00313,Packed,2026-08-11T23:08:56Z
GEN-00313,Inspected,2026-08-11T23:36:57Z
GEN-00313,Shipped,2026-08-12T03:10:41Z
GEN-00313,Delivered,2026-08-12T05:19:22Z
GEN-00314,Order Created,2026-08-04T11:12:43Z
GEN-00315,Order Created,2026-08-16T11:54:14Z
GEN-00315,Payment Received,2026-08-16T11:57:13Z
GEN-00315,Packed,2026-08-17T03:15:12Z
GEN-00315,Inspected,2026-08-17T03:49:43Z
GEN-00315,Shipped,2026-08-17T05:46:11Z
GEN-00315,Delivered,2026-08-17T07:51:50Z
GEN-00316,Order Created,2026-08-05T11:55:45Z
GEN-00316,Payment Attempt,2026-08-05T12:17:12Z
GEN-00316,Payment Attempt,2026-08-05T12:34:47Z
GEN-00316,Payment Received,2026-08-05T12:45:42Z
GEN-00316,Packed,2026-08-05T21:39:51Z
GEN-00316,Inspected,2026-08-05T22:30:16Z
GEN-00316,Shipped,2026-08-06T00:51:51Z
GEN-00316,Delivered,2026-08-06T03:52:09Z
GEN-00317,Order Created,2026-08-14T10:31:32Z
GEN-00317,Payment Received,2026-08-14T10:47:24Z
GEN-00317,Packed,2026-08-14T14:31:57Z
GEN-00317,Inspected,2026-08-14T15:06:54Z
GEN-00317,Shipped,2026-08-14T16:56:33Z
GEN-00317,Delivered,2026-08-14T19:21:46Z
GEN-00318,Order Created,2026-08-06T08:47:53Z
GEN-00318,Payment Received,2026-08-06T08:54:33Z
GEN-00318,Packed,2026-08-06T14:48:41Z
GEN-00318,Inspected,2026-08-06T15:32:03Z
GEN-00318,Shipped,2026-08-06T18:28:59Z
GEN-00318,Delivered,2026-08-06T20:46:02Z
GEN-00319,Order Created,2026-08-14T15:44:37Z
GEN-00319,Payment Received,2026-08-14T15:52:00Z
GEN-00319,Packed,2026-08-14T21:26:03Z
GEN-00319,Inspected,2026-08-14T22:07:54Z
GEN-00319,Shipped,2026-08-14T23:19:06Z
GEN-00319,Delivered,2026-08-15T01:30:20Z
GEN-00320,Order Created,2026-08-11T10:33:09Z
GEN-00320,Payment Received,2026-08-11T10:40:00Z
GEN-00320,Packed,2026-08-11T15:07:24Z
GEN-00320,Inspected,2026-08-11T15:36:27Z
GEN-00320,Shipped,2026-08-11T17:44:53Z
GEN-00320,Delivered,2026-08-11T19:24:44Z
GEN-00321,Order Created,2026-08-12T18:07:23Z
GEN-00321,Payment Received,2026-08-12T18:25:37Z
GEN-00321,Packed,2026-08-12T21:03:52Z
GEN-00321,Inspected,2026-08-12T21:38:51Z
GEN-00321,Shipped,2026-08-12T23:04:32Z
GEN-00321,Delivered,2026-08-13T01:20:19Z
GEN-00322,Order Created,2026-08-10T09:15:31Z
GEN-00322,Payment Received,2026-08-10T09:27:59Z
GEN-00322,Packed,2026-08-11T00:59:23Z
GEN-00322,Inspected,2026-08-11T01:48:27Z
GEN-00322,Shipped,2026-08-11T04:37:42Z
GEN-00322,Delivered,2026-08-11T06:11:52Z
GEN-00323,Order Created,2026-08-15T13:27:17Z
GEN-00323,Payment Received,2026-08-15T13:31:41Z
GEN-00323,Packed,2026-08-16T03:19:52Z
GEN-00323,Inspected,2026-08-16T03:52:17Z
GEN-00323,Shipped,2026-08-16T06:16:21Z
GEN-00323,Delivered,2026-08-16T08:32:47Z
GEN-00324,Order Created,2026-08-14T08:20:40Z
GEN-00324,Payment Received,2026-08-14T08:38:12Z
GEN-00324,Packed,2026-08-14T10:39:30Z
GEN-00324,Inspected,2026-08-14T11:20:55Z
GEN-00324,Shipped,2026-08-14T14:03:05Z
GEN-00325,Order Created,2026-08-12T17:31:43Z
GEN-00325,Payment Received,2026-08-12T17:39:50Z
GEN-00325,Packed,2026-08-13T02:39:10Z
GEN-00325,Inspected,2026-08-13T03:18:49Z
GEN-00325,Shipped,2026-08-13T06:49:06Z
GEN-00325,Delivered,2026-08-13T11:59:47Z
GEN-00326,Order Created,2026-08-11T17:44:25Z
GEN-00326,Payment Received,2026-08-11T17:52:09Z
GEN-00326,Packed,2026-08-12T01:15:51Z
GEN-00326,Inspected,2026-08-12T01:58:06Z
GEN-00326,Shipped,2026-08-12T04:35:47Z
GEN-00326,Delivered,2026-08-12T06:37:20Z
GEN-00327,Order Created,2026-08-11T11:20:19Z
GEN-00327,Payment Received,2026-08-11T11:39:06Z
GEN-00327,Packed,2026-08-12T02:02:24Z
GEN-00327,Inspected,2026-08-12T02:41:26Z
GEN-00327,Shipped,2026-08-12T04:19:32Z
GEN-00327,Delivered,2026-08-12T07:10:21Z
GEN-00328,Order Created,2026-08-13T12:02:56Z
GEN-00328,Payment Received,2026-08-13T12:11:13Z
GEN-00328,Packed,2026-08-13T23:11:44Z
GEN-00328,Inspected,2026-08-13T23:37:19Z
GEN-00328,Shipped,2026-08-14T02:12:18Z
GEN-00329,Order Created,2026-08-06T12:56:22Z
GEN-00329,Payment Received,2026-08-06T13:05:41Z
GEN-00329,Packed,2026-08-06T18:04:10Z
GEN-00329,Inspected,2026-08-06T18:43:19Z
GEN-00329,Shipped,2026-08-06T22:17:10Z
GEN-00329,Delivered,2026-08-07T00:37:18Z
GEN-00330,Order Created,2026-08-16T09:54:54Z
GEN-00330,Payment Attempt,2026-08-16T09:59:48Z
GEN-00330,Payment Attempt,2026-08-16T10:03:23Z
GEN-00330,Payment Received,2026-08-16T10:19:06Z
GEN-00330,Packed,2026-08-16T22:41:42Z
GEN-00330,Inspected,2026-08-16T23:40:39Z
GEN-00330,Packed,2026-08-17T02:23:22Z
GEN-00330,Inspected,2026-08-17T02:59:47Z
GEN-00330,Shipped,2026-08-17T04:32:42Z
GEN-00330,Delivered,2026-08-17T07:29:32Z
GEN-00331,Order Created,2026-08-14T13:43:17Z
GEN-00332,Order Created,2026-08-07T13:57:40Z
GEN-00332,Payment Received,2026-08-07T14:02:54Z
GEN-00332,Packed,2026-08-08T01:44:11Z
GEN-00332,Inspected,2026-08-08T02:12:42Z
GEN-00332,Shipped,2026-08-08T05:52:07Z
GEN-00332,Delivered,2026-08-08T09:17:27Z
GEN-00333,Order Created,2026-08-13T13:49:41Z
GEN-00333,Payment Attempt,2026-08-13T14:13:21Z
GEN-00333,Payment Received,2026-08-13T14:15:53Z
GEN-00333,Packed,2026-08-13T18:28:18Z
GEN-00333,Inspected,2026-08-13T19:02:17Z
GEN-00333,Shipped,2026-08-13T21:18:20Z
GEN-00333,Delivered,2026-08-14T00:30:47Z
GEN-00334,Order Created,2026-08-09T16:04:00Z
GEN-00334,Payment Received,2026-08-09T16:10:22Z
GEN-00334,Packed,2026-08-10T00:29:26Z
GEN-00334,Inspected,2026-08-10T01:12:34Z
GEN-00334,Shipped,2026-08-10T02:15:02Z
GEN-00334,Delivered,2026-08-10T04:42:45Z
GEN-00335,Order Created,2026-08-07T09:09:03Z
GEN-00335,Payment Received,2026-08-07T09:13:19Z
GEN-00335,Packed,2026-08-07T21:32:52Z
GEN-00335,Inspected,2026-08-07T22:22:43Z
GEN-00335,Shipped,2026-08-08T01:28:04Z
GEN-00335,Delivered,2026-08-08T05:01:47Z
GEN-00336,Order Created,2026-08-12T12:51:58Z
GEN-00336,Payment Received,2026-08-12T13:09:14Z
GEN-00336,Packed,2026-08-12T21:32:42Z
GEN-00336,Inspected,2026-08-12T22:19:22Z
GEN-00336,Shipped,2026-08-12T23:49:28Z
GEN-00336,Delivered,2026-08-13T03:11:23Z
GEN-00337,Order Created,2026-08-05T08:45:41Z
GEN-00337,Payment Received,2026-08-05T08:58:22Z
GEN-00337,Packed,2026-08-05T17:42:10Z
GEN-00337,Inspected,2026-08-05T18:02:43Z
GEN-00337,Shipped,2026-08-05T19:35:18Z
GEN-00337,Delivered,2026-08-05T23:18:15Z
GEN-00338,Order Created,2026-08-03T11:12:37Z
GEN-00338,Payment Received,2026-08-03T11:17:13Z
GEN-00338,Packed,2026-08-04T01:19:00Z
GEN-00338,Inspected,2026-08-04T02:18:30Z
GEN-00338,Shipped,2026-08-04T05:15:32Z
GEN-00338,Delivered,2026-08-04T07:47:34Z
GEN-00339,Order Created,2026-08-13T14:23:33Z
GEN-00339,Payment Received,2026-08-13T14:35:01Z
GEN-00339,Packed,2026-08-13T22:03:36Z
GEN-00339,Inspected,2026-08-13T22:49:58Z
GEN-00339,Shipped,2026-08-14T00:51:09Z
GEN-00340,Order Created,2026-08-11T16:51:24Z
GEN-00340,Payment Received,2026-08-11T17:09:48Z
GEN-00340,Packed,2026-08-12T00:54:14Z
GEN-00340,Inspected,2026-08-12T01:19:21Z
GEN-00340,Shipped,2026-08-12T02:45:17Z
GEN-00340,Delivered,2026-08-12T07:40:28Z
GEN-00341,Order Created,2026-08-14T13:52:31Z
GEN-00341,Payment Received,2026-08-14T13:54:46Z
GEN-00341,Packed,2026-08-15T11:33:34Z
GEN-00341,Inspected,2026-08-15T12:29:29Z
GEN-00341,Shipped,2026-08-15T14:53:09Z
GEN-00341,Delivered,2026-08-15T17:04:56Z
GEN-00342,Order Created,2026-08-11T15:27:46Z
GEN-00342,Payment Received,2026-08-11T15:35:30Z
GEN-00342,Packed,2026-08-11T17:42:23Z
GEN-00342,Inspected,2026-08-11T18:25:11Z
GEN-00342,Packed,2026-08-11T20:52:23Z
GEN-00342,Inspected,2026-08-11T21:22:37Z
GEN-00342,Packed,2026-08-11T22:44:34Z
GEN-00342,Inspected,2026-08-11T23:25:33Z
GEN-00342,Shipped,2026-08-12T03:14:52Z
GEN-00342,Delivered,2026-08-12T06:07:28Z
GEN-00343,Order Created,2026-08-07T16:14:05Z
GEN-00343,Payment Received,2026-08-07T16:31:07Z
GEN-00343,Packed,2026-08-07T21:26:26Z
GEN-00343,Inspected,2026-08-07T22:05:33Z
GEN-00343,Packed,2026-08-08T00:27:41Z
GEN-00343,Inspected,2026-08-08T01:22:52Z
GEN-00343,Shipped,2026-08-08T02:27:22Z
GEN-00343,Delivered,2026-08-08T05:06:02Z
GEN-00344,Order Created,2026-08-07T12:43:26Z
GEN-00344,Payment Received,2026-08-07T12:47:27Z
GEN-00344,Packed,2026-08-07T23:27:28Z
GEN-00344,Inspected,2026-08-07T23:58:12Z
GEN-00344,Shipped,2026-08-08T01:00:33Z
GEN-00344,Delivered,2026-08-08T02:28:11Z
GEN-00345,Order Created,2026-08-03T15:17:30Z
GEN-00345,Payment Received,2026-08-03T15:31:19Z
GEN-00345,Packed,2026-08-03T23:20:20Z
GEN-00345,Inspected,2026-08-04T00:08:30Z
GEN-00345,Shipped,2026-08-04T03:32:18Z
GEN-00345,Delivered,2026-08-04T09:33:43Z
GEN-00346,Order Created,2026-08-16T11:07:22Z
GEN-00346,Payment Received,2026-08-16T11:25:39Z
GEN-00346,Packed,2026-08-17T00:42:38Z
GEN-00346,Inspected,2026-08-17T01:03:02Z
GEN-00346,Shipped,2026-08-17T03:44:34Z
GEN-00346,Delivered,2026-08-17T08:49:44Z
GEN-00347,Order Created,2026-08-15T13:44:12Z
GEN-00347,Payment Received,2026-08-15T14:03:21Z
GEN-00347,Packed,2026-08-15T23:38:24Z
GEN-00347,Inspected,2026-08-16T00:08:54Z
GEN-00347,Shipped,2026-08-16T02:50:11Z
GEN-00347,Delivered,2026-08-16T05:48:22Z
GEN-00348,Order Created,2026-08-07T17:02:26Z
GEN-00348,Payment Received,2026-08-07T17:05:46Z
GEN-00348,Packed,2026-08-07T22:26:58Z
GEN-00348,Inspected,2026-08-07T23:25:50Z
GEN-00348,Shipped,2026-08-08T03:25:26Z
GEN-00348,Delivered,2026-08-08T06:05:33Z
GEN-00349,Order Created,2026-08-14T18:22:45Z
GEN-00349,Payment Received,2026-08-14T18:29:31Z
GEN-00349,Packed,2026-08-15T00:25:26Z
GEN-00349,Inspected,2026-08-15T01:09:51Z
GEN-00349,Shipped,2026-08-15T03:38:46Z
GEN-00349,Delivered,2026-08-15T05:55:05Z
GEN-00350,Order Created,2026-08-04T12:01:10Z
GEN-00350,Payment Received,2026-08-04T12:05:08Z
GEN-00350,Packed,2026-08-04T17:32:49Z
GEN-00350,Inspected,2026-08-04T17:55:21Z
GEN-00350,Shipped,2026-08-04T19:35:55Z
GEN-00350,Delivered,2026-08-04T21:12:07Z
GEN-00351,Order Created,2026-08-07T14:10:20Z
GEN-00351,Payment Attempt,2026-08-07T14:25:22Z
GEN-00351,Payment Received,2026-08-07T14:41:28Z
GEN-00351,Packed,2026-08-07T16:55:12Z
GEN-00351,Inspected,2026-08-07T17:48:53Z
GEN-00351,Shipped,2026-08-07T21:42:46Z
GEN-00351,Delivered,2026-08-07T23:37:41Z
GEN-00352,Order Created,2026-08-11T14:21:10Z
GEN-00352,Payment Received,2026-08-11T14:30:22Z
GEN-00352,Packed,2026-08-12T04:14:24Z
GEN-00352,Inspected,2026-08-12T04:40:13Z
GEN-00352,Shipped,2026-08-12T06:40:24Z
GEN-00352,Delivered,2026-08-12T09:49:09Z
GEN-00353,Order Created,2026-08-07T19:45:21Z
GEN-00353,Payment Received,2026-08-07T19:56:58Z
GEN-00353,Packed,2026-08-07T22:18:14Z
GEN-00353,Inspected,2026-08-07T23:04:57Z
GEN-00353,Shipped,2026-08-08T00:15:45Z
GEN-00353,Delivered,2026-08-08T02:21:50Z
GEN-00354,Order Created,2026-08-11T08:12:32Z
GEN-00354,Payment Received,2026-08-11T08:27:29Z
GEN-00354,Packed,2026-08-11T11:34:17Z
GEN-00354,Inspected,2026-08-11T12:09:54Z
GEN-00354,Shipped,2026-08-11T14:50:55Z
GEN-00354,Delivered,2026-08-11T16:57:40Z
GEN-00355,Order Created,2026-08-05T08:14:41Z
GEN-00355,Payment Received,2026-08-05T08:23:54Z
GEN-00355,Packed,2026-08-05T10:20:01Z
GEN-00355,Inspected,2026-08-05T10:45:01Z
GEN-00355,Packed,2026-08-05T12:53:51Z
GEN-00355,Inspected,2026-08-05T13:38:05Z
GEN-00355,Packed,2026-08-05T15:01:35Z
GEN-00355,Inspected,2026-08-05T15:59:06Z
GEN-00355,Shipped,2026-08-05T18:23:50Z
GEN-00355,Delivered,2026-08-05T20:15:38Z
GEN-00356,Order Created,2026-08-07T11:03:33Z
GEN-00356,Payment Attempt,2026-08-07T11:21:17Z
GEN-00356,Payment Received,2026-08-07T11:24:53Z
GEN-00356,Packed,2026-08-07T21:34:47Z
GEN-00356,Inspected,2026-08-07T22:32:23Z
GEN-00356,Shipped,2026-08-08T01:49:22Z
GEN-00356,Delivered,2026-08-08T03:58:25Z
GEN-00357,Order Created,2026-08-11T10:44:07Z
GEN-00357,Payment Received,2026-08-11T10:53:45Z
GEN-00357,Packed,2026-08-11T17:51:17Z
GEN-00357,Inspected,2026-08-11T18:35:18Z
GEN-00357,Packed,2026-08-11T20:04:15Z
GEN-00357,Inspected,2026-08-11T20:53:07Z
GEN-00357,Shipped,2026-08-11T23:43:20Z
GEN-00357,Delivered,2026-08-12T02:37:33Z
GEN-00358,Order Created,2026-08-05T18:35:30Z
GEN-00358,Payment Received,2026-08-05T18:39:42Z
GEN-00358,Packed,2026-08-05T22:08:12Z
GEN-00358,Inspected,2026-08-05T22:39:10Z
GEN-00358,Packed,2026-08-05T23:41:59Z
GEN-00358,Inspected,2026-08-06T00:35:43Z
GEN-00358,Shipped,2026-08-06T03:24:05Z
GEN-00358,Delivered,2026-08-06T07:00:23Z
GEN-00359,Order Created,2026-08-07T09:22:38Z
GEN-00359,Payment Received,2026-08-07T09:34:19Z
GEN-00359,Packed,2026-08-07T16:38:04Z
GEN-00359,Inspected,2026-08-07T17:16:52Z
GEN-00359,Shipped,2026-08-07T18:40:02Z
GEN-00359,Delivered,2026-08-07T22:13:36Z
GEN-00360,Order Created,2026-08-16T15:53:05Z
GEN-00360,Payment Attempt,2026-08-16T16:00:47Z
GEN-00360,Payment Attempt,2026-08-16T16:04:08Z
GEN-00360,Payment Received,2026-08-16T16:17:12Z
GEN-00360,Packed,2026-08-17T09:13:03Z
GEN-00360,Inspected,2026-08-17T09:45:16Z
GEN-00360,Packed,2026-08-17T12:28:58Z
GEN-00360,Inspected,2026-08-17T13:19:14Z
GEN-00360,Packed,2026-08-17T14:37:57Z
GEN-00360,Inspected,2026-08-17T15:02:47Z
GEN-00360,Shipped,2026-08-17T16:13:02Z
GEN-00360,Delivered,2026-08-17T21:06:19Z
GEN-00361,Order Created,2026-08-05T09:48:27Z
GEN-00361,Payment Received,2026-08-05T10:02:57Z
GEN-00361,Packed,2026-08-05T14:21:52Z
GEN-00361,Inspected,2026-08-05T14:48:15Z
GEN-00361,Shipped,2026-08-05T18:36:55Z
GEN-00361,Delivered,2026-08-05T20:09:36Z
GEN-00362,Order Created,2026-08-11T15:24:19Z
GEN-00362,Payment Received,2026-08-11T15:36:54Z
GEN-00362,Packed,2026-08-11T21:40:54Z
GEN-00362,Inspected,2026-08-11T22:09:02Z
GEN-00362,Shipped,2026-08-12T01:58:55Z
GEN-00362,Delivered,2026-08-12T05:56:17Z
GEN-00363,Order Created,2026-08-14T17:02:43Z
GEN-00363,Payment Received,2026-08-14T17:08:08Z
GEN-00363,Packed,2026-08-14T22:12:39Z
GEN-00363,Inspected,2026-08-14T22:33:26Z
GEN-00363,Packed,2026-08-15T01:23:53Z
GEN-00363,Inspected,2026-08-15T01:48:13Z
GEN-00363,Shipped,2026-08-15T05:20:52Z
GEN-00363,Delivered,2026-08-15T09:03:48Z
GEN-00364,Order Created,2026-08-07T19:39:51Z
GEN-00364,Payment Received,2026-08-07T19:54:05Z
GEN-00364,Packed,2026-08-08T05:48:23Z
GEN-00364,Inspected,2026-08-08T06:15:57Z
GEN-00364,Packed,2026-08-08T08:12:40Z
GEN-00364,Inspected,2026-08-08T09:09:21Z
GEN-00364,Shipped,2026-08-08T12:01:26Z
GEN-00364,Delivered,2026-08-08T14:32:21Z
GEN-00365,Order Created,2026-08-16T08:19:17Z
GEN-00366,Order Created,2026-08-13T09:44:29Z
GEN-00366,Payment Received,2026-08-13T09:56:54Z
GEN-00366,Packed,2026-08-13T14:37:19Z
GEN-00366,Inspected,2026-08-13T14:57:19Z
GEN-00366,Shipped,2026-08-13T18:26:58Z
GEN-00366,Delivered,2026-08-13T22:59:06Z
GEN-00367,Order Created,2026-08-08T12:40:40Z
GEN-00367,Payment Received,2026-08-08T12:44:33Z
GEN-00367,Packed,2026-08-09T00:22:46Z
GEN-00367,Inspected,2026-08-09T00:55:00Z
GEN-00367,Packed,2026-08-09T03:49:59Z
GEN-00367,Inspected,2026-08-09T04:46:01Z
GEN-00367,Packed,2026-08-09T07:45:07Z
GEN-00367,Inspected,2026-08-09T08:14:18Z
GEN-00367,Shipped,2026-08-09T12:02:51Z
GEN-00367,Delivered,2026-08-09T16:31:58Z
GEN-00368,Order Created,2026-08-12T10:49:52Z
GEN-00368,Payment Received,2026-08-12T11:05:11Z
GEN-00368,Packed,2026-08-12T14:54:38Z
GEN-00368,Inspected,2026-08-12T15:39:16Z
GEN-00368,Shipped,2026-08-12T19:10:08Z
GEN-00368,Delivered,2026-08-12T21:39:43Z
GEN-00369,Order Created,2026-08-04T13:41:14Z
GEN-00369,Payment Received,2026-08-04T13:54:21Z
GEN-00369,Packed,2026-08-04T21:04:50Z
GEN-00369,Inspected,2026-08-04T21:42:34Z
GEN-00369,Packed,2026-08-05T00:32:33Z
GEN-00369,Inspected,2026-08-05T01:30:28Z
GEN-00369,Packed,2026-08-05T03:37:58Z
GEN-00369,Inspected,2026-08-05T04:26:32Z
GEN-00369,Shipped,2026-08-05T05:42:20Z
GEN-00369,Delivered,2026-08-05T08:58:45Z
GEN-00370,Order Created,2026-08-14T17:19:30Z
GEN-00370,Payment Received,2026-08-14T17:28:08Z
GEN-00370,Packed,2026-08-15T01:40:34Z
GEN-00371,Order Created,2026-08-07T16:34:00Z
GEN-00371,Payment Received,2026-08-07T16:51:29Z
GEN-00371,Packed,2026-08-08T00:44:14Z
GEN-00371,Inspected,2026-08-08T01:07:34Z
GEN-00371,Shipped,2026-08-08T05:04:53Z
GEN-00371,Delivered,2026-08-08T10:18:31Z
GEN-00372,Order Created,2026-08-07T19:37:36Z
GEN-00372,Payment Received,2026-08-07T19:56:20Z
GEN-00372,Packed,2026-08-07T22:30:28Z
GEN-00372,Inspected,2026-08-07T23:03:44Z
GEN-00372,Shipped,2026-08-08T02:35:07Z
GEN-00372,Delivered,2026-08-08T07:05:36Z
GEN-00373,Order Created,2026-08-12T18:05:32Z
GEN-00373,Payment Received,2026-08-12T18:17:03Z
GEN-00373,Packed,2026-08-12T23:56:15Z
GEN-00373,Inspected,2026-08-13T00:54:12Z
GEN-00373,Shipped,2026-08-13T02:31:25Z
GEN-00373,Delivered,2026-08-13T04:22:14Z
GEN-00374,Order Created,2026-08-05T16:42:02Z
GEN-00374,Payment Received,2026-08-05T16:50:30Z
GEN-00374,Packed,2026-08-05T21:31:59Z
GEN-00374,Inspected,2026-08-05T22:10:01Z
GEN-00374,Shipped,2026-08-06T01:04:40Z
GEN-00374,Delivered,2026-08-06T02:55:23Z
GEN-00375,Order Created,2026-08-11T09:45:10Z
GEN-00375,Payment Attempt,2026-08-11T09:52:15Z
GEN-00375,Payment Attempt,2026-08-11T10:14:26Z
GEN-00375,Payment Received,2026-08-11T10:16:58Z
GEN-00375,Packed,2026-08-11T17:03:53Z
GEN-00375,Inspected,2026-08-11T17:59:57Z
GEN-00375,Shipped,2026-08-11T21:33:26Z
GEN-00375,Delivered,2026-08-11T23:19:29Z
GEN-00376,Order Created,2026-08-06T11:39:46Z
GEN-00376,Payment Received,2026-08-06T11:53:49Z
GEN-00376,Packed,2026-08-06T22:17:37Z
GEN-00376,Inspected,2026-08-06T23:07:42Z
GEN-00376,Shipped,2026-08-07T00:16:59Z
GEN-00376,Delivered,2026-08-07T03:41:48Z
GEN-00377,Order Created,2026-08-14T15:18:04Z
GEN-00377,Payment Attempt,2026-08-14T15:27:11Z
GEN-00377,Payment Received,2026-08-14T15:44:39Z
GEN-00377,Packed,2026-08-14T23:50:40Z
GEN-00377,Inspected,2026-08-15T00:11:44Z
GEN-00377,Shipped,2026-08-15T03:46:08Z
GEN-00377,Delivered,2026-08-15T05:56:06Z
GEN-00378,Order Created,2026-08-15T17:51:31Z
GEN-00378,Payment Received,2026-08-15T17:55:48Z
GEN-00378,Packed,2026-08-15T22:06:29Z
GEN-00378,Inspected,2026-08-15T22:29:10Z
GEN-00378,Shipped,2026-08-16T00:34:34Z
GEN-00378,Delivered,2026-08-16T02:52:25Z
GEN-00379,Order Created,2026-08-05T19:44:48Z
GEN-00379,Payment Received,2026-08-05T20:01:00Z
GEN-00379,Packed,2026-08-06T00:27:13Z
GEN-00379,Inspected,2026-08-06T01:12:32Z
GEN-00379,Shipped,2026-08-06T04:52:41Z
GEN-00379,Delivered,2026-08-06T07:26:18Z
GEN-00380,Order Created,2026-08-10T13:35:51Z
GEN-00380,Payment Received,2026-08-10T13:49:19Z
GEN-00380,Packed,2026-08-10T16:25:44Z
GEN-00380,Inspected,2026-08-10T17:21:15Z
GEN-00380,Shipped,2026-08-10T20:49:23Z
GEN-00380,Delivered,2026-08-11T01:37:59Z
GEN-00381,Order Created,2026-08-03T08:08:38Z
GEN-00381,Payment Received,2026-08-03T08:19:31Z
GEN-00381,Packed,2026-08-03T18:33:35Z
GEN-00382,Order Created,2026-08-13T17:02:00Z
GEN-00382,Payment Received,2026-08-13T17:06:14Z
GEN-00382,Packed,2026-08-13T22:11:38Z
GEN-00383,Order Created,2026-08-04T16:30:48Z
GEN-00383,Payment Received,2026-08-04T16:35:27Z
GEN-00383,Packed,2026-08-04T21:17:01Z
GEN-00383,Inspected,2026-08-04T22:06:10Z
GEN-00383,Shipped,2026-08-05T01:42:00Z
GEN-00383,Delivered,2026-08-05T05:18:28Z
GEN-00384,Order Created,2026-08-03T15:57:12Z
GEN-00384,Payment Attempt,2026-08-03T16:10:02Z
GEN-00384,Payment Received,2026-08-03T16:16:55Z
GEN-00384,Packed,2026-08-03T22:58:35Z
GEN-00384,Inspected,2026-08-03T23:57:11Z
GEN-00384,Packed,2026-08-04T01:31:37Z
GEN-00384,Inspected,2026-08-04T02:12:13Z
GEN-00384,Shipped,2026-08-04T04:00:20Z
GEN-00384,Delivered,2026-08-04T08:45:36Z
GEN-00385,Order Created,2026-08-12T10:31:33Z
GEN-00385,Payment Received,2026-08-12T10:50:44Z
GEN-00385,Packed,2026-08-12T19:39:18Z
GEN-00385,Inspected,2026-08-12T20:22:23Z
GEN-00385,Shipped,2026-08-12T23:51:18Z
GEN-00385,Delivered,2026-08-13T02:19:01Z
GEN-00386,Order Created,2026-08-13T18:58:50Z
GEN-00386,Payment Attempt,2026-08-13T19:19:16Z
GEN-00386,Payment Attempt,2026-08-13T19:27:39Z
GEN-00386,Payment Received,2026-08-13T19:35:26Z
GEN-00386,Packed,2026-08-13T22:27:29Z
GEN-00386,Inspected,2026-08-13T23:13:13Z
GEN-00386,Shipped,2026-08-14T00:32:54Z
GEN-00386,Delivered,2026-08-14T02:09:35Z
GEN-00387,Order Created,2026-08-03T16:13:28Z
GEN-00387,Payment Attempt,2026-08-03T16:38:17Z
GEN-00387,Payment Received,2026-08-03T16:45:59Z
GEN-00387,Packed,2026-08-04T04:17:16Z
GEN-00387,Inspected,2026-08-04T05:08:48Z
GEN-00387,Shipped,2026-08-04T07:54:11Z
GEN-00387,Delivered,2026-08-04T09:38:25Z
GEN-00388,Order Created,2026-08-11T09:32:33Z
GEN-00389,Order Created,2026-08-11T18:41:05Z
GEN-00389,Payment Received,2026-08-11T18:59:03Z
GEN-00389,Packed,2026-08-11T23:19:08Z
GEN-00389,Inspected,2026-08-11T23:53:55Z
GEN-00389,Shipped,2026-08-12T03:50:52Z
GEN-00389,Delivered,2026-08-12T06:46:27Z
GEN-00390,Order Created,2026-08-03T12:41:53Z
GEN-00390,Payment Received,2026-08-03T12:58:25Z
GEN-00390,Packed,2026-08-03T15:52:34Z
GEN-00390,Inspected,2026-08-03T16:25:52Z
GEN-00390,Shipped,2026-08-03T20:25:37Z
GEN-00390,Delivered,2026-08-03T23:18:06Z
GEN-00391,Order Created,2026-08-03T19:01:08Z
GEN-00391,Payment Received,2026-08-03T19:10:35Z
GEN-00391,Packed,2026-08-04T00:19:33Z
GEN-00391,Inspected,2026-08-04T00:41:48Z
GEN-00391,Shipped,2026-08-04T02:01:27Z
GEN-00391,Delivered,2026-08-04T04:48:51Z
GEN-00392,Order Created,2026-08-13T17:10:44Z
GEN-00392,Payment Received,2026-08-13T17:12:53Z
GEN-00392,Packed,2026-08-13T22:58:43Z
GEN-00392,Inspected,2026-08-13T23:25:55Z
GEN-00392,Shipped,2026-08-14T01:53:27Z
GEN-00392,Delivered,2026-08-14T06:32:15Z
GEN-00393,Order Created,2026-08-11T09:27:14Z
GEN-00393,Payment Received,2026-08-11T09:38:41Z
GEN-00393,Packed,2026-08-11T15:20:57Z
GEN-00393,Inspected,2026-08-11T16:16:47Z
GEN-00393,Shipped,2026-08-11T18:23:07Z
GEN-00393,Delivered,2026-08-12T00:22:07Z
GEN-00394,Order Created,2026-08-05T11:51:18Z
GEN-00394,Payment Received,2026-08-05T11:53:27Z
GEN-00394,Packed,2026-08-06T00:29:36Z
GEN-00394,Inspected,2026-08-06T01:26:45Z
GEN-00394,Packed,2026-08-06T03:35:36Z
GEN-00394,Inspected,2026-08-06T04:17:52Z
GEN-00394,Shipped,2026-08-06T08:14:59Z
GEN-00394,Delivered,2026-08-06T10:10:07Z
GEN-00395,Order Created,2026-08-10T19:15:12Z
GEN-00395,Payment Received,2026-08-10T19:33:51Z
GEN-00395,Packed,2026-08-11T03:59:54Z
GEN-00395,Inspected,2026-08-11T04:52:54Z
GEN-00395,Shipped,2026-08-11T07:37:26Z
GEN-00395,Delivered,2026-08-11T11:38:51Z
GEN-00396,Order Created,2026-08-07T11:52:22Z
GEN-00396,Payment Received,2026-08-07T11:57:53Z
GEN-00396,Packed,2026-08-07T20:36:12Z
GEN-00396,Inspected,2026-08-07T20:58:26Z
GEN-00396,Shipped,2026-08-07T22:33:21Z
GEN-00396,Delivered,2026-08-08T01:07:13Z
GEN-00397,Order Created,2026-08-14T10:08:48Z
GEN-00397,Payment Received,2026-08-14T10:20:20Z
GEN-00397,Packed,2026-08-14T12:57:33Z
GEN-00397,Inspected,2026-08-14T13:35:09Z
GEN-00397,Shipped,2026-08-14T16:11:42Z
GEN-00397,Delivered,2026-08-14T19:01:12Z
GEN-00398,Order Created,2026-08-08T19:04:37Z
GEN-00398,Payment Attempt,2026-08-08T19:09:36Z
GEN-00398,Payment Attempt,2026-08-08T19:26:47Z
GEN-00398,Payment Received,2026-08-08T19:30:01Z
GEN-00398,Packed,2026-08-09T09:13:01Z
GEN-00398,Inspected,2026-08-09T09:57:55Z
GEN-00398,Packed,2026-08-09T12:43:55Z
GEN-00398,Inspected,2026-08-09T13:24:21Z
GEN-00398,Shipped,2026-08-09T16:17:07Z
GEN-00398,Delivered,2026-08-09T18:39:58Z
GEN-00399,Order Created,2026-08-12T16:57:28Z
GEN-00399,Payment Received,2026-08-12T17:02:30Z
GEN-00399,Packed,2026-08-13T06:32:25Z
GEN-00399,Inspected,2026-08-13T07:15:58Z
GEN-00399,Shipped,2026-08-13T08:54:22Z
GEN-00399,Delivered,2026-08-13T13:10:00Z
GEN-00400,Order Created,2026-08-14T12:17:04Z
GEN-00400,Payment Attempt,2026-08-14T12:24:56Z
GEN-00400,Payment Attempt,2026-08-14T12:48:07Z
GEN-00400,Payment Received,2026-08-14T12:51:23Z
GEN-00400,Packed,2026-08-14T23:01:02Z
GEN-00400,Inspected,2026-08-14T23:26:45Z
GEN-00400,Shipped,2026-08-15T02:33:12Z
GEN-00400,Delivered,2026-08-15T06:05:19Z
GEN-00401,Order Created,2026-08-12T08:58:18Z
GEN-00401,Payment Received,2026-08-12T09:01:18Z
GEN-00401,Packed,2026-08-12T12:39:33Z
GEN-00401,Inspected,2026-08-12T13:15:37Z
GEN-00401,Shipped,2026-08-12T15:37:21Z
GEN-00401,Delivered,2026-08-12T19:27:32Z
GEN-00402,Order Created,2026-08-05T19:59:21Z
GEN-00402,Payment Received,2026-08-05T20:09:57Z
GEN-00402,Packed,2026-08-06T03:07:05Z
GEN-00402,Inspected,2026-08-06T03:36:54Z
GEN-00402,Packed,2026-08-06T04:54:25Z
GEN-00402,Inspected,2026-08-06T05:48:27Z
GEN-00402,Shipped,2026-08-06T08:12:14Z
GEN-00403,Order Created,2026-08-14T10:57:37Z
GEN-00403,Payment Received,2026-08-14T11:08:15Z
GEN-00403,Packed,2026-08-14T19:59:38Z
GEN-00403,Inspected,2026-08-14T20:53:20Z
GEN-00403,Shipped,2026-08-15T00:19:09Z
GEN-00403,Delivered,2026-08-15T05:47:10Z
GEN-00404,Order Created,2026-08-03T15:08:45Z
GEN-00404,Payment Received,2026-08-03T15:18:11Z
GEN-00404,Packed,2026-08-03T18:02:57Z
GEN-00404,Inspected,2026-08-03T18:29:23Z
GEN-00404,Shipped,2026-08-03T22:07:46Z
GEN-00404,Delivered,2026-08-04T02:12:50Z
GEN-00405,Order Created,2026-08-03T15:57:42Z
GEN-00405,Payment Attempt,2026-08-03T16:12:24Z
GEN-00405,Payment Attempt,2026-08-03T16:29:19Z
GEN-00405,Payment Received,2026-08-03T16:31:24Z
GEN-00405,Packed,2026-08-04T06:55:00Z
GEN-00405,Inspected,2026-08-04T07:31:08Z
GEN-00405,Shipped,2026-08-04T08:51:42Z
GEN-00405,Delivered,2026-08-04T12:23:56Z
GEN-00406,Order Created,2026-08-05T13:10:03Z
GEN-00406,Payment Received,2026-08-05T13:27:12Z
GEN-00406,Packed,2026-08-05T18:15:10Z
GEN-00406,Inspected,2026-08-05T18:35:59Z
GEN-00406,Shipped,2026-08-05T22:27:02Z
GEN-00406,Delivered,2026-08-06T00:24:57Z
GEN-00407,Order Created,2026-08-04T16:01:01Z
GEN-00407,Payment Received,2026-08-04T16:20:15Z
GEN-00407,Packed,2026-08-05T01:17:22Z
GEN-00408,Order Created,2026-08-11T16:09:47Z
GEN-00408,Payment Received,2026-08-11T16:15:12Z
GEN-00408,Packed,2026-08-11T20:35:02Z
GEN-00408,Inspected,2026-08-11T21:00:04Z
GEN-00408,Packed,2026-08-11T22:40:12Z
GEN-00408,Inspected,2026-08-11T23:09:52Z
GEN-00408,Shipped,2026-08-12T00:15:04Z
GEN-00408,Delivered,2026-08-12T02:56:35Z
GEN-00409,Order Created,2026-08-14T14:45:55Z
GEN-00409,Payment Received,2026-08-14T14:50:39Z
GEN-00409,Packed,2026-08-14T20:48:26Z
GEN-00409,Inspected,2026-08-14T21:29:24Z
GEN-00409,Shipped,2026-08-15T01:00:02Z
GEN-00409,Delivered,2026-08-15T05:41:08Z
GEN-00410,Order Created,2026-08-14T13:13:12Z
GEN-00410,Payment Received,2026-08-14T13:32:58Z
GEN-00410,Packed,2026-08-15T04:06:26Z
GEN-00410,Inspected,2026-08-15T04:31:59Z
GEN-00410,Shipped,2026-08-15T07:33:28Z
GEN-00410,Delivered,2026-08-15T11:55:43Z
GEN-00411,Order Created,2026-08-12T19:59:25Z
GEN-00411,Payment Attempt,2026-08-12T20:16:43Z
GEN-00411,Payment Received,2026-08-12T20:20:05Z
GEN-00411,Packed,2026-08-13T02:03:50Z
GEN-00411,Inspected,2026-08-13T02:47:45Z
GEN-00411,Shipped,2026-08-13T04:40:43Z
GEN-00411,Delivered,2026-08-13T06:21:18Z
GEN-00412,Order Created,2026-08-12T10:34:46Z
GEN-00412,Payment Received,2026-08-12T10:46:59Z
GEN-00412,Packed,2026-08-12T14:46:06Z
GEN-00412,Inspected,2026-08-12T15:14:04Z
GEN-00412,Shipped,2026-08-12T18:34:15Z
GEN-00412,Delivered,2026-08-12T22:17:39Z
GEN-00413,Order Created,2026-08-12T15:37:09Z
GEN-00413,Payment Received,2026-08-12T15:55:36Z
GEN-00413,Packed,2026-08-12T20:25:49Z
GEN-00413,Inspected,2026-08-12T21:05:30Z
GEN-00413,Shipped,2026-08-13T00:05:42Z
GEN-00413,Delivered,2026-08-13T04:28:05Z
GEN-00414,Order Created,2026-08-04T08:30:30Z
GEN-00414,Payment Received,2026-08-04T08:38:10Z
GEN-00414,Packed,2026-08-04T14:04:55Z
GEN-00414,Inspected,2026-08-04T14:47:22Z
GEN-00414,Packed,2026-08-04T16:39:48Z
GEN-00414,Inspected,2026-08-04T17:24:20Z
GEN-00414,Packed,2026-08-04T19:54:33Z
GEN-00414,Inspected,2026-08-04T20:29:12Z
GEN-00414,Shipped,2026-08-04T22:47:40Z
GEN-00414,Delivered,2026-08-05T02:52:55Z
GEN-00415,Order Created,2026-08-10T19:16:27Z
GEN-00415,Payment Received,2026-08-10T19:18:46Z
GEN-00415,Packed,2026-08-11T11:04:08Z
GEN-00415,Inspected,2026-08-11T11:40:19Z
GEN-00415,Shipped,2026-08-11T12:59:10Z
GEN-00415,Delivered,2026-08-11T15:29:27Z
GEN-00416,Order Created,2026-08-04T09:34:30Z
GEN-00416,Payment Attempt,2026-08-04T09:58:43Z
GEN-00416,Payment Attempt,2026-08-04T10:19:06Z
GEN-00416,Payment Received,2026-08-04T10:26:42Z
GEN-00416,Packed,2026-08-04T14:32:26Z
GEN-00416,Inspected,2026-08-04T14:58:07Z
GEN-00416,Shipped,2026-08-04T17:34:48Z
GEN-00416,Delivered,2026-08-04T20:19:47Z
GEN-00417,Order Created,2026-08-06T09:04:21Z
GEN-00417,Payment Received,2026-08-06T09:09:24Z
GEN-00417,Packed,2026-08-06T15:52:32Z
GEN-00417,Inspected,2026-08-06T16:23:14Z
GEN-00417,Shipped,2026-08-06T17:50:20Z
GEN-00418,Order Created,2026-08-07T13:13:59Z
GEN-00418,Payment Received,2026-08-07T13:24:11Z
GEN-00418,Packed,2026-08-07T23:57:11Z
GEN-00418,Inspected,2026-08-08T00:36:24Z
GEN-00418,Shipped,2026-08-08T04:11:03Z
GEN-00418,Delivered,2026-08-08T08:05:10Z
GEN-00419,Order Created,2026-08-16T16:03:16Z
GEN-00419,Payment Received,2026-08-16T16:19:09Z
GEN-00419,Packed,2026-08-17T00:09:12Z
GEN-00419,Inspected,2026-08-17T00:52:16Z
GEN-00419,Shipped,2026-08-17T03:38:08Z
GEN-00419,Delivered,2026-08-17T06:08:14Z
GEN-00420,Order Created,2026-08-03T13:32:16Z
GEN-00420,Payment Attempt,2026-08-03T13:38:11Z
GEN-00420,Payment Received,2026-08-03T13:56:45Z
GEN-00420,Packed,2026-08-03T18:52:53Z
GEN-00420,Inspected,2026-08-03T19:18:05Z
GEN-00420,Packed,2026-08-03T21:55:07Z
GEN-00420,Inspected,2026-08-03T22:28:32Z
GEN-00420,Shipped,2026-08-04T01:00:19Z
GEN-00420,Delivered,2026-08-04T02:46:36Z
GEN-00421,Order Created,2026-08-12T10:26:19Z
GEN-00421,Payment Attempt,2026-08-12T10:47:48Z
GEN-00421,Payment Received,2026-08-12T10:51:45Z
GEN-00421,Packed,2026-08-12T16:07:26Z
GEN-00421,Inspected,2026-08-12T16:33:39Z
GEN-00421,Packed,2026-08-12T19:33:28Z
GEN-00421,Inspected,2026-08-12T20:23:21Z
GEN-00421,Shipped,2026-08-12T22:30:18Z
GEN-00421,Delivered,2026-08-13T01:05:14Z
GEN-00422,Order Created,2026-08-09T11:14:26Z
GEN-00422,Payment Received,2026-08-09T11:26:49Z
GEN-00422,Packed,2026-08-10T06:43:36Z
GEN-00422,Inspected,2026-08-10T07:26:19Z
GEN-00422,Shipped,2026-08-10T10:05:22Z
GEN-00423,Order Created,2026-08-14T10:32:52Z
GEN-00423,Payment Attempt,2026-08-14T10:43:34Z
GEN-00423,Payment Received,2026-08-14T11:00:40Z
GEN-00423,Packed,2026-08-14T21:20:50Z
GEN-00423,Inspected,2026-08-14T22:18:05Z
GEN-00423,Shipped,2026-08-15T02:12:33Z
GEN-00423,Delivered,2026-08-15T09:31:47Z
GEN-00424,Order Created,2026-08-09T19:51:50Z
GEN-00425,Order Created,2026-08-13T18:33:34Z
GEN-00425,Payment Attempt,2026-08-13T18:42:58Z
GEN-00425,Payment Attempt,2026-08-13T18:47:42Z
GEN-00425,Payment Received,2026-08-13T19:03:29Z
GEN-00425,Packed,2026-08-14T02:42:50Z
GEN-00425,Inspected,2026-08-14T03:41:44Z
GEN-00425,Shipped,2026-08-14T04:46:02Z
GEN-00425,Delivered,2026-08-14T08:32:08Z
GEN-00426,Order Created,2026-08-16T17:36:13Z
GEN-00426,Payment Attempt,2026-08-16T17:47:10Z
GEN-00426,Payment Received,2026-08-16T17:57:40Z
GEN-00426,Packed,2026-08-17T07:03:35Z
GEN-00426,Inspected,2026-08-17T07:49:11Z
GEN-00426,Shipped,2026-08-17T11:22:02Z
GEN-00426,Delivered,2026-08-17T15:41:04Z
GEN-00427,Order Created,2026-08-10T08:37:32Z
GEN-00427,Payment Received,2026-08-10T08:55:12Z
GEN-00427,Packed,2026-08-10T14:24:07Z
GEN-00427,Inspected,2026-08-10T15:15:04Z
GEN-00427,Shipped,2026-08-10T17:23:44Z
GEN-00427,Delivered,2026-08-10T20:07:54Z
GEN-00428,Order Created,2026-08-12T08:16:06Z
GEN-00428,Payment Received,2026-08-12T08:29:36Z
GEN-00428,Packed,2026-08-12T11:27:13Z
GEN-00428,Inspected,2026-08-12T12:09:36Z
GEN-00428,Shipped,2026-08-12T16:05:00Z
GEN-00428,Delivered,2026-08-12T19:50:08Z
GEN-00429,Order Created,2026-08-06T11:39:08Z
GEN-00429,Payment Received,2026-08-06T11:52:40Z
GEN-00429,Packed,2026-08-06T15:56:21Z
GEN-00429,Inspected,2026-08-06T16:18:55Z
GEN-00429,Shipped,2026-08-06T19:29:58Z
GEN-00429,Delivered,2026-08-06T22:47:26Z
GEN-00430,Order Created,2026-08-13T15:40:11Z
GEN-00430,Payment Attempt,2026-08-13T15:59:34Z
GEN-00430,Payment Received,2026-08-13T16:07:45Z
GEN-00430,Packed,2026-08-14T00:06:13Z
GEN-00430,Inspected,2026-08-14T00:36:14Z
GEN-00430,Shipped,2026-08-14T01:49:34Z
GEN-00430,Delivered,2026-08-14T05:58:55Z
GEN-00431,Order Created,2026-08-06T13:39:58Z
GEN-00432,Order Created,2026-08-13T11:16:53Z
GEN-00432,Payment Received,2026-08-13T11:20:04Z
GEN-00432,Packed,2026-08-13T14:40:50Z
GEN-00432,Inspected,2026-08-13T15:34:11Z
GEN-00432,Shipped,2026-08-13T18:16:57Z
GEN-00432,Delivered,2026-08-13T20:58:58Z
GEN-00433,Order Created,2026-08-12T13:52:49Z
GEN-00433,Payment Received,2026-08-12T14:00:13Z
GEN-00433,Packed,2026-08-12T19:31:00Z
GEN-00433,Inspected,2026-08-12T20:23:22Z
GEN-00433,Shipped,2026-08-12T22:06:18Z
GEN-00433,Delivered,2026-08-13T01:46:20Z
GEN-00434,Order Created,2026-08-11T15:49:13Z
GEN-00434,Payment Received,2026-08-11T16:04:45Z
GEN-00434,Packed,2026-08-11T20:21:18Z
GEN-00435,Order Created,2026-08-11T15:27:39Z
GEN-00435,Payment Received,2026-08-11T15:43:42Z
GEN-00435,Packed,2026-08-12T15:59:49Z
GEN-00435,Inspected,2026-08-12T16:33:41Z
GEN-00435,Shipped,2026-08-12T19:31:37Z
GEN-00435,Delivered,2026-08-12T21:33:22Z
GEN-00436,Order Created,2026-08-06T09:31:17Z
GEN-00436,Payment Received,2026-08-06T09:35:10Z
GEN-00436,Packed,2026-08-06T20:20:41Z
GEN-00436,Inspected,2026-08-06T20:59:35Z
GEN-00436,Shipped,2026-08-06T22:34:14Z
GEN-00436,Delivered,2026-08-07T01:57:58Z
GEN-00437,Order Created,2026-08-06T18:08:32Z
GEN-00437,Payment Received,2026-08-06T18:18:50Z
GEN-00437,Packed,2026-08-07T03:15:04Z
GEN-00437,Inspected,2026-08-07T03:47:48Z
GEN-00437,Shipped,2026-08-07T07:13:15Z
GEN-00437,Delivered,2026-08-07T09:16:43Z
GEN-00438,Order Created,2026-08-04T15:33:56Z
GEN-00438,Payment Received,2026-08-04T15:50:09Z
GEN-00438,Packed,2026-08-04T21:06:32Z
GEN-00438,Inspected,2026-08-04T22:04:02Z
GEN-00438,Shipped,2026-08-05T01:29:08Z
GEN-00438,Delivered,2026-08-05T04:04:36Z
GEN-00439,Order Created,2026-08-10T12:58:39Z
GEN-00439,Payment Received,2026-08-10T13:03:28Z
GEN-00439,Packed,2026-08-10T15:43:03Z
GEN-00439,Inspected,2026-08-10T16:22:22Z
GEN-00439,Shipped,2026-08-10T17:48:16Z
GEN-00439,Delivered,2026-08-10T20:46:49Z
GEN-00440,Order Created,2026-08-14T12:07:45Z
GEN-00440,Payment Received,2026-08-14T12:20:11Z
GEN-00440,Packed,2026-08-14T23:28:14Z
GEN-00440,Inspected,2026-08-14T23:56:06Z
GEN-00440,Shipped,2026-08-15T01:40:56Z
GEN-00440,Delivered,2026-08-15T05:56:17Z
GEN-00441,Order Created,2026-08-13T18:58:26Z
GEN-00441,Payment Received,2026-08-13T19:18:21Z
GEN-00441,Packed,2026-08-14T01:05:59Z
GEN-00441,Inspected,2026-08-14T01:31:48Z
GEN-00441,Shipped,2026-08-14T05:08:18Z
GEN-00441,Delivered,2026-08-14T07:58:00Z
GEN-00442,Order Created,2026-08-14T13:15:08Z
GEN-00442,Payment Received,2026-08-14T13:24:22Z
GEN-00442,Packed,2026-08-14T22:03:26Z
GEN-00443,Order Created,2026-08-16T13:42:34Z
GEN-00443,Payment Received,2026-08-16T13:54:12Z
GEN-00443,Packed,2026-08-18T16:22:47Z
GEN-00443,Inspected,2026-08-18T17:21:18Z
GEN-00443,Shipped,2026-08-18T19:49:24Z
GEN-00443,Delivered,2026-08-18T23:02:27Z
GEN-00444,Order Created,2026-08-03T19:06:00Z
GEN-00445,Order Created,2026-08-13T15:52:36Z
GEN-00445,Payment Received,2026-08-13T16:11:32Z
GEN-00445,Packed,2026-08-13T21:34:28Z
GEN-00445,Inspected,2026-08-13T22:34:03Z
GEN-00445,Shipped,2026-08-13T23:45:58Z
GEN-00445,Delivered,2026-08-14T02:57:38Z
GEN-00446,Order Created,2026-08-13T18:55:47Z
GEN-00446,Payment Attempt,2026-08-13T19:07:50Z
GEN-00446,Payment Attempt,2026-08-13T19:11:13Z
GEN-00446,Payment Received,2026-08-13T19:27:09Z
GEN-00446,Packed,2026-08-13T20:34:36Z
GEN-00446,Inspected,2026-08-13T21:20:42Z
GEN-00446,Shipped,2026-08-14T01:10:01Z
GEN-00446,Delivered,2026-08-14T03:22:35Z
GEN-00447,Order Created,2026-08-11T13:18:56Z
GEN-00447,Payment Received,2026-08-11T13:33:46Z
GEN-00447,Packed,2026-08-11T16:34:28Z
GEN-00447,Inspected,2026-08-11T17:00:21Z
GEN-00447,Shipped,2026-08-11T20:01:17Z
GEN-00447,Delivered,2026-08-12T02:43:51Z
GEN-00448,Order Created,2026-08-14T12:54:46Z
GEN-00448,Payment Received,2026-08-14T13:02:45Z
GEN-00448,Packed,2026-08-14T18:45:34Z
GEN-00448,Inspected,2026-08-14T19:27:28Z
GEN-00448,Shipped,2026-08-14T20:33:34Z
GEN-00448,Delivered,2026-08-15T02:34:18Z
GEN-00449,Order Created,2026-08-05T18:37:02Z
GEN-00449,Payment Received,2026-08-05T18:54:38Z
GEN-00449,Packed,2026-08-05T22:43:45Z
GEN-00449,Inspected,2026-08-05T23:18:19Z
GEN-00449,Shipped,2026-08-06T02:00:27Z
GEN-00449,Delivered,2026-08-06T04:33:55Z
GEN-00450,Order Created,2026-08-08T15:01:09Z
GEN-00450,Payment Received,2026-08-08T15:03:20Z
GEN-00450,Packed,2026-08-09T01:38:16Z
GEN-00451,Order Created,2026-08-06T17:23:24Z
GEN-00451,Payment Received,2026-08-06T17:40:51Z
GEN-00451,Packed,2026-08-07T03:48:33Z
GEN-00451,Inspected,2026-08-07T04:11:38Z
GEN-00451,Shipped,2026-08-07T05:42:33Z
GEN-00451,Delivered,2026-08-07T07:56:22Z
GEN-00452,Order Created,2026-08-06T14:28:49Z
GEN-00452,Payment Received,2026-08-06T14:42:10Z
GEN-00452,Packed,2026-08-07T03:29:05Z
GEN-00452,Inspected,2026-08-07T04:16:37Z
GEN-00452,Shipped,2026-08-07T07:33:57Z
GEN-00452,Delivered,2026-08-07T09:40:55Z
GEN-00453,Order Created,2026-08-15T14:58:45Z
GEN-00453,Payment Received,2026-08-15T15:12:13Z
GEN-00453,Packed,2026-08-16T11:05:30Z
GEN-00453,Inspected,2026-08-16T11:48:25Z
GEN-00453,Shipped,2026-08-16T14:40:52Z
GEN-00453,Delivered,2026-08-16T17:35:53Z
GEN-00454,Order Created,2026-08-10T11:17:46Z
GEN-00454,Payment Received,2026-08-10T11:34:51Z
GEN-00454,Packed,2026-08-10T17:13:57Z
GEN-00454,Inspected,2026-08-10T17:37:52Z
GEN-00454,Shipped,2026-08-10T18:50:06Z
GEN-00455,Order Created,2026-08-13T10:11:48Z
GEN-00455,Payment Received,2026-08-13T10:24:24Z
GEN-00455,Packed,2026-08-13T14:35:10Z
GEN-00455,Inspected,2026-08-13T14:57:49Z
GEN-00455,Shipped,2026-08-13T17:23:39Z
GEN-00455,Delivered,2026-08-13T22:06:55Z
GEN-00456,Order Created,2026-08-04T16:37:33Z
GEN-00456,Payment Attempt,2026-08-04T17:01:09Z
GEN-00456,Payment Received,2026-08-04T17:16:37Z
GEN-00456,Packed,2026-08-04T21:49:08Z
GEN-00456,Inspected,2026-08-04T22:36:12Z
GEN-00456,Shipped,2026-08-05T01:58:53Z
GEN-00456,Delivered,2026-08-05T04:36:12Z
GEN-00457,Order Created,2026-08-11T13:55:20Z
GEN-00457,Payment Received,2026-08-11T14:06:50Z
GEN-00457,Packed,2026-08-12T00:19:57Z
GEN-00457,Inspected,2026-08-12T00:41:54Z
GEN-00457,Shipped,2026-08-12T04:02:34Z
GEN-00457,Delivered,2026-08-12T06:41:54Z
GEN-00458,Order Created,2026-08-11T13:51:57Z
GEN-00458,Payment Attempt,2026-08-11T14:09:53Z
GEN-00458,Payment Received,2026-08-11T14:25:07Z
GEN-00458,Packed,2026-08-11T17:20:56Z
GEN-00458,Inspected,2026-08-11T17:41:51Z
GEN-00458,Shipped,2026-08-11T21:29:33Z
GEN-00458,Delivered,2026-08-12T00:39:41Z
GEN-00459,Order Created,2026-08-14T17:17:41Z
GEN-00459,Payment Received,2026-08-14T17:37:12Z
GEN-00459,Packed,2026-08-14T22:14:46Z
GEN-00459,Inspected,2026-08-14T23:14:33Z
GEN-00459,Shipped,2026-08-15T02:45:18Z
GEN-00459,Delivered,2026-08-15T04:33:15Z
GEN-00460,Order Created,2026-08-06T15:52:40Z
GEN-00460,Payment Attempt,2026-08-06T16:01:58Z
GEN-00460,Payment Received,2026-08-06T16:15:00Z
GEN-00460,Packed,2026-08-07T01:48:52Z
GEN-00460,Inspected,2026-08-07T02:21:00Z
GEN-00460,Shipped,2026-08-07T04:53:53Z
GEN-00460,Delivered,2026-08-07T07:16:20Z
GEN-00461,Order Created,2026-08-04T10:42:00Z
GEN-00461,Payment Attempt,2026-08-04T11:03:25Z
GEN-00461,Payment Received,2026-08-04T11:07:45Z
GEN-00461,Packed,2026-08-05T01:13:26Z
GEN-00461,Inspected,2026-08-05T01:55:41Z
GEN-00461,Shipped,2026-08-05T04:16:02Z
GEN-00461,Delivered,2026-08-05T07:24:16Z
GEN-00462,Order Created,2026-08-12T15:46:34Z
GEN-00462,Payment Received,2026-08-12T15:49:54Z
GEN-00462,Packed,2026-08-13T03:12:22Z
GEN-00462,Inspected,2026-08-13T03:44:22Z
GEN-00462,Shipped,2026-08-13T04:52:08Z
GEN-00462,Delivered,2026-08-13T09:19:22Z
GEN-00463,Order Created,2026-08-09T16:53:27Z
GEN-00464,Order Created,2026-08-13T12:09:27Z
GEN-00464,Payment Received,2026-08-13T12:14:45Z
GEN-00464,Packed,2026-08-13T16:57:23Z
GEN-00464,Inspected,2026-08-13T17:27:58Z
GEN-00464,Packed,2026-08-13T19:59:24Z
GEN-00464,Inspected,2026-08-13T20:50:27Z
GEN-00464,Packed,2026-08-13T22:31:31Z
GEN-00464,Inspected,2026-08-13T23:15:41Z
GEN-00464,Shipped,2026-08-14T00:51:35Z
GEN-00464,Delivered,2026-08-14T04:02:38Z
GEN-00465,Order Created,2026-08-10T17:38:41Z
GEN-00465,Payment Attempt,2026-08-10T17:59:40Z
GEN-00465,Payment Received,2026-08-10T18:01:56Z
GEN-00465,Packed,2026-08-11T03:41:21Z
GEN-00465,Inspected,2026-08-11T04:10:56Z
GEN-00465,Packed,2026-08-11T06:17:11Z
GEN-00465,Inspected,2026-08-11T07:11:39Z
GEN-00465,Shipped,2026-08-11T09:38:33Z
GEN-00465,Delivered,2026-08-11T13:35:20Z
GEN-00466,Order Created,2026-08-08T09:34:24Z
GEN-00466,Payment Received,2026-08-08T09:43:29Z
GEN-00466,Packed,2026-08-08T12:06:27Z
GEN-00466,Inspected,2026-08-08T12:40:56Z
GEN-00466,Shipped,2026-08-08T13:51:01Z
GEN-00466,Delivered,2026-08-08T15:18:18Z
GEN-00467,Order Created,2026-08-03T11:11:22Z
GEN-00467,Payment Attempt,2026-08-03T11:19:03Z
GEN-00467,Payment Received,2026-08-03T11:29:00Z
GEN-00467,Packed,2026-08-03T19:38:50Z
GEN-00467,Inspected,2026-08-03T20:25:12Z
GEN-00467,Shipped,2026-08-03T21:26:16Z
GEN-00467,Delivered,2026-08-04T00:19:15Z
GEN-00468,Order Created,2026-08-08T11:49:10Z
GEN-00468,Payment Attempt,2026-08-08T12:11:20Z
GEN-00468,Payment Attempt,2026-08-08T12:29:20Z
GEN-00468,Payment Received,2026-08-08T12:44:28Z
GEN-00468,Packed,2026-08-08T16:06:42Z
GEN-00468,Inspected,2026-08-08T17:03:17Z
GEN-00468,Shipped,2026-08-08T18:35:00Z
GEN-00468,Delivered,2026-08-08T22:12:16Z
GEN-00469,Order Created,2026-08-14T17:35:34Z
GEN-00469,Payment Received,2026-08-14T17:42:26Z
GEN-00469,Packed,2026-08-14T20:07:15Z
GEN-00469,Inspected,2026-08-14T20:31:23Z
GEN-00469,Shipped,2026-08-14T23:38:23Z
GEN-00470,Order Created,2026-08-11T08:44:32Z
GEN-00470,Payment Received,2026-08-11T08:56:04Z
GEN-00470,Packed,2026-08-11T17:10:34Z
GEN-00470,Inspected,2026-08-11T17:51:25Z
GEN-00470,Shipped,2026-08-11T19:25:32Z
GEN-00470,Delivered,2026-08-11T20:51:29Z
GEN-00471,Order Created,2026-08-12T08:14:33Z
GEN-00471,Payment Received,2026-08-12T08:28:37Z
GEN-00471,Packed,2026-08-12T14:08:37Z
GEN-00471,Inspected,2026-08-12T14:43:22Z
GEN-00471,Shipped,2026-08-12T16:15:28Z
GEN-00472,Order Created,2026-08-15T14:18:26Z
GEN-00472,Payment Received,2026-08-15T14:31:41Z
GEN-00472,Packed,2026-08-16T03:12:37Z
GEN-00472,Inspected,2026-08-16T03:51:16Z
GEN-00472,Packed,2026-08-16T05:44:58Z
GEN-00472,Inspected,2026-08-16T06:39:09Z
GEN-00472,Shipped,2026-08-16T09:30:35Z
GEN-00472,Delivered,2026-08-16T13:09:51Z
GEN-00473,Order Created,2026-08-14T15:44:50Z
GEN-00473,Payment Received,2026-08-14T15:57:24Z
GEN-00473,Packed,2026-08-15T05:11:17Z
GEN-00473,Inspected,2026-08-15T05:56:26Z
GEN-00473,Packed,2026-08-15T08:40:05Z
GEN-00473,Inspected,2026-08-15T09:19:02Z
GEN-00473,Packed,2026-08-15T11:16:45Z
GEN-00473,Inspected,2026-08-15T11:56:38Z
GEN-00473,Shipped,2026-08-15T13:33:49Z
GEN-00473,Delivered,2026-08-15T15:57:37Z
GEN-00474,Order Created,2026-08-12T11:56:28Z
GEN-00474,Payment Received,2026-08-12T12:10:30Z
GEN-00474,Packed,2026-08-12T18:16:05Z
GEN-00474,Inspected,2026-08-12T18:40:42Z
GEN-00474,Shipped,2026-08-12T22:39:40Z
GEN-00474,Delivered,2026-08-13T04:18:16Z
GEN-00475,Order Created,2026-08-04T19:44:22Z
GEN-00475,Payment Received,2026-08-04T20:03:33Z
GEN-00475,Packed,2026-08-05T14:22:12Z
GEN-00475,Inspected,2026-08-05T14:59:18Z
GEN-00475,Shipped,2026-08-05T18:15:14Z
GEN-00475,Delivered,2026-08-05T20:37:21Z
GEN-00476,Order Created,2026-08-11T13:12:47Z
GEN-00476,Payment Attempt,2026-08-11T13:28:49Z
GEN-00476,Payment Received,2026-08-11T13:48:43Z
GEN-00476,Packed,2026-08-11T16:27:31Z
GEN-00476,Inspected,2026-08-11T16:52:38Z
GEN-00476,Shipped,2026-08-11T19:18:21Z
GEN-00476,Delivered,2026-08-11T22:39:37Z
GEN-00477,Order Created,2026-08-05T14:04:48Z
GEN-00477,Payment Attempt,2026-08-05T14:17:13Z
GEN-00477,Payment Attempt,2026-08-05T14:31:49Z
GEN-00477,Payment Received,2026-08-05T14:41:04Z
GEN-00477,Packed,2026-08-05T18:57:34Z
GEN-00477,Inspected,2026-08-05T19:27:43Z
GEN-00477,Shipped,2026-08-05T21:20:36Z
GEN-00477,Delivered,2026-08-06T00:23:27Z
GEN-00478,Order Created,2026-08-06T15:02:10Z
GEN-00478,Payment Received,2026-08-06T15:16:08Z
GEN-00478,Packed,2026-08-06T23:31:51Z
GEN-00478,Inspected,2026-08-07T00:10:27Z
GEN-00478,Shipped,2026-08-07T03:45:33Z
GEN-00478,Delivered,2026-08-07T08:59:52Z
GEN-00479,Order Created,2026-08-15T12:40:17Z
GEN-00479,Payment Attempt,2026-08-15T13:03:26Z
GEN-00479,Payment Received,2026-08-15T13:13:34Z
GEN-00479,Packed,2026-08-15T21:13:46Z
GEN-00479,Inspected,2026-08-15T21:36:28Z
GEN-00479,Shipped,2026-08-15T23:25:15Z
GEN-00479,Delivered,2026-08-16T03:39:37Z
GEN-00480,Order Created,2026-08-14T14:24:10Z
GEN-00480,Payment Received,2026-08-14T14:40:30Z
GEN-00480,Packed,2026-08-15T00:45:45Z
GEN-00480,Inspected,2026-08-15T01:14:59Z
GEN-00480,Shipped,2026-08-15T04:52:33Z
GEN-00480,Delivered,2026-08-15T08:12:16Z
GEN-00481,Order Created,2026-08-15T10:48:59Z
GEN-00481,Payment Received,2026-08-15T10:59:23Z
GEN-00481,Packed,2026-08-15T17:49:56Z
GEN-00481,Inspected,2026-08-15T18:22:37Z
GEN-00481,Shipped,2026-08-15T21:24:19Z
GEN-00481,Delivered,2026-08-16T01:33:39Z
GEN-00482,Order Created,2026-08-13T15:19:10Z
GEN-00482,Payment Received,2026-08-13T15:36:49Z
GEN-00482,Packed,2026-08-13T23:21:58Z
GEN-00482,Inspected,2026-08-14T00:19:57Z
GEN-00482,Shipped,2026-08-14T03:45:39Z
GEN-00482,Delivered,2026-08-14T05:30:58Z
GEN-00483,Order Created,2026-08-16T15:43:22Z
GEN-00483,Payment Received,2026-08-16T15:45:33Z
GEN-00483,Packed,2026-08-16T21:01:31Z
GEN-00483,Inspected,2026-08-16T21:51:48Z
GEN-00483,Packed,2026-08-17T00:02:56Z
GEN-00483,Inspected,2026-08-17T00:45:03Z
GEN-00483,Packed,2026-08-17T02:34:34Z
GEN-00483,Inspected,2026-08-17T03:13:27Z
GEN-00483,Packed,2026-08-17T04:35:03Z
GEN-00483,Inspected,2026-08-17T05:06:41Z
GEN-00483,Shipped,2026-08-17T08:41:04Z
GEN-00483,Delivered,2026-08-17T15:04:24Z
GEN-00484,Order Created,2026-08-14T13:14:33Z
GEN-00484,Payment Received,2026-08-14T13:33:26Z
GEN-00484,Packed,2026-08-15T05:52:09Z
GEN-00484,Inspected,2026-08-15T06:25:13Z
GEN-00484,Shipped,2026-08-15T10:04:34Z
GEN-00484,Delivered,2026-08-15T12:04:01Z
GEN-00485,Order Created,2026-08-11T17:23:38Z
GEN-00485,Payment Attempt,2026-08-11T17:36:02Z
GEN-00485,Payment Received,2026-08-11T17:38:15Z
GEN-00485,Packed,2026-08-11T20:25:45Z
GEN-00485,Inspected,2026-08-11T21:19:06Z
GEN-00485,Packed,2026-08-11T23:47:42Z
GEN-00485,Inspected,2026-08-12T00:17:22Z
GEN-00485,Shipped,2026-08-12T02:57:54Z
GEN-00485,Delivered,2026-08-12T05:30:12Z
GEN-00486,Order Created,2026-08-04T09:47:19Z
GEN-00486,Payment Attempt,2026-08-04T10:02:21Z
GEN-00486,Payment Received,2026-08-04T10:11:46Z
GEN-00486,Packed,2026-08-04T15:50:52Z
GEN-00486,Inspected,2026-08-04T16:11:47Z
GEN-00486,Shipped,2026-08-04T19:44:11Z
GEN-00486,Delivered,2026-08-04T22:23:08Z
GEN-00487,Order Created,2026-08-03T09:39:37Z
GEN-00487,Payment Received,2026-08-03T09:55:44Z
GEN-00487,Packed,2026-08-03T22:46:35Z
GEN-00487,Inspected,2026-08-03T23:16:36Z
GEN-00487,Shipped,2026-08-04T00:43:51Z
GEN-00487,Delivered,2026-08-04T02:21:27Z
GEN-00488,Order Created,2026-08-07T14:41:03Z
GEN-00489,Order Created,2026-08-07T19:47:14Z
GEN-00489,Payment Received,2026-08-07T20:02:54Z
GEN-00489,Packed,2026-08-08T01:55:37Z
GEN-00489,Inspected,2026-08-08T02:47:03Z
GEN-00489,Shipped,2026-08-08T04:06:58Z
GEN-00489,Delivered,2026-08-08T07:58:07Z
GEN-00490,Order Created,2026-08-07T14:24:10Z
GEN-00490,Payment Attempt,2026-08-07T14:41:04Z
GEN-00490,Payment Received,2026-08-07T14:53:11Z
GEN-00490,Packed,2026-08-08T06:11:58Z
GEN-00490,Inspected,2026-08-08T07:00:44Z
GEN-00490,Packed,2026-08-08T08:59:22Z
GEN-00490,Inspected,2026-08-08T09:26:25Z
GEN-00490,Shipped,2026-08-08T11:14:58Z
GEN-00490,Delivered,2026-08-08T13:24:34Z
GEN-00491,Order Created,2026-08-10T17:36:11Z
GEN-00491,Payment Received,2026-08-10T17:52:42Z
GEN-00491,Packed,2026-08-10T22:55:07Z
GEN-00491,Inspected,2026-08-10T23:28:34Z
GEN-00491,Shipped,2026-08-11T02:29:33Z
GEN-00491,Delivered,2026-08-11T04:53:23Z
GEN-00492,Order Created,2026-08-12T17:58:21Z
GEN-00492,Payment Attempt,2026-08-12T18:18:11Z
GEN-00492,Payment Received,2026-08-12T18:25:05Z
GEN-00492,Packed,2026-08-13T01:31:34Z
GEN-00492,Inspected,2026-08-13T01:58:30Z
GEN-00492,Packed,2026-08-13T04:06:11Z
GEN-00492,Inspected,2026-08-13T04:57:48Z
GEN-00492,Shipped,2026-08-13T06:27:26Z
GEN-00492,Delivered,2026-08-13T10:24:00Z
GEN-00493,Order Created,2026-08-05T08:08:28Z
GEN-00493,Payment Attempt,2026-08-05T08:16:31Z
GEN-00493,Payment Received,2026-08-05T08:22:57Z
GEN-00493,Packed,2026-08-05T17:54:55Z
GEN-00493,Inspected,2026-08-05T18:53:05Z
GEN-00493,Shipped,2026-08-05T20:44:05Z
GEN-00493,Delivered,2026-08-05T22:45:19Z
GEN-00494,Order Created,2026-08-10T17:15:09Z
GEN-00494,Payment Received,2026-08-10T17:27:44Z
GEN-00494,Packed,2026-08-10T22:37:41Z
GEN-00494,Inspected,2026-08-10T23:05:51Z
GEN-00494,Packed,2026-08-11T00:16:20Z
GEN-00494,Inspected,2026-08-11T00:37:51Z
GEN-00494,Shipped,2026-08-11T04:07:14Z
GEN-00494,Delivered,2026-08-11T06:41:20Z
GEN-00495,Order Created,2026-08-04T10:12:06Z
GEN-00495,Payment Received,2026-08-04T10:21:00Z
GEN-00495,Packed,2026-08-04T16:34:29Z
GEN-00496,Order Created,2026-08-04T08:07:39Z
GEN-00496,Payment Received,2026-08-04T08:16:11Z
GEN-00496,Packed,2026-08-04T12:15:50Z
GEN-00496,Inspected,2026-08-04T12:47:37Z
GEN-00496,Shipped,2026-08-04T15:53:45Z
GEN-00496,Delivered,2026-08-04T17:35:13Z
GEN-00497,Order Created,2026-08-10T08:11:21Z
GEN-00497,Payment Attempt,2026-08-10T08:14:21Z
GEN-00497,Payment Received,2026-08-10T08:16:36Z
GEN-00497,Packed,2026-08-10T20:31:06Z
GEN-00497,Inspected,2026-08-10T21:13:12Z
GEN-00497,Shipped,2026-08-10T22:48:32Z
GEN-00497,Delivered,2026-08-11T00:57:59Z
GEN-00498,Order Created,2026-08-12T19:38:11Z
GEN-00498,Payment Received,2026-08-12T19:47:17Z
GEN-00498,Packed,2026-08-12T22:57:04Z
GEN-00498,Inspected,2026-08-12T23:45:06Z
GEN-00498,Shipped,2026-08-13T03:28:18Z
GEN-00498,Delivered,2026-08-13T05:13:12Z
GEN-00499,Order Created,2026-08-14T18:44:38Z
GEN-00499,Payment Received,2026-08-14T18:46:57Z
GEN-00499,Packed,2026-08-15T13:42:45Z
GEN-00499,Inspected,2026-08-15T14:35:19Z
GEN-00499,Packed,2026-08-15T15:43:17Z
GEN-00499,Inspected,2026-08-15T16:30:20Z
GEN-00499,Shipped,2026-08-15T19:18:47Z
GEN-00499,Delivered,2026-08-16T01:02:47Z
GEN-00500,Order Created,2026-08-10T13:57:14Z
GEN-00500,Payment Received,2026-08-10T14:09:44Z
GEN-00500,Packed,2026-08-10T18:13:23Z
GEN-00500,Inspected,2026-08-10T19:02:25Z
GEN-00500,Shipped,2026-08-10T22:26:13Z
GEN-00500,Delivered,2026-08-11T01:31:55Z
GEN-00501,Order Created,2026-08-12T13:29:04Z
GEN-00501,Payment Received,2026-08-12T13:45:45Z
GEN-00501,Packed,2026-08-12T21:17:20Z
GEN-00501,Inspected,2026-08-12T22:03:05Z
GEN-00501,Shipped,2026-08-13T00:53:29Z
GEN-00501,Delivered,2026-08-13T08:41:35Z
GEN-00502,Order Created,2026-08-13T16:52:42Z
GEN-00502,Payment Received,2026-08-13T17:03:04Z
GEN-00502,Packed,2026-08-14T12:58:27Z
GEN-00502,Inspected,2026-08-14T13:19:59Z
GEN-00502,Packed,2026-08-14T14:55:34Z
GEN-00502,Inspected,2026-08-14T15:30:06Z
GEN-00502,Packed,2026-08-14T17:14:24Z
GEN-00502,Inspected,2026-08-14T17:40:16Z
GEN-00502,Shipped,2026-08-14T18:42:11Z
GEN-00502,Delivered,2026-08-14T23:36:01Z
GEN-00503,Order Created,2026-08-16T19:52:03Z
GEN-00504,Order Created,2026-08-13T08:25:58Z
GEN-00504,Payment Received,2026-08-13T08:32:01Z
GEN-00504,Packed,2026-08-13T11:50:56Z
GEN-00504,Inspected,2026-08-13T12:39:45Z
GEN-00504,Shipped,2026-08-13T15:42:27Z
GEN-00504,Delivered,2026-08-13T20:35:57Z
GEN-00505,Order Created,2026-08-15T19:19:25Z
GEN-00505,Payment Attempt,2026-08-15T19:33:35Z
GEN-00505,Payment Received,2026-08-15T19:50:49Z
GEN-00505,Packed,2026-08-16T11:36:43Z
GEN-00505,Inspected,2026-08-16T12:03:04Z
GEN-00505,Shipped,2026-08-16T14:12:34Z
GEN-00505,Delivered,2026-08-16T17:02:04Z
GEN-00506,Order Created,2026-08-04T15:00:49Z
GEN-00506,Payment Received,2026-08-04T15:19:25Z
GEN-00506,Packed,2026-08-04T17:45:16Z
GEN-00506,Inspected,2026-08-04T18:26:57Z
GEN-00506,Shipped,2026-08-04T21:40:55Z
GEN-00506,Delivered,2026-08-05T01:42:23Z
GEN-00507,Order Created,2026-08-16T19:57:01Z
GEN-00507,Payment Received,2026-08-16T20:11:23Z
GEN-00507,Packed,2026-08-17T11:48:27Z
GEN-00507,Inspected,2026-08-17T12:39:08Z
GEN-00507,Shipped,2026-08-17T16:14:17Z
GEN-00507,Delivered,2026-08-17T19:43:36Z
GEN-00508,Order Created,2026-08-06T14:48:42Z
GEN-00508,Payment Received,2026-08-06T14:56:33Z
GEN-00508,Packed,2026-08-07T01:35:03Z
GEN-00508,Inspected,2026-08-07T02:11:10Z
GEN-00508,Shipped,2026-08-07T05:06:37Z
GEN-00508,Delivered,2026-08-07T07:58:16Z
GEN-00509,Order Created,2026-08-10T12:42:15Z
GEN-00509,Payment Received,2026-08-10T13:01:22Z
GEN-00509,Packed,2026-08-10T21:39:42Z
GEN-00509,Inspected,2026-08-10T22:22:55Z
GEN-00509,Shipped,2026-08-11T00:25:47Z
GEN-00509,Delivered,2026-08-11T03:51:54Z
GEN-00510,Order Created,2026-08-06T19:53:52Z
GEN-00510,Payment Received,2026-08-06T20:13:22Z
GEN-00510,Packed,2026-08-07T01:53:08Z
GEN-00510,Inspected,2026-08-07T02:27:39Z
GEN-00510,Shipped,2026-08-07T04:37:35Z
GEN-00510,Delivered,2026-08-07T06:43:21Z
GEN-00511,Order Created,2026-08-06T10:37:36Z
GEN-00511,Payment Attempt,2026-08-06T10:54:17Z
GEN-00511,Payment Received,2026-08-06T10:59:17Z
GEN-00511,Packed,2026-08-06T15:20:20Z
GEN-00511,Inspected,2026-08-06T15:43:35Z
GEN-00511,Packed,2026-08-06T17:07:40Z
GEN-00511,Inspected,2026-08-06T17:44:43Z
GEN-00511,Shipped,2026-08-06T20:46:13Z
GEN-00511,Delivered,2026-08-07T01:31:25Z
GEN-00512,Order Created,2026-08-13T09:27:54Z
GEN-00512,Payment Received,2026-08-13T09:35:31Z
GEN-00512,Packed,2026-08-13T14:40:51Z
GEN-00512,Inspected,2026-08-13T15:05:22Z
GEN-00512,Shipped,2026-08-13T17:53:43Z
GEN-00512,Delivered,2026-08-13T19:38:50Z
GEN-00513,Order Created,2026-08-06T10:34:54Z
GEN-00513,Payment Received,2026-08-06T10:50:53Z
GEN-00513,Packed,2026-08-06T17:05:56Z
GEN-00513,Inspected,2026-08-06T17:29:45Z
GEN-00513,Packed,2026-08-06T19:19:08Z
GEN-00513,Inspected,2026-08-06T19:40:36Z
GEN-00513,Shipped,2026-08-06T21:08:22Z
GEN-00513,Delivered,2026-08-06T22:37:54Z
GEN-00514,Order Created,2026-08-10T10:27:39Z
GEN-00514,Payment Received,2026-08-10T10:33:39Z
GEN-00514,Packed,2026-08-10T19:27:15Z
GEN-00514,Inspected,2026-08-10T19:52:00Z
GEN-00514,Shipped,2026-08-10T21:42:26Z
GEN-00514,Delivered,2026-08-11T00:17:06Z
GEN-00515,Order Created,2026-08-03T11:26:25Z
GEN-00515,Payment Attempt,2026-08-03T11:32:44Z
GEN-00515,Payment Attempt,2026-08-03T11:41:00Z
GEN-00515,Payment Received,2026-08-03T11:51:22Z
GEN-00515,Packed,2026-08-03T19:13:46Z
GEN-00516,Order Created,2026-08-06T09:18:24Z
GEN-00516,Payment Received,2026-08-06T09:22:32Z
GEN-00516,Packed,2026-08-06T17:43:39Z
GEN-00516,Inspected,2026-08-06T18:22:07Z
GEN-00516,Shipped,2026-08-06T21:31:23Z
GEN-00516,Delivered,2026-08-07T01:45:27Z
GEN-00517,Order Created,2026-08-06T08:48:09Z
GEN-00517,Payment Received,2026-08-06T08:59:21Z
GEN-00517,Packed,2026-08-06T23:44:38Z
GEN-00517,Inspected,2026-08-07T00:24:47Z
GEN-00517,Shipped,2026-08-07T02:37:30Z
GEN-00517,Delivered,2026-08-07T06:28:34Z
GEN-00518,Order Created,2026-08-08T13:57:27Z
GEN-00518,Payment Received,2026-08-08T14:07:05Z
GEN-00518,Packed,2026-08-08T20:21:56Z
GEN-00518,Inspected,2026-08-08T20:54:11Z
GEN-00518,Shipped,2026-08-09T00:17:12Z
GEN-00518,Delivered,2026-08-09T03:41:53Z
GEN-00519,Order Created,2026-08-11T16:38:45Z
GEN-00519,Payment Received,2026-08-11T16:41:02Z
GEN-00519,Packed,2026-08-11T18:53:07Z
GEN-00519,Inspected,2026-08-11T19:48:31Z
GEN-00519,Shipped,2026-08-11T21:08:02Z
GEN-00519,Delivered,2026-08-12T02:10:32Z
GEN-00520,Order Created,2026-08-03T14:07:06Z
GEN-00520,Payment Received,2026-08-03T14:24:20Z
GEN-00520,Packed,2026-08-04T01:09:24Z
GEN-00520,Inspected,2026-08-04T01:51:49Z
GEN-00520,Packed,2026-08-04T04:07:20Z
GEN-00520,Inspected,2026-08-04T05:07:06Z
GEN-00520,Packed,2026-08-04T06:20:28Z
GEN-00520,Inspected,2026-08-04T07:18:01Z
GEN-00520,Shipped,2026-08-04T10:29:40Z
GEN-00520,Delivered,2026-08-04T14:00:43Z
GEN-00521,Order Created,2026-08-07T18:41:41Z
GEN-00521,Payment Received,2026-08-07T18:55:53Z
GEN-00521,Packed,2026-08-08T02:00:47Z
GEN-00521,Inspected,2026-08-08T02:22:31Z
GEN-00521,Packed,2026-08-08T03:47:47Z
GEN-00521,Inspected,2026-08-08T04:20:00Z
GEN-00521,Packed,2026-08-08T05:37:38Z
GEN-00521,Inspected,2026-08-08T06:06:51Z
GEN-00521,Packed,2026-08-08T08:53:30Z
GEN-00521,Inspected,2026-08-08T09:41:04Z
GEN-00521,Shipped,2026-08-08T12:49:11Z
GEN-00521,Delivered,2026-08-08T17:17:26Z
GEN-00522,Order Created,2026-08-16T15:40:18Z
GEN-00522,Payment Received,2026-08-16T15:43:56Z
GEN-00522,Packed,2026-08-17T03:19:20Z
GEN-00522,Inspected,2026-08-17T04:07:49Z
GEN-00522,Packed,2026-08-17T05:14:58Z
GEN-00522,Inspected,2026-08-17T05:47:59Z
GEN-00522,Shipped,2026-08-17T07:02:36Z
GEN-00522,Delivered,2026-08-17T09:35:52Z
GEN-00523,Order Created,2026-08-13T19:57:54Z
GEN-00523,Payment Received,2026-08-13T20:09:32Z
GEN-00523,Packed,2026-08-14T00:06:17Z
GEN-00523,Inspected,2026-08-14T01:04:33Z
GEN-00523,Shipped,2026-08-14T04:29:30Z
GEN-00523,Delivered,2026-08-14T06:38:29Z
GEN-00524,Order Created,2026-08-07T14:47:21Z
GEN-00524,Payment Attempt,2026-08-07T15:02:26Z
GEN-00524,Payment Received,2026-08-07T15:05:35Z
GEN-00524,Packed,2026-08-08T08:01:58Z
GEN-00524,Inspected,2026-08-08T08:42:40Z
GEN-00524,Shipped,2026-08-08T10:37:35Z
GEN-00524,Delivered,2026-08-08T13:34:45Z
GEN-00525,Order Created,2026-08-11T17:50:45Z
GEN-00526,Order Created,2026-08-04T10:36:22Z
GEN-00526,Payment Attempt,2026-08-04T10:54:27Z
GEN-00526,Payment Attempt,2026-08-04T11:12:59Z
GEN-00526,Payment Received,2026-08-04T11:25:57Z
GEN-00526,Packed,2026-08-04T20:41:59Z
GEN-00526,Inspected,2026-08-04T21:24:12Z
GEN-00526,Shipped,2026-08-05T00:51:23Z
GEN-00526,Delivered,2026-08-05T08:14:05Z
GEN-00527,Order Created,2026-08-13T16:20:15Z
GEN-00527,Payment Attempt,2026-08-13T16:26:44Z
GEN-00527,Payment Received,2026-08-13T16:35:18Z
GEN-00527,Packed,2026-08-13T21:52:49Z
GEN-00527,Inspected,2026-08-13T22:30:22Z
GEN-00527,Packed,2026-08-14T01:16:46Z
GEN-00527,Inspected,2026-08-14T01:38:18Z
GEN-00527,Shipped,2026-08-14T05:00:18Z
GEN-00527,Delivered,2026-08-14T06:14:37Z
GEN-00528,Order Created,2026-08-14T08:35:38Z
GEN-00528,Payment Attempt,2026-08-14T08:41:50Z
GEN-00528,Payment Received,2026-08-14T08:56:44Z
GEN-00528,Packed,2026-08-14T13:44:02Z
GEN-00528,Inspected,2026-08-14T14:16:06Z
GEN-00528,Shipped,2026-08-14T15:30:25Z
GEN-00528,Delivered,2026-08-14T17:29:57Z
GEN-00529,Order Created,2026-08-12T13:47:51Z
GEN-00529,Payment Received,2026-08-12T13:53:35Z
GEN-00529,Packed,2026-08-13T02:42:18Z
GEN-00529,Inspected,2026-08-13T03:18:50Z
GEN-00529,Shipped,2026-08-13T06:13:52Z
GEN-00529,Delivered,2026-08-13T08:54:06Z
GEN-00530,Order Created,2026-08-13T19:33:45Z
GEN-00530,Payment Received,2026-08-13T19:43:34Z
GEN-00530,Packed,2026-08-14T02:12:52Z
GEN-00530,Inspected,2026-08-14T02:46:36Z
GEN-00530,Packed,2026-08-14T04:34:26Z
GEN-00530,Inspected,2026-08-14T05:13:39Z
GEN-00530,Shipped,2026-08-14T06:17:34Z
GEN-00530,Delivered,2026-08-14T08:27:36Z
GEN-00531,Order Created,2026-08-12T14:52:16Z
GEN-00531,Payment Received,2026-08-12T15:03:52Z
GEN-00531,Packed,2026-08-12T22:17:44Z
GEN-00531,Inspected,2026-08-12T23:09:58Z
GEN-00531,Shipped,2026-08-13T02:07:36Z
GEN-00531,Delivered,2026-08-13T04:28:42Z
GEN-00532,Order Created,2026-08-07T17:31:44Z
GEN-00532,Payment Received,2026-08-07T17:40:19Z
GEN-00532,Packed,2026-08-08T12:20:20Z
GEN-00532,Inspected,2026-08-08T12:54:05Z
GEN-00532,Shipped,2026-08-08T16:13:20Z
GEN-00532,Delivered,2026-08-08T19:25:33Z
GEN-00533,Order Created,2026-08-07T15:10:21Z
GEN-00533,Payment Received,2026-08-07T15:22:34Z
GEN-00533,Packed,2026-08-07T22:42:21Z
GEN-00533,Inspected,2026-08-07T23:03:52Z
GEN-00533,Shipped,2026-08-08T02:37:38Z
GEN-00533,Delivered,2026-08-08T05:14:00Z
GEN-00534,Order Created,2026-08-12T15:54:48Z
GEN-00534,Payment Attempt,2026-08-12T16:19:45Z
GEN-00534,Payment Received,2026-08-12T16:34:20Z
GEN-00534,Packed,2026-08-12T21:31:24Z
GEN-00534,Inspected,2026-08-12T21:56:06Z
GEN-00534,Shipped,2026-08-12T23:31:30Z
GEN-00534,Delivered,2026-08-13T03:19:20Z
GEN-00535,Order Created,2026-08-11T10:41:06Z
GEN-00535,Payment Received,2026-08-11T10:44:52Z
GEN-00535,Packed,2026-08-11T15:10:41Z
GEN-00535,Inspected,2026-08-11T15:35:11Z
GEN-00535,Shipped,2026-08-11T18:47:13Z
GEN-00535,Delivered,2026-08-11T21:45:57Z
GEN-00536,Order Created,2026-08-11T16:47:54Z
GEN-00536,Payment Attempt,2026-08-11T17:09:01Z
GEN-00536,Payment Attempt,2026-08-11T17:29:03Z
GEN-00536,Payment Received,2026-08-11T17:33:24Z
GEN-00536,Packed,2026-08-11T23:26:54Z
GEN-00536,Inspected,2026-08-12T00:20:04Z
GEN-00536,Shipped,2026-08-12T01:51:10Z
GEN-00536,Delivered,2026-08-12T05:32:48Z
GEN-00537,Order Created,2026-08-11T14:51:23Z
GEN-00537,Payment Received,2026-08-11T15:04:38Z
GEN-00537,Packed,2026-08-11T21:02:28Z
GEN-00537,Inspected,2026-08-11T22:01:54Z
GEN-00537,Shipped,2026-08-11T23:13:47Z
GEN-00538,Order Created,2026-08-10T19:03:11Z
GEN-00538,Payment Received,2026-08-10T19:19:14Z
GEN-00538,Packed,2026-08-10T22:18:51Z
GEN-00538,Inspected,2026-08-10T22:52:21Z
GEN-00538,Shipped,2026-08-11T00:42:12Z
GEN-00538,Delivered,2026-08-11T03:53:33Z
GEN-00539,Order Created,2026-08-03T14:03:52Z
GEN-00539,Payment Received,2026-08-03T14:19:05Z
GEN-00539,Packed,2026-08-03T23:26:48Z
GEN-00539,Inspected,2026-08-04T00:25:54Z
GEN-00539,Shipped,2026-08-04T02:51:17Z
GEN-00539,Delivered,2026-08-04T08:52:04Z
GEN-00540,Order Created,2026-08-04T12:06:58Z
GEN-00541,Order Created,2026-08-10T12:57:28Z
GEN-00541,Payment Received,2026-08-10T13:07:16Z
GEN-00541,Packed,2026-08-11T02:35:06Z
GEN-00541,Inspected,2026-08-11T03:14:09Z
GEN-00541,Packed,2026-08-11T05:20:40Z
GEN-00541,Inspected,2026-08-11T05:44:45Z
GEN-00541,Packed,2026-08-11T07:36:15Z
GEN-00541,Inspected,2026-08-11T08:11:42Z
GEN-00541,Shipped,2026-08-11T09:20:56Z
GEN-00541,Delivered,2026-08-11T10:45:13Z
GEN-00542,Order Created,2026-08-06T13:39:18Z
GEN-00542,Payment Received,2026-08-06T13:54:06Z
GEN-00542,Packed,2026-08-06T20:16:26Z
GEN-00542,Inspected,2026-08-06T21:02:00Z
GEN-00542,Shipped,2026-08-07T00:23:45Z
GEN-00542,Delivered,2026-08-07T02:12:11Z
GEN-00543,Order Created,2026-08-06T16:14:39Z
GEN-00543,Payment Received,2026-08-06T16:29:37Z
GEN-00543,Packed,2026-08-07T03:22:54Z
GEN-00543,Inspected,2026-08-07T03:44:15Z
GEN-00543,Shipped,2026-08-07T06:26:18Z
GEN-00543,Delivered,2026-08-07T11:49:23Z
GEN-00544,Order Created,2026-08-13T13:57:59Z
GEN-00544,Payment Received,2026-08-13T14:08:34Z
GEN-00544,Packed,2026-08-13T18:38:08Z
GEN-00544,Inspected,2026-08-13T19:06:44Z
GEN-00544,Shipped,2026-08-13T22:48:50Z
GEN-00544,Delivered,2026-08-14T02:56:16Z
GEN-00545,Order Created,2026-08-16T11:10:28Z
GEN-00545,Payment Received,2026-08-16T11:26:44Z
GEN-00545,Packed,2026-08-17T12:35:49Z
GEN-00545,Inspected,2026-08-17T13:35:29Z
GEN-00545,Shipped,2026-08-17T14:37:09Z
GEN-00545,Delivered,2026-08-17T18:39:19Z
GEN-00546,Order Created,2026-08-07T11:09:41Z
GEN-00546,Payment Received,2026-08-07T11:19:58Z
GEN-00546,Packed,2026-08-07T12:51:58Z
GEN-00546,Inspected,2026-08-07T13:13:25Z
GEN-00546,Shipped,2026-08-07T15:28:48Z
GEN-00546,Delivered,2026-08-07T18:07:29Z
GEN-00547,Order Created,2026-08-10T10:48:32Z
GEN-00547,Payment Received,2026-08-10T10:51:17Z
GEN-00547,Packed,2026-08-11T01:20:57Z
GEN-00547,Inspected,2026-08-11T01:59:38Z
GEN-00547,Shipped,2026-08-11T04:52:55Z
GEN-00547,Delivered,2026-08-11T06:57:37Z
GEN-00548,Order Created,2026-08-11T14:44:07Z
GEN-00548,Payment Received,2026-08-11T14:49:55Z
GEN-00548,Packed,2026-08-11T21:31:43Z
GEN-00548,Inspected,2026-08-11T21:59:58Z
GEN-00548,Shipped,2026-08-11T23:33:43Z
GEN-00548,Delivered,2026-08-12T01:37:14Z
GEN-00549,Order Created,2026-08-10T19:02:19Z
GEN-00549,Payment Received,2026-08-10T19:05:35Z
GEN-00549,Packed,2026-08-10T22:13:29Z
GEN-00549,Inspected,2026-08-10T22:50:53Z
GEN-00549,Packed,2026-08-11T01:17:37Z
GEN-00549,Inspected,2026-08-11T02:00:56Z
GEN-00549,Shipped,2026-08-11T03:40:31Z
GEN-00549,Delivered,2026-08-11T07:08:48Z
GEN-00550,Order Created,2026-08-08T18:38:11Z
GEN-00550,Payment Attempt,2026-08-08T18:45:19Z
GEN-00550,Payment Received,2026-08-08T18:56:29Z
GEN-00550,Packed,2026-08-09T08:02:18Z
GEN-00550,Inspected,2026-08-09T08:35:08Z
GEN-00550,Shipped,2026-08-09T10:31:17Z
GEN-00550,Delivered,2026-08-09T13:28:52Z
GEN-00551,Order Created,2026-08-05T15:04:25Z
GEN-00551,Payment Received,2026-08-05T15:24:08Z
GEN-00551,Packed,2026-08-05T22:18:41Z
GEN-00551,Inspected,2026-08-05T22:50:18Z
GEN-00551,Shipped,2026-08-05T23:57:33Z
GEN-00551,Delivered,2026-08-06T03:24:07Z
GEN-00552,Order Created,2026-08-03T14:03:22Z
GEN-00552,Payment Received,2026-08-03T14:05:58Z
GEN-00552,Packed,2026-08-03T23:33:39Z
GEN-00552,Inspected,2026-08-04T00:31:53Z
GEN-00552,Shipped,2026-08-04T02:32:10Z
GEN-00552,Delivered,2026-08-04T05:45:22Z
GEN-00553,Order Created,2026-08-11T09:31:10Z
GEN-00553,Payment Received,2026-08-11T09:45:08Z
GEN-00553,Packed,2026-08-11T13:48:00Z
GEN-00553,Inspected,2026-08-11T14:44:52Z
GEN-00553,Shipped,2026-08-11T16:48:29Z
GEN-00553,Delivered,2026-08-11T22:38:00Z
GEN-00554,Order Created,2026-08-12T14:03:19Z
GEN-00554,Payment Received,2026-08-12T14:15:06Z
GEN-00554,Packed,2026-08-12T19:20:28Z
GEN-00554,Inspected,2026-08-12T20:04:50Z
GEN-00554,Shipped,2026-08-12T21:32:22Z
GEN-00554,Delivered,2026-08-13T02:59:29Z
GEN-00555,Order Created,2026-08-11T09:35:11Z
GEN-00555,Payment Received,2026-08-11T09:52:53Z
GEN-00555,Packed,2026-08-11T18:13:53Z
GEN-00555,Inspected,2026-08-11T18:36:02Z
GEN-00555,Shipped,2026-08-11T21:31:47Z
GEN-00555,Delivered,2026-08-11T23:16:53Z
GEN-00556,Order Created,2026-08-04T09:05:16Z
GEN-00556,Payment Received,2026-08-04T09:24:05Z
GEN-00556,Packed,2026-08-04T17:13:15Z
GEN-00556,Inspected,2026-08-04T17:34:49Z
GEN-00556,Shipped,2026-08-04T19:24:51Z
GEN-00556,Delivered,2026-08-04T22:31:16Z
GEN-00557,Order Created,2026-08-12T19:19:31Z
GEN-00557,Payment Attempt,2026-08-12T19:40:17Z
GEN-00557,Payment Attempt,2026-08-12T19:43:29Z
GEN-00557,Payment Received,2026-08-12T20:03:24Z
GEN-00557,Packed,2026-08-13T10:00:58Z
GEN-00557,Inspected,2026-08-13T10:23:59Z
GEN-00557,Shipped,2026-08-13T11:28:56Z
GEN-00557,Delivered,2026-08-13T18:32:18Z
GEN-00558,Order Created,2026-08-03T14:34:35Z
GEN-00558,Payment Received,2026-08-03T14:46:45Z
GEN-00558,Packed,2026-08-03T17:27:44Z
GEN-00558,Inspected,2026-08-03T18:08:34Z
GEN-00558,Shipped,2026-08-03T21:23:41Z
GEN-00559,Order Created,2026-08-06T09:18:05Z
GEN-00559,Payment Attempt,2026-08-06T09:41:54Z
GEN-00559,Payment Attempt,2026-08-06T09:51:56Z
GEN-00559,Payment Received,2026-08-06T10:07:53Z
GEN-00559,Packed,2026-08-06T17:57:50Z
GEN-00559,Inspected,2026-08-06T18:45:45Z
GEN-00559,Shipped,2026-08-06T19:55:06Z
GEN-00559,Delivered,2026-08-07T00:45:14Z
GEN-00560,Order Created,2026-08-07T08:27:27Z
GEN-00560,Payment Received,2026-08-07T08:45:48Z
GEN-00560,Packed,2026-08-07T14:35:36Z
GEN-00560,Inspected,2026-08-07T15:35:16Z
GEN-00560,Shipped,2026-08-07T18:17:28Z
GEN-00560,Delivered,2026-08-07T21:11:46Z
GEN-00561,Order Created,2026-08-12T12:44:21Z
GEN-00561,Payment Received,2026-08-12T12:50:49Z
GEN-00561,Packed,2026-08-13T06:05:16Z
GEN-00561,Inspected,2026-08-13T06:41:25Z
GEN-00561,Shipped,2026-08-13T10:39:33Z
GEN-00561,Delivered,2026-08-13T14:06:35Z
GEN-00562,Order Created,2026-08-16T13:58:39Z
GEN-00562,Payment Received,2026-08-16T14:16:45Z
GEN-00562,Packed,2026-08-17T02:03:46Z
GEN-00563,Order Created,2026-08-04T17:27:40Z
GEN-00563,Payment Attempt,2026-08-04T17:44:05Z
GEN-00563,Payment Attempt,2026-08-04T18:08:57Z
GEN-00563,Payment Received,2026-08-04T18:17:10Z
GEN-00563,Packed,2026-08-05T09:38:53Z
GEN-00563,Inspected,2026-08-05T10:29:57Z
GEN-00563,Shipped,2026-08-05T14:03:01Z
GEN-00563,Delivered,2026-08-05T16:41:20Z
GEN-00564,Order Created,2026-08-16T10:37:30Z
GEN-00564,Payment Received,2026-08-16T10:56:14Z
GEN-00564,Packed,2026-08-16T16:44:29Z
GEN-00564,Inspected,2026-08-16T17:38:50Z
GEN-00564,Shipped,2026-08-16T20:37:04Z
GEN-00564,Delivered,2026-08-16T22:15:37Z
GEN-00565,Order Created,2026-08-06T12:31:33Z
GEN-00565,Payment Received,2026-08-06T12:37:46Z
GEN-00565,Packed,2026-08-06T18:32:38Z
GEN-00565,Inspected,2026-08-06T19:17:52Z
GEN-00565,Shipped,2026-08-06T22:15:21Z
GEN-00565,Delivered,2026-08-07T02:12:38Z
GEN-00566,Order Created,2026-08-13T15:58:05Z
GEN-00567,Order Created,2026-08-05T10:01:58Z
GEN-00567,Payment Received,2026-08-05T10:12:58Z
GEN-00567,Packed,2026-08-05T15:00:00Z
GEN-00567,Inspected,2026-08-05T15:46:55Z
GEN-00567,Shipped,2026-08-05T18:18:06Z
GEN-00567,Delivered,2026-08-05T19:52:09Z
GEN-00568,Order Created,2026-08-07T13:03:58Z
GEN-00568,Payment Attempt,2026-08-07T13:20:10Z
GEN-00568,Payment Received,2026-08-07T13:29:46Z
GEN-00568,Packed,2026-08-08T08:00:01Z
GEN-00568,Inspected,2026-08-08T08:27:31Z
GEN-00568,Shipped,2026-08-08T09:39:55Z
GEN-00568,Delivered,2026-08-08T12:05:56Z
GEN-00569,Order Created,2026-08-10T10:44:33Z
GEN-00569,Payment Received,2026-08-10T11:03:15Z
GEN-00569,Packed,2026-08-10T19:26:35Z
GEN-00569,Inspected,2026-08-10T19:51:36Z
GEN-00569,Shipped,2026-08-10T23:02:39Z
GEN-00569,Delivered,2026-08-11T00:23:31Z
GEN-00570,Order Created,2026-08-11T13:56:23Z
GEN-00570,Payment Received,2026-08-11T14:14:34Z
GEN-00570,Packed,2026-08-11T22:38:43Z
GEN-00570,Inspected,2026-08-11T23:36:05Z
GEN-00570,Shipped,2026-08-12T01:46:15Z
GEN-00570,Delivered,2026-08-12T05:07:02Z
GEN-00571,Order Created,2026-08-07T13:50:57Z
GEN-00571,Payment Received,2026-08-07T14:03:27Z
GEN-00571,Packed,2026-08-08T00:34:32Z
GEN-00571,Inspected,2026-08-08T01:16:30Z
GEN-00571,Shipped,2026-08-08T02:41:06Z
GEN-00571,Delivered,2026-08-08T04:09:11Z
GEN-00572,Order Created,2026-08-05T16:19:03Z
GEN-00572,Payment Attempt,2026-08-05T16:23:52Z
GEN-00572,Payment Received,2026-08-05T16:29:42Z
GEN-00572,Packed,2026-08-05T20:51:07Z
GEN-00572,Inspected,2026-08-05T21:14:59Z
GEN-00572,Shipped,2026-08-06T01:07:30Z
GEN-00572,Delivered,2026-08-06T04:39:01Z
GEN-00573,Order Created,2026-08-10T13:32:45Z
GEN-00573,Payment Received,2026-08-10T13:43:17Z
GEN-00573,Packed,2026-08-10T18:53:27Z
GEN-00573,Inspected,2026-08-10T19:29:18Z
GEN-00573,Packed,2026-08-10T21:57:40Z
GEN-00573,Inspected,2026-08-10T22:48:45Z
GEN-00573,Packed,2026-08-11T00:47:17Z
GEN-00573,Inspected,2026-08-11T01:28:23Z
GEN-00573,Shipped,2026-08-11T05:05:48Z
GEN-00574,Order Created,2026-08-06T17:01:18Z
GEN-00574,Payment Received,2026-08-06T17:16:18Z
GEN-00574,Packed,2026-08-07T04:20:19Z
GEN-00574,Inspected,2026-08-07T04:59:57Z
GEN-00574,Shipped,2026-08-07T07:26:37Z
GEN-00574,Delivered,2026-08-07T11:00:42Z
GEN-00575,Order Created,2026-08-12T13:10:25Z
GEN-00575,Payment Attempt,2026-08-12T13:32:05Z
GEN-00575,Payment Received,2026-08-12T13:51:10Z
GEN-00575,Packed,2026-08-12T21:17:44Z
GEN-00575,Inspected,2026-08-12T21:44:34Z
GEN-00575,Shipped,2026-08-13T00:56:13Z
GEN-00575,Delivered,2026-08-13T03:06:37Z
GEN-00576,Order Created,2026-08-16T11:40:03Z
GEN-00576,Payment Received,2026-08-16T11:56:28Z
GEN-00576,Packed,2026-08-16T22:23:58Z
GEN-00576,Inspected,2026-08-16T23:01:49Z
GEN-00576,Packed,2026-08-17T01:01:22Z
GEN-00576,Inspected,2026-08-17T01:33:10Z
GEN-00576,Packed,2026-08-17T02:34:48Z
GEN-00576,Inspected,2026-08-17T03:00:38Z
GEN-00576,Shipped,2026-08-17T06:15:01Z
GEN-00576,Delivered,2026-08-17T09:21:40Z
GEN-00577,Order Created,2026-08-07T12:12:02Z
GEN-00577,Payment Attempt,2026-08-07T12:17:58Z
GEN-00577,Payment Attempt,2026-08-07T12:24:08Z
GEN-00577,Payment Received,2026-08-07T12:37:37Z
GEN-00577,Packed,2026-08-07T21:02:59Z
GEN-00577,Inspected,2026-08-07T21:28:12Z
GEN-00577,Shipped,2026-08-07T23:29:52Z
GEN-00577,Delivered,2026-08-08T02:18:15Z
GEN-00578,Order Created,2026-08-14T10:40:28Z
GEN-00578,Payment Attempt,2026-08-14T10:51:30Z
GEN-00578,Payment Received,2026-08-14T10:57:43Z
GEN-00578,Packed,2026-08-14T16:36:53Z
GEN-00578,Inspected,2026-08-14T16:59:29Z
GEN-00578,Shipped,2026-08-14T20:13:06Z
GEN-00578,Delivered,2026-08-14T23:04:27Z
GEN-00579,Order Created,2026-08-14T08:57:13Z
GEN-00579,Payment Received,2026-08-14T09:13:16Z
GEN-00579,Packed,2026-08-14T19:32:22Z
GEN-00579,Inspected,2026-08-14T19:55:26Z
GEN-00579,Shipped,2026-08-14T21:14:54Z
GEN-00579,Delivered,2026-08-15T00:25:18Z
GEN-00580,Order Created,2026-08-03T17:15:26Z
GEN-00580,Payment Received,2026-08-03T17:21:05Z
GEN-00580,Packed,2026-08-03T18:40:07Z
GEN-00580,Inspected,2026-08-03T19:22:47Z
GEN-00580,Shipped,2026-08-03T21:56:27Z
GEN-00580,Delivered,2026-08-03T23:51:08Z
GEN-00581,Order Created,2026-08-05T13:12:01Z
GEN-00581,Payment Received,2026-08-05T13:17:40Z
GEN-00581,Packed,2026-08-05T20:27:53Z
GEN-00581,Inspected,2026-08-05T21:26:44Z
GEN-00581,Shipped,2026-08-06T01:21:32Z
GEN-00581,Delivered,2026-08-06T04:36:07Z
GEN-00582,Order Created,2026-08-10T10:10:43Z
GEN-00582,Payment Received,2026-08-10T10:27:26Z
GEN-00582,Packed,2026-08-11T07:52:13Z
GEN-00582,Inspected,2026-08-11T08:38:46Z
GEN-00582,Shipped,2026-08-11T10:16:24Z
GEN-00582,Delivered,2026-08-11T14:38:35Z
GEN-00583,Order Created,2026-08-03T11:13:40Z
GEN-00583,Payment Received,2026-08-03T11:25:56Z
GEN-00583,Packed,2026-08-03T18:38:25Z
GEN-00583,Inspected,2026-08-03T19:22:51Z
GEN-00583,Shipped,2026-08-03T22:16:36Z
GEN-00583,Delivered,2026-08-04T05:03:56Z
GEN-00584,Order Created,2026-08-11T19:19:47Z
GEN-00584,Payment Received,2026-08-11T19:31:12Z
GEN-00584,Packed,2026-08-12T04:52:29Z
GEN-00584,Inspected,2026-08-12T05:48:50Z
GEN-00584,Shipped,2026-08-12T08:34:22Z
GEN-00584,Delivered,2026-08-12T09:53:21Z
GEN-00585,Order Created,2026-08-06T15:29:28Z
GEN-00585,Payment Received,2026-08-06T15:43:51Z
GEN-00585,Packed,2026-08-06T20:28:37Z
GEN-00585,Inspected,2026-08-06T21:03:26Z
GEN-00585,Packed,2026-08-06T22:15:51Z
GEN-00585,Inspected,2026-08-06T22:55:38Z
GEN-00585,Shipped,2026-08-07T00:09:54Z
GEN-00585,Delivered,2026-08-07T02:44:27Z
GEN-00586,Order Created,2026-08-05T09:51:19Z
GEN-00586,Payment Received,2026-08-05T09:57:34Z
GEN-00586,Packed,2026-08-05T13:51:57Z
GEN-00586,Inspected,2026-08-05T14:47:14Z
GEN-00586,Shipped,2026-08-05T16:19:19Z
GEN-00586,Delivered,2026-08-05T18:12:01Z
GEN-00587,Order Created,2026-08-04T15:48:10Z
GEN-00587,Payment Received,2026-08-04T15:50:10Z
GEN-00587,Packed,2026-08-04T18:25:37Z
GEN-00587,Inspected,2026-08-04T19:01:09Z
GEN-00587,Shipped,2026-08-04T20:28:15Z
GEN-00587,Delivered,2026-08-04T21:52:42Z
GEN-00588,Order Created,2026-08-07T08:30:21Z
GEN-00589,Order Created,2026-08-04T17:54:41Z
GEN-00589,Payment Received,2026-08-04T18:12:28Z
GEN-00589,Packed,2026-08-05T01:06:31Z
GEN-00589,Inspected,2026-08-05T01:32:36Z
GEN-00589,Packed,2026-08-05T04:04:33Z
GEN-00589,Inspected,2026-08-05T04:58:05Z
GEN-00589,Shipped,2026-08-05T06:21:18Z
GEN-00589,Delivered,2026-08-05T10:10:03Z
GEN-00590,Order Created,2026-08-14T19:02:42Z
GEN-00590,Payment Received,2026-08-14T19:12:06Z
GEN-00590,Packed,2026-08-15T05:55:33Z
GEN-00590,Inspected,2026-08-15T06:21:05Z
GEN-00590,Packed,2026-08-15T08:18:08Z
GEN-00590,Inspected,2026-08-15T09:07:45Z
GEN-00590,Packed,2026-08-15T11:30:34Z
GEN-00590,Inspected,2026-08-15T12:14:16Z
GEN-00590,Shipped,2026-08-15T14:23:27Z
GEN-00590,Delivered,2026-08-15T16:47:16Z
GEN-00591,Order Created,2026-08-03T17:05:46Z
GEN-00591,Payment Received,2026-08-03T17:19:33Z
GEN-00591,Packed,2026-08-03T23:22:01Z
GEN-00592,Order Created,2026-08-14T19:54:41Z
GEN-00592,Payment Received,2026-08-14T20:12:36Z
GEN-00592,Packed,2026-08-15T01:43:47Z
GEN-00592,Inspected,2026-08-15T02:25:39Z
GEN-00592,Shipped,2026-08-15T05:09:43Z
GEN-00593,Order Created,2026-08-04T10:48:52Z
GEN-00593,Payment Received,2026-08-04T10:52:30Z
GEN-00593,Packed,2026-08-05T00:11:49Z
GEN-00594,Order Created,2026-08-03T15:21:32Z
GEN-00594,Payment Received,2026-08-03T15:26:12Z
GEN-00594,Packed,2026-08-04T01:20:42Z
GEN-00594,Inspected,2026-08-04T01:47:08Z
GEN-00594,Shipped,2026-08-04T03:19:15Z
GEN-00594,Delivered,2026-08-04T07:50:35Z
GEN-00595,Order Created,2026-08-09T17:26:14Z
GEN-00595,Payment Received,2026-08-09T17:29:57Z
GEN-00595,Packed,2026-08-10T03:27:28Z
GEN-00595,Inspected,2026-08-10T03:57:55Z
GEN-00595,Shipped,2026-08-10T07:18:18Z
GEN-00595,Delivered,2026-08-10T10:27:46Z
GEN-00596,Order Created,2026-08-03T11:24:54Z
GEN-00596,Payment Received,2026-08-03T11:33:26Z
GEN-00596,Packed,2026-08-03T18:17:46Z
GEN-00596,Inspected,2026-08-03T19:03:34Z
GEN-00596,Shipped,2026-08-03T20:11:07Z
GEN-00596,Delivered,2026-08-03T23:14:18Z
GEN-00597,Order Created,2026-08-03T17:08:37Z
GEN-00597,Payment Received,2026-08-03T17:12:21Z
GEN-00597,Packed,2026-08-03T23:29:03Z
GEN-00597,Inspected,2026-08-04T00:16:25Z
GEN-00597,Shipped,2026-08-04T03:33:18Z
GEN-00597,Delivered,2026-08-04T06:49:31Z
GEN-00598,Order Created,2026-08-03T11:57:50Z
GEN-00598,Payment Received,2026-08-03T12:07:09Z
GEN-00598,Packed,2026-08-03T16:22:45Z
GEN-00598,Inspected,2026-08-03T17:13:41Z
GEN-00598,Packed,2026-08-03T19:10:50Z
GEN-00598,Inspected,2026-08-03T19:41:34Z
GEN-00598,Shipped,2026-08-03T20:55:48Z
GEN-00598,Delivered,2026-08-03T23:17:49Z
GEN-00599,Order Created,2026-08-03T14:51:46Z
GEN-00599,Payment Received,2026-08-03T15:01:55Z
GEN-00599,Packed,2026-08-03T21:58:42Z
GEN-00599,Inspected,2026-08-03T22:22:37Z
GEN-00599,Shipped,2026-08-04T01:36:23Z
GEN-00599,Delivered,2026-08-04T05:21:26Z
GEN-00600,Order Created,2026-08-10T14:50:22Z
GEN-00600,Payment Attempt,2026-08-10T15:07:18Z
GEN-00600,Payment Received,2026-08-10T15:11:09Z
GEN-00600,Packed,2026-08-10T23:20:06Z
GEN-00601,Order Created,2026-08-06T16:29:02Z
GEN-00601,Payment Received,2026-08-06T16:48:41Z
GEN-00601,Packed,2026-08-06T19:58:30Z
GEN-00601,Inspected,2026-08-06T20:49:15Z
GEN-00601,Shipped,2026-08-06T22:52:36Z
GEN-00601,Delivered,2026-08-07T01:34:45Z
GEN-00602,Order Created,2026-08-10T12:21:46Z
GEN-00602,Payment Received,2026-08-10T12:34:37Z
GEN-00602,Packed,2026-08-10T18:34:17Z
GEN-00602,Inspected,2026-08-10T19:06:12Z
GEN-00602,Shipped,2026-08-10T21:37:18Z
GEN-00602,Delivered,2026-08-10T23:40:54Z
GEN-00603,Order Created,2026-08-12T12:36:14Z
GEN-00603,Payment Received,2026-08-12T12:39:15Z
GEN-00603,Packed,2026-08-12T21:00:39Z
GEN-00603,Inspected,2026-08-12T21:32:16Z
GEN-00603,Shipped,2026-08-13T01:28:39Z
GEN-00603,Delivered,2026-08-13T04:34:17Z
GEN-00604,Order Created,2026-08-07T17:35:50Z
GEN-00604,Payment Received,2026-08-07T17:52:40Z
GEN-00604,Packed,2026-08-07T22:39:24Z
GEN-00605,Order Created,2026-08-06T19:41:00Z
GEN-00605,Payment Received,2026-08-06T19:45:01Z
GEN-00605,Packed,2026-08-06T22:58:47Z
GEN-00605,Inspected,2026-08-06T23:43:57Z
GEN-00605,Shipped,2026-08-07T01:23:05Z
GEN-00605,Delivered,2026-08-07T04:45:02Z
GEN-00606,Order Created,2026-08-11T19:28:02Z
GEN-00606,Payment Received,2026-08-11T19:35:17Z
GEN-00606,Packed,2026-08-11T23:44:49Z
GEN-00606,Inspected,2026-08-12T00:26:12Z
GEN-00606,Shipped,2026-08-12T04:05:33Z
GEN-00606,Delivered,2026-08-12T07:49:29Z
GEN-00607,Order Created,2026-08-04T13:34:05Z
GEN-00607,Payment Received,2026-08-04T13:42:00Z
GEN-00607,Packed,2026-08-04T18:10:42Z
GEN-00607,Inspected,2026-08-04T18:35:50Z
GEN-00607,Packed,2026-08-04T20:01:19Z
GEN-00607,Inspected,2026-08-04T20:55:16Z
GEN-00607,Packed,2026-08-04T22:03:48Z
GEN-00607,Inspected,2026-08-04T22:50:47Z
GEN-00607,Shipped,2026-08-05T01:47:50Z
GEN-00608,Order Created,2026-08-04T18:49:14Z
GEN-00608,Payment Received,2026-08-04T19:05:11Z
GEN-00608,Packed,2026-08-05T00:25:44Z
GEN-00608,Inspected,2026-08-05T01:05:40Z
GEN-00608,Packed,2026-08-05T02:44:29Z
GEN-00608,Inspected,2026-08-05T03:19:58Z
GEN-00608,Packed,2026-08-05T04:47:13Z
GEN-00608,Inspected,2026-08-05T05:46:19Z
GEN-00608,Shipped,2026-08-05T07:27:51Z
GEN-00608,Delivered,2026-08-05T12:47:54Z
GEN-00609,Order Created,2026-08-10T13:03:03Z
GEN-00609,Payment Received,2026-08-10T13:17:58Z
GEN-00609,Packed,2026-08-10T17:28:54Z
GEN-00609,Inspected,2026-08-10T17:53:56Z
GEN-00609,Packed,2026-08-10T19:47:38Z
GEN-00609,Inspected,2026-08-10T20:33:31Z
GEN-00609,Packed,2026-08-10T23:31:59Z
GEN-00609,Inspected,2026-08-11T00:10:14Z
GEN-00609,Shipped,2026-08-11T02:49:05Z
GEN-00609,Delivered,2026-08-11T06:06:59Z
GEN-00610,Order Created,2026-08-06T18:53:25Z
GEN-00610,Payment Received,2026-08-06T18:56:05Z
GEN-00610,Packed,2026-08-07T01:04:45Z
GEN-00610,Inspected,2026-08-07T01:40:20Z
GEN-00610,Shipped,2026-08-07T03:48:17Z
GEN-00610,Delivered,2026-08-07T07:05:26Z
GEN-00611,Order Created,2026-08-13T09:57:42Z
GEN-00611,Payment Received,2026-08-13T10:00:17Z
GEN-00611,Packed,2026-08-13T22:20:34Z
GEN-00611,Inspected,2026-08-13T22:48:53Z
GEN-00611,Shipped,2026-08-14T02:02:25Z
GEN-00611,Delivered,2026-08-14T03:20:42Z
GEN-00612,Order Created,2026-08-16T18:33:58Z
GEN-00612,Payment Received,2026-08-16T18:39:41Z
GEN-00612,Packed,2026-08-17T02:04:21Z
GEN-00612,Inspected,2026-08-17T02:41:32Z
GEN-00612,Packed,2026-08-17T04:44:24Z
GEN-00612,Inspected,2026-08-17T05:05:20Z
GEN-00612,Shipped,2026-08-17T08:42:37Z
GEN-00612,Delivered,2026-08-17T12:01:09Z
GEN-00613,Order Created,2026-08-10T19:27:39Z
GEN-00613,Payment Attempt,2026-08-10T19:40:23Z
GEN-00613,Payment Received,2026-08-10T19:57:26Z
GEN-00613,Packed,2026-08-11T01:09:55Z
GEN-00613,Inspected,2026-08-11T01:59:30Z
GEN-00613,Shipped,2026-08-11T05:26:16Z
GEN-00613,Delivered,2026-08-11T07:41:26Z
GEN-00614,Order Created,2026-08-06T12:08:22Z
GEN-00614,Payment Attempt,2026-08-06T12:26:08Z
GEN-00614,Payment Received,2026-08-06T12:29:37Z
GEN-00614,Packed,2026-08-06T21:14:50Z
GEN-00614,Inspected,2026-08-06T21:51:01Z
GEN-00614,Shipped,2026-08-07T01:18:39Z
GEN-00614,Delivered,2026-08-07T02:51:58Z
GEN-00615,Order Created,2026-08-06T17:42:55Z
GEN-00615,Payment Received,2026-08-06T17:54:27Z
GEN-00615,Packed,2026-08-06T22:33:29Z
GEN-00615,Inspected,2026-08-06T23:24:53Z
GEN-00615,Shipped,2026-08-07T01:02:43Z
GEN-00615,Delivered,2026-08-07T04:56:32Z
GEN-00616,Order Created,2026-08-03T15:10:46Z
GEN-00616,Payment Attempt,2026-08-03T15:24:36Z
GEN-00616,Payment Received,2026-08-03T15:27:29Z
GEN-00616,Packed,2026-08-03T21:01:46Z
GEN-00616,Inspected,2026-08-03T21:40:39Z
GEN-00616,Shipped,2026-08-03T23:17:33Z
GEN-00616,Delivered,2026-08-04T01:02:18Z
GEN-00617,Order Created,2026-08-03T08:15:23Z
GEN-00617,Payment Received,2026-08-03T08:30:32Z
GEN-00617,Packed,2026-08-03T13:41:19Z
GEN-00617,Inspected,2026-08-03T14:18:05Z
GEN-00617,Shipped,2026-08-03T16:30:53Z
GEN-00618,Order Created,2026-08-10T13:45:42Z
GEN-00618,Payment Attempt,2026-08-10T14:04:38Z
GEN-00618,Payment Attempt,2026-08-10T14:20:21Z
GEN-00618,Payment Received,2026-08-10T14:26:37Z
GEN-00618,Packed,2026-08-10T18:54:48Z
GEN-00618,Inspected,2026-08-10T19:44:27Z
GEN-00618,Shipped,2026-08-10T21:55:23Z
GEN-00618,Delivered,2026-08-11T02:17:22Z
GEN-00619,Order Created,2026-08-05T17:36:39Z
GEN-00619,Payment Attempt,2026-08-05T17:56:46Z
GEN-00619,Payment Received,2026-08-05T18:04:39Z
GEN-00619,Packed,2026-08-06T01:40:38Z
GEN-00619,Inspected,2026-08-06T02:15:37Z
GEN-00619,Shipped,2026-08-06T05:26:00Z
GEN-00619,Delivered,2026-08-06T08:16:53Z
GEN-00620,Order Created,2026-08-06T11:30:33Z
GEN-00620,Payment Received,2026-08-06T11:40:15Z
GEN-00620,Packed,2026-08-06T14:05:11Z
GEN-00620,Inspected,2026-08-06T14:47:29Z
GEN-00620,Shipped,2026-08-06T15:54:36Z
GEN-00620,Delivered,2026-08-06T17:41:08Z
GEN-00621,Order Created,2026-08-03T12:32:44Z
GEN-00621,Payment Received,2026-08-03T12:46:13Z
GEN-00621,Packed,2026-08-03T17:55:52Z
GEN-00621,Inspected,2026-08-03T18:44:55Z
GEN-00621,Packed,2026-08-03T19:59:19Z
GEN-00621,Inspected,2026-08-03T20:38:23Z
GEN-00621,Packed,2026-08-03T23:38:00Z
GEN-00621,Inspected,2026-08-04T00:15:19Z
GEN-00621,Shipped,2026-08-04T01:29:05Z
GEN-00621,Delivered,2026-08-04T06:52:25Z
GEN-00622,Order Created,2026-08-05T19:26:39Z
GEN-00622,Payment Received,2026-08-05T19:44:18Z
GEN-00622,Packed,2026-08-06T00:36:28Z
GEN-00622,Inspected,2026-08-06T01:31:26Z
GEN-00622,Shipped,2026-08-06T03:42:54Z
GEN-00622,Delivered,2026-08-06T06:32:18Z
GEN-00623,Order Created,2026-08-11T13:44:09Z
GEN-00623,Payment Received,2026-08-11T14:03:21Z
GEN-00623,Packed,2026-08-12T00:11:43Z
GEN-00623,Inspected,2026-08-12T00:56:26Z
GEN-00623,Shipped,2026-08-12T04:14:37Z
GEN-00624,Order Created,2026-08-11T15:15:33Z
GEN-00625,Order Created,2026-08-10T09:45:26Z
GEN-00625,Payment Attempt,2026-08-10T10:02:15Z
GEN-00625,Payment Received,2026-08-10T10:20:32Z
GEN-00625,Packed,2026-08-10T17:04:33Z
GEN-00625,Inspected,2026-08-10T18:03:33Z
GEN-00625,Shipped,2026-08-10T21:24:57Z
GEN-00625,Delivered,2026-08-10T23:36:38Z
GEN-00626,Order Created,2026-08-12T13:46:21Z
GEN-00626,Payment Received,2026-08-12T14:00:11Z
GEN-00626,Packed,2026-08-12T19:26:35Z
GEN-00626,Inspected,2026-08-12T19:55:55Z
GEN-00626,Shipped,2026-08-12T23:44:33Z
GEN-00626,Delivered,2026-08-13T02:39:41Z
GEN-00627,Order Created,2026-08-08T13:13:06Z
GEN-00627,Payment Attempt,2026-08-08T13:28:47Z
GEN-00627,Payment Received,2026-08-08T13:45:19Z
GEN-00627,Packed,2026-08-08T20:35:41Z
GEN-00627,Inspected,2026-08-08T21:08:45Z
GEN-00627,Shipped,2026-08-09T01:04:01Z
GEN-00628,Order Created,2026-08-05T10:52:17Z
GEN-00628,Payment Attempt,2026-08-05T11:11:03Z
GEN-00628,Payment Attempt,2026-08-05T11:23:45Z
GEN-00628,Payment Received,2026-08-05T11:32:49Z
GEN-00628,Packed,2026-08-06T00:09:55Z
GEN-00628,Inspected,2026-08-06T00:44:08Z
GEN-00628,Packed,2026-08-06T03:36:11Z
GEN-00628,Inspected,2026-08-06T04:19:04Z
GEN-00628,Shipped,2026-08-06T06:02:54Z
GEN-00628,Delivered,2026-08-06T09:07:57Z
GEN-00629,Order Created,2026-08-09T16:22:45Z
GEN-00629,Payment Received,2026-08-09T16:34:34Z
GEN-00629,Packed,2026-08-09T22:36:07Z
GEN-00629,Inspected,2026-08-09T22:57:40Z
GEN-00629,Shipped,2026-08-10T02:23:00Z
GEN-00629,Delivered,2026-08-10T04:26:56Z
GEN-00630,Order Created,2026-08-03T08:55:25Z
GEN-00630,Payment Attempt,2026-08-03T09:20:12Z
GEN-00630,Payment Attempt,2026-08-03T09:43:58Z
GEN-00630,Payment Received,2026-08-03T09:51:35Z
GEN-00630,Packed,2026-08-03T16:20:00Z
GEN-00631,Order Created,2026-08-10T10:57:58Z
GEN-00631,Payment Received,2026-08-10T11:06:59Z
GEN-00631,Packed,2026-08-10T13:22:01Z
GEN-00631,Inspected,2026-08-10T13:56:15Z
GEN-00631,Shipped,2026-08-10T16:15:42Z
GEN-00631,Delivered,2026-08-10T19:15:10Z
GEN-00632,Order Created,2026-08-16T19:13:42Z
GEN-00632,Payment Attempt,2026-08-16T19:21:20Z
GEN-00632,Payment Received,2026-08-16T19:40:44Z
GEN-00632,Packed,2026-08-17T18:17:31Z
GEN-00632,Inspected,2026-08-17T19:07:28Z
GEN-00632,Shipped,2026-08-17T20:57:33Z
GEN-00632,Delivered,2026-08-18T00:54:31Z
GEN-00633,Order Created,2026-08-04T11:36:44Z
GEN-00633,Payment Received,2026-08-04T11:53:39Z
GEN-00633,Packed,2026-08-05T01:28:47Z
GEN-00633,Inspected,2026-08-05T02:01:08Z
GEN-00633,Shipped,2026-08-05T04:52:16Z
GEN-00633,Delivered,2026-08-05T07:22:52Z
GEN-00634,Order Created,2026-08-07T09:18:45Z
GEN-00634,Payment Received,2026-08-07T09:29:25Z
GEN-00634,Packed,2026-08-07T16:24:07Z
GEN-00634,Inspected,2026-08-07T16:46:52Z
GEN-00634,Shipped,2026-08-07T19:28:15Z
GEN-00634,Delivered,2026-08-07T21:14:30Z
GEN-00635,Order Created,2026-08-11T09:27:43Z
GEN-00635,Payment Received,2026-08-11T09:42:18Z
GEN-00635,Packed,2026-08-11T23:04:31Z
GEN-00635,Inspected,2026-08-12T00:00:41Z
GEN-00635,Shipped,2026-08-12T03:41:13Z
GEN-00636,Order Created,2026-08-14T19:52:00Z
GEN-00636,Payment Received,2026-08-14T20:06:38Z
GEN-00636,Packed,2026-08-14T23:11:52Z
GEN-00636,Inspected,2026-08-14T23:35:06Z
GEN-00636,Shipped,2026-08-15T02:47:50Z
GEN-00636,Delivered,2026-08-15T05:26:25Z
GEN-00637,Order Created,2026-08-04T15:38:01Z
GEN-00637,Payment Received,2026-08-04T15:46:33Z
GEN-00637,Packed,2026-08-05T03:36:27Z
GEN-00637,Inspected,2026-08-05T04:32:32Z
GEN-00637,Shipped,2026-08-05T06:27:44Z
GEN-00637,Delivered,2026-08-05T12:04:00Z
GEN-00638,Order Created,2026-08-06T09:35:07Z
GEN-00638,Payment Received,2026-08-06T09:43:52Z
GEN-00638,Packed,2026-08-06T14:56:57Z
GEN-00638,Inspected,2026-08-06T15:32:55Z
GEN-00638,Shipped,2026-08-06T18:19:33Z
GEN-00638,Delivered,2026-08-06T21:18:15Z
GEN-00639,Order Created,2026-08-12T10:20:14Z
GEN-00639,Payment Received,2026-08-12T10:39:41Z
GEN-00639,Packed,2026-08-12T14:18:13Z
GEN-00639,Inspected,2026-08-12T14:58:02Z
GEN-00639,Shipped,2026-08-12T18:25:17Z
GEN-00639,Delivered,2026-08-12T21:52:22Z
GEN-00640,Order Created,2026-08-11T19:36:47Z
GEN-00640,Payment Received,2026-08-11T19:53:00Z
GEN-00640,Packed,2026-08-11T23:11:53Z
GEN-00641,Order Created,2026-08-05T08:46:04Z
GEN-00641,Payment Attempt,2026-08-05T09:02:20Z
GEN-00641,Payment Received,2026-08-05T09:12:56Z
GEN-00641,Packed,2026-08-05T13:36:19Z
GEN-00641,Inspected,2026-08-05T13:57:28Z
GEN-00641,Shipped,2026-08-05T17:17:55Z
GEN-00641,Delivered,2026-08-05T19:25:09Z
GEN-00642,Order Created,2026-08-13T12:10:26Z
GEN-00642,Payment Received,2026-08-13T12:27:49Z
GEN-00642,Packed,2026-08-13T21:55:49Z
GEN-00642,Inspected,2026-08-13T22:51:15Z
GEN-00642,Shipped,2026-08-14T01:55:51Z
GEN-00642,Delivered,2026-08-14T04:04:40Z
GEN-00643,Order Created,2026-08-03T17:38:09Z
GEN-00644,Order Created,2026-08-07T12:36:38Z
GEN-00644,Payment Received,2026-08-07T12:54:07Z
GEN-00644,Packed,2026-08-07T20:20:09Z
GEN-00644,Inspected,2026-08-07T20:51:38Z
GEN-00644,Shipped,2026-08-08T00:33:35Z
GEN-00644,Delivered,2026-08-08T03:01:09Z
GEN-00645,Order Created,2026-08-16T12:55:29Z
GEN-00645,Payment Received,2026-08-16T13:05:48Z
GEN-00645,Packed,2026-08-17T01:16:59Z
GEN-00645,Inspected,2026-08-17T01:55:11Z
GEN-00645,Shipped,2026-08-17T04:17:45Z
GEN-00645,Delivered,2026-08-17T07:15:06Z
GEN-00646,Order Created,2026-08-13T15:13:41Z
GEN-00646,Payment Attempt,2026-08-13T15:37:30Z
GEN-00646,Payment Received,2026-08-13T15:46:56Z
GEN-00646,Packed,2026-08-13T19:19:22Z
GEN-00646,Inspected,2026-08-13T20:02:01Z
GEN-00646,Shipped,2026-08-13T22:38:35Z
GEN-00646,Delivered,2026-08-14T00:05:00Z
GEN-00647,Order Created,2026-08-16T13:05:01Z
GEN-00647,Payment Received,2026-08-16T13:11:57Z
GEN-00647,Packed,2026-08-16T19:27:11Z
GEN-00647,Inspected,2026-08-16T20:18:16Z
GEN-00647,Shipped,2026-08-16T22:05:20Z
GEN-00647,Delivered,2026-08-17T01:46:12Z
GEN-00648,Order Created,2026-08-12T18:10:27Z
GEN-00648,Payment Received,2026-08-12T18:12:34Z
GEN-00648,Packed,2026-08-12T23:08:58Z
GEN-00648,Inspected,2026-08-12T23:46:06Z
GEN-00648,Shipped,2026-08-13T02:38:20Z
GEN-00648,Delivered,2026-08-13T05:20:03Z
GEN-00649,Order Created,2026-08-03T17:18:59Z
GEN-00649,Payment Received,2026-08-03T17:26:53Z
GEN-00649,Packed,2026-08-03T21:20:39Z
GEN-00649,Inspected,2026-08-03T21:48:58Z
GEN-00649,Shipped,2026-08-03T23:51:52Z
GEN-00649,Delivered,2026-08-04T02:30:11Z
GEN-00650,Order Created,2026-08-05T09:47:43Z
GEN-00650,Payment Attempt,2026-08-05T10:03:23Z
GEN-00650,Payment Received,2026-08-05T10:10:05Z
GEN-00650,Packed,2026-08-05T19:38:32Z
GEN-00650,Inspected,2026-08-05T20:26:47Z
GEN-00650,Packed,2026-08-05T23:13:41Z
GEN-00650,Inspected,2026-08-06T00:12:02Z
GEN-00650,Shipped,2026-08-06T01:47:10Z
GEN-00650,Delivered,2026-08-06T04:54:36Z
GEN-00651,Order Created,2026-08-05T08:18:04Z
GEN-00651,Payment Attempt,2026-08-05T08:37:24Z
GEN-00651,Payment Received,2026-08-05T08:41:57Z
GEN-00651,Packed,2026-08-05T14:05:36Z
GEN-00651,Inspected,2026-08-05T14:28:37Z
GEN-00651,Shipped,2026-08-05T16:37:47Z
GEN-00651,Delivered,2026-08-05T18:58:58Z
GEN-00652,Order Created,2026-08-13T10:59:19Z
GEN-00652,Payment Received,2026-08-13T11:11:22Z
GEN-00652,Packed,2026-08-13T15:19:54Z
GEN-00652,Inspected,2026-08-13T16:07:32Z
GEN-00652,Shipped,2026-08-13T18:21:07Z
GEN-00652,Delivered,2026-08-13T23:55:53Z
GEN-00653,Order Created,2026-08-16T14:51:31Z
GEN-00653,Payment Received,2026-08-16T15:07:07Z
GEN-00653,Packed,2026-08-16T21:43:41Z
GEN-00653,Inspected,2026-08-16T22:26:13Z
GEN-00653,Shipped,2026-08-17T00:12:21Z
GEN-00653,Delivered,2026-08-17T02:37:01Z
GEN-00654,Order Created,2026-08-04T14:57:30Z
GEN-00654,Payment Received,2026-08-04T15:12:25Z
GEN-00654,Packed,2026-08-05T00:20:42Z
GEN-00654,Inspected,2026-08-05T00:47:57Z
GEN-00654,Shipped,2026-08-05T02:33:20Z
GEN-00654,Delivered,2026-08-05T07:05:57Z
GEN-00655,Order Created,2026-08-09T16:00:01Z
GEN-00655,Payment Received,2026-08-09T16:08:38Z
GEN-00655,Packed,2026-08-10T00:39:55Z
GEN-00655,Inspected,2026-08-10T01:15:56Z
GEN-00655,Shipped,2026-08-10T04:54:41Z
GEN-00655,Delivered,2026-08-10T08:20:50Z
GEN-00656,Order Created,2026-08-10T11:44:39Z
GEN-00656,Payment Received,2026-08-10T11:52:31Z
GEN-00656,Packed,2026-08-10T18:29:09Z
GEN-00656,Inspected,2026-08-10T19:10:42Z
GEN-00656,Shipped,2026-08-10T22:35:51Z
GEN-00656,Delivered,2026-08-11T00:48:25Z
GEN-00657,Order Created,2026-08-14T18:57:53Z
GEN-00657,Payment Received,2026-08-14T19:14:37Z
GEN-00657,Packed,2026-08-15T04:58:13Z
GEN-00657,Inspected,2026-08-15T05:41:29Z
GEN-00657,Shipped,2026-08-15T07:11:21Z
GEN-00657,Delivered,2026-08-15T11:07:29Z
GEN-00658,Order Created,2026-08-06T10:51:48Z
GEN-00659,Order Created,2026-08-16T15:53:44Z
GEN-00659,Payment Received,2026-08-16T16:13:31Z
GEN-00659,Packed,2026-08-17T11:06:47Z
GEN-00659,Inspected,2026-08-17T11:39:11Z
GEN-00659,Shipped,2026-08-17T14:44:06Z
GEN-00659,Delivered,2026-08-17T18:28:38Z
GEN-00660,Order Created,2026-08-14T14:52:02Z
GEN-00660,Payment Received,2026-08-14T15:09:03Z
GEN-00660,Packed,2026-08-14T20:42:38Z
GEN-00660,Inspected,2026-08-14T21:21:43Z
GEN-00660,Shipped,2026-08-14T23:47:39Z
GEN-00660,Delivered,2026-08-15T02:48:21Z
GEN-00661,Order Created,2026-08-03T15:40:07Z
GEN-00661,Payment Attempt,2026-08-03T15:47:07Z
GEN-00661,Payment Received,2026-08-03T15:50:43Z
GEN-00661,Packed,2026-08-04T03:05:47Z
GEN-00661,Inspected,2026-08-04T04:02:17Z
GEN-00661,Packed,2026-08-04T05:31:28Z
GEN-00661,Inspected,2026-08-04T06:26:21Z
GEN-00661,Shipped,2026-08-04T10:13:52Z
GEN-00662,Order Created,2026-08-10T13:12:52Z
GEN-00663,Order Created,2026-08-12T16:20:22Z
GEN-00663,Payment Received,2026-08-12T16:26:26Z
GEN-00663,Packed,2026-08-13T06:02:53Z
GEN-00663,Inspected,2026-08-13T06:35:51Z
GEN-00663,Shipped,2026-08-13T09:45:15Z
GEN-00663,Delivered,2026-08-13T14:19:31Z
GEN-00664,Order Created,2026-08-14T16:52:48Z
GEN-00665,Order Created,2026-08-12T09:47:18Z
GEN-00665,Payment Received,2026-08-12T09:55:01Z
GEN-00665,Packed,2026-08-12T20:20:50Z
GEN-00665,Inspected,2026-08-12T20:43:11Z
GEN-00665,Packed,2026-08-12T23:03:43Z
GEN-00665,Inspected,2026-08-12T23:46:07Z
GEN-00665,Shipped,2026-08-13T02:39:31Z
GEN-00665,Delivered,2026-08-13T05:46:32Z
GEN-00666,Order Created,2026-08-06T08:04:08Z
GEN-00666,Payment Received,2026-08-06T08:22:39Z
GEN-00666,Packed,2026-08-06T13:24:54Z
GEN-00666,Inspected,2026-08-06T14:04:03Z
GEN-00666,Shipped,2026-08-06T16:53:27Z
GEN-00666,Delivered,2026-08-06T22:12:55Z
GEN-00667,Order Created,2026-08-13T11:28:32Z
GEN-00667,Payment Received,2026-08-13T11:42:53Z
GEN-00667,Packed,2026-08-13T19:46:25Z
GEN-00667,Inspected,2026-08-13T20:36:30Z
GEN-00667,Packed,2026-08-13T23:28:20Z
GEN-00667,Inspected,2026-08-14T00:03:40Z
GEN-00667,Shipped,2026-08-14T02:13:00Z
GEN-00667,Delivered,2026-08-14T08:17:34Z
GEN-00668,Order Created,2026-08-10T14:17:43Z
GEN-00668,Payment Received,2026-08-10T14:30:17Z
GEN-00668,Packed,2026-08-10T22:48:50Z
GEN-00668,Inspected,2026-08-10T23:47:55Z
GEN-00668,Shipped,2026-08-11T01:14:26Z
GEN-00668,Delivered,2026-08-11T03:53:48Z
GEN-00669,Order Created,2026-08-06T16:23:25Z
GEN-00669,Payment Received,2026-08-06T16:36:39Z
GEN-00669,Packed,2026-08-06T19:49:39Z
GEN-00669,Inspected,2026-08-06T20:11:41Z
GEN-00669,Shipped,2026-08-06T22:26:00Z
GEN-00669,Delivered,2026-08-06T23:53:35Z
GEN-00670,Order Created,2026-08-12T19:11:47Z
GEN-00670,Payment Attempt,2026-08-12T19:30:20Z
GEN-00670,Payment Received,2026-08-12T19:36:43Z
GEN-00670,Packed,2026-08-13T06:42:37Z
GEN-00670,Inspected,2026-08-13T07:28:42Z
GEN-00670,Shipped,2026-08-13T08:38:58Z
GEN-00670,Delivered,2026-08-13T12:51:08Z
GEN-00671,Order Created,2026-08-04T18:45:18Z
GEN-00671,Payment Received,2026-08-04T18:48:14Z
GEN-00671,Packed,2026-08-05T00:28:34Z
GEN-00671,Inspected,2026-08-05T01:03:24Z
GEN-00671,Packed,2026-08-05T03:11:19Z
GEN-00671,Inspected,2026-08-05T03:53:46Z
GEN-00671,Packed,2026-08-05T05:50:00Z
GEN-00671,Inspected,2026-08-05T06:16:38Z
GEN-00671,Shipped,2026-08-05T08:26:37Z
GEN-00671,Delivered,2026-08-05T10:39:39Z
GEN-00672,Order Created,2026-08-04T16:21:46Z
GEN-00672,Payment Attempt,2026-08-04T16:28:13Z
GEN-00672,Payment Received,2026-08-04T16:32:17Z
GEN-00672,Packed,2026-08-05T01:37:57Z
GEN-00672,Inspected,2026-08-05T02:19:53Z
GEN-00672,Packed,2026-08-05T04:34:11Z
GEN-00672,Inspected,2026-08-05T05:25:54Z
GEN-00672,Shipped,2026-08-05T06:32:31Z
GEN-00672,Delivered,2026-08-05T07:59:43Z
GEN-00673,Order Created,2026-08-06T10:14:03Z
GEN-00673,Payment Received,2026-08-06T10:29:15Z
GEN-00673,Packed,2026-08-06T12:55:42Z
GEN-00673,Inspected,2026-08-06T13:23:34Z
GEN-00673,Shipped,2026-08-06T17:12:14Z
GEN-00673,Delivered,2026-08-06T20:46:14Z
GEN-00674,Order Created,2026-08-03T09:36:00Z
GEN-00674,Payment Attempt,2026-08-03T09:52:25Z
GEN-00674,Payment Received,2026-08-03T10:05:52Z
GEN-00674,Packed,2026-08-03T12:56:55Z
GEN-00674,Inspected,2026-08-03T13:20:24Z
GEN-00674,Packed,2026-08-03T16:08:23Z
GEN-00674,Inspected,2026-08-03T16:56:44Z
GEN-00674,Shipped,2026-08-03T19:39:42Z
GEN-00674,Delivered,2026-08-03T23:10:20Z
GEN-00675,Order Created,2026-08-13T10:55:19Z
GEN-00675,Payment Received,2026-08-13T11:10:59Z
GEN-00675,Packed,2026-08-13T19:32:48Z
GEN-00675,Inspected,2026-08-13T20:19:03Z
GEN-00675,Shipped,2026-08-13T22:33:01Z
GEN-00675,Delivered,2026-08-14T04:51:20Z
GEN-00676,Order Created,2026-08-14T09:25:11Z
GEN-00676,Payment Received,2026-08-14T09:28:18Z
GEN-00676,Packed,2026-08-14T13:43:14Z
GEN-00676,Inspected,2026-08-14T14:22:36Z
GEN-00676,Shipped,2026-08-14T16:14:51Z
GEN-00676,Delivered,2026-08-14T20:25:40Z
GEN-00677,Order Created,2026-08-11T11:43:26Z
GEN-00677,Payment Attempt,2026-08-11T11:47:18Z
GEN-00677,Payment Attempt,2026-08-11T12:02:35Z
GEN-00677,Payment Received,2026-08-11T12:16:32Z
GEN-00677,Packed,2026-08-11T16:18:36Z
GEN-00677,Inspected,2026-08-11T17:06:23Z
GEN-00677,Shipped,2026-08-11T20:18:49Z
GEN-00677,Delivered,2026-08-12T01:29:58Z
GEN-00678,Order Created,2026-08-09T09:33:52Z
GEN-00678,Payment Received,2026-08-09T09:51:41Z
GEN-00678,Packed,2026-08-09T22:43:29Z
GEN-00678,Inspected,2026-08-09T23:26:23Z
GEN-00678,Shipped,2026-08-10T01:45:19Z
GEN-00678,Delivered,2026-08-10T06:05:41Z
GEN-00679,Order Created,2026-08-03T14:06:16Z
GEN-00679,Payment Received,2026-08-03T14:20:43Z
GEN-00679,Packed,2026-08-03T21:41:02Z
GEN-00679,Inspected,2026-08-03T22:19:09Z
GEN-00679,Shipped,2026-08-03T23:46:48Z
GEN-00679,Delivered,2026-08-04T02:31:29Z
GEN-00680,Order Created,2026-08-08T18:43:43Z
GEN-00680,Payment Received,2026-08-08T18:46:29Z
GEN-00680,Packed,2026-08-09T01:40:54Z
GEN-00681,Order Created,2026-08-12T18:14:50Z
GEN-00681,Payment Received,2026-08-12T18:31:57Z
GEN-00681,Packed,2026-08-13T07:21:08Z
GEN-00681,Inspected,2026-08-13T08:04:25Z
GEN-00681,Shipped,2026-08-13T10:34:06Z
GEN-00681,Delivered,2026-08-13T13:20:59Z
GEN-00682,Order Created,2026-08-12T08:34:35Z
GEN-00682,Payment Attempt,2026-08-12T08:55:26Z
GEN-00682,Payment Received,2026-08-12T09:04:24Z
GEN-00682,Packed,2026-08-13T00:50:28Z
GEN-00682,Inspected,2026-08-13T01:10:45Z
GEN-00682,Shipped,2026-08-13T05:00:30Z
GEN-00682,Delivered,2026-08-13T08:10:02Z
GEN-00683,Order Created,2026-08-08T17:19:54Z
GEN-00683,Payment Received,2026-08-08T17:34:19Z
GEN-00683,Packed,2026-08-09T07:39:49Z
GEN-00683,Inspected,2026-08-09T07:59:51Z
GEN-00683,Shipped,2026-08-09T09:58:23Z
GEN-00683,Delivered,2026-08-09T13:59:43Z
GEN-00684,Order Created,2026-08-14T14:57:14Z
GEN-00684,Payment Received,2026-08-14T15:02:12Z
GEN-00684,Packed,2026-08-14T22:41:43Z
GEN-00684,Inspected,2026-08-14T23:18:25Z
GEN-00684,Shipped,2026-08-15T02:02:23Z
GEN-00684,Delivered,2026-08-15T04:08:24Z
GEN-00685,Order Created,2026-08-05T19:00:39Z
GEN-00685,Payment Received,2026-08-05T19:20:27Z
GEN-00685,Packed,2026-08-06T01:42:03Z
GEN-00685,Inspected,2026-08-06T02:23:39Z
GEN-00685,Shipped,2026-08-06T03:36:52Z
GEN-00685,Delivered,2026-08-06T10:38:46Z
GEN-00686,Order Created,2026-08-12T16:36:48Z
GEN-00686,Payment Received,2026-08-12T16:47:52Z
GEN-00686,Packed,2026-08-13T01:03:12Z
GEN-00686,Inspected,2026-08-13T01:54:12Z
GEN-00686,Shipped,2026-08-13T05:11:28Z
GEN-00686,Delivered,2026-08-13T07:40:00Z
GEN-00687,Order Created,2026-08-14T09:51:33Z
GEN-00687,Payment Received,2026-08-14T10:06:46Z
GEN-00687,Packed,2026-08-14T16:47:21Z
GEN-00687,Inspected,2026-08-14T17:37:18Z
GEN-00687,Shipped,2026-08-14T18:54:50Z
GEN-00687,Delivered,2026-08-14T20:10:16Z
GEN-00688,Order Created,2026-08-07T08:55:11Z
GEN-00688,Payment Received,2026-08-07T09:08:04Z
GEN-00688,Packed,2026-08-07T12:47:26Z
GEN-00688,Inspected,2026-08-07T13:46:22Z
GEN-00688,Packed,2026-08-07T16:25:56Z
GEN-00688,Inspected,2026-08-07T16:51:11Z
GEN-00688,Shipped,2026-08-07T20:00:53Z
GEN-00688,Delivered,2026-08-08T03:48:39Z
GEN-00689,Order Created,2026-08-05T08:32:24Z
GEN-00689,Payment Received,2026-08-05T08:50:28Z
GEN-00689,Packed,2026-08-05T14:24:15Z
GEN-00689,Inspected,2026-08-05T14:44:31Z
GEN-00689,Shipped,2026-08-05T17:36:36Z
GEN-00689,Delivered,2026-08-05T18:42:22Z
GEN-00690,Order Created,2026-08-10T17:46:36Z
GEN-00690,Payment Attempt,2026-08-10T17:52:50Z
GEN-00690,Payment Received,2026-08-10T17:58:42Z
GEN-00690,Packed,2026-08-11T03:39:12Z
GEN-00690,Inspected,2026-08-11T04:37:46Z
GEN-00690,Shipped,2026-08-11T07:32:31Z
GEN-00690,Delivered,2026-08-11T09:15:12Z
GEN-00691,Order Created,2026-08-14T08:41:24Z
GEN-00691,Payment Received,2026-08-14T08:59:38Z
GEN-00691,Packed,2026-08-14T20:05:49Z
GEN-00691,Inspected,2026-08-14T20:40:39Z
GEN-00691,Shipped,2026-08-14T21:47:46Z
GEN-00691,Delivered,2026-08-15T01:23:30Z
GEN-00692,Order Created,2026-08-06T17:01:35Z
GEN-00693,Order Created,2026-08-11T16:32:52Z
GEN-00693,Payment Received,2026-08-11T16:47:55Z
GEN-00693,Packed,2026-08-11T22:31:22Z
GEN-00693,Inspected,2026-08-11T22:54:55Z
GEN-00693,Shipped,2026-08-12T02:53:42Z
GEN-00693,Delivered,2026-08-12T05:44:12Z
GEN-00694,Order Created,2026-08-09T14:13:23Z
GEN-00694,Payment Received,2026-08-09T14:23:32Z
GEN-00694,Packed,2026-08-09T22:33:18Z
GEN-00694,Inspected,2026-08-09T23:16:32Z
GEN-00694,Shipped,2026-08-10T01:44:45Z
GEN-00694,Delivered,2026-08-10T05:45:17Z
GEN-00695,Order Created,2026-08-13T13:41:53Z
GEN-00695,Payment Attempt,2026-08-13T13:49:55Z
GEN-00695,Payment Received,2026-08-13T14:00:52Z
GEN-00695,Packed,2026-08-14T12:19:25Z
GEN-00695,Inspected,2026-08-14T13:03:45Z
GEN-00695,Shipped,2026-08-14T15:21:19Z
GEN-00695,Delivered,2026-08-14T16:50:16Z
GEN-00696,Order Created,2026-08-10T18:38:30Z
GEN-00696,Payment Received,2026-08-10T18:52:26Z
GEN-00696,Packed,2026-08-11T05:13:38Z
GEN-00696,Inspected,2026-08-11T05:52:14Z
GEN-00696,Shipped,2026-08-11T08:44:04Z
GEN-00696,Delivered,2026-08-11T13:00:17Z
GEN-00697,Order Created,2026-08-13T10:21:26Z
GEN-00697,Payment Received,2026-08-13T10:32:17Z
GEN-00697,Packed,2026-08-13T21:54:08Z
GEN-00697,Inspected,2026-08-13T22:21:55Z
GEN-00697,Packed,2026-08-13T23:29:34Z
GEN-00697,Inspected,2026-08-13T23:51:56Z
GEN-00697,Packed,2026-08-14T02:19:31Z
GEN-00697,Inspected,2026-08-14T03:15:41Z
GEN-00697,Shipped,2026-08-14T06:12:55Z
GEN-00697,Delivered,2026-08-14T07:59:26Z
GEN-00698,Order Created,2026-08-03T12:42:07Z
GEN-00698,Payment Attempt,2026-08-03T13:05:45Z
GEN-00698,Payment Received,2026-08-03T13:25:38Z
GEN-00698,Packed,2026-08-03T19:48:06Z
GEN-00698,Inspected,2026-08-03T20:35:43Z
GEN-00698,Shipped,2026-08-04T00:18:01Z
GEN-00698,Delivered,2026-08-04T01:36:28Z
GEN-00699,Order Created,2026-08-07T12:37:49Z
GEN-00699,Payment Attempt,2026-08-07T12:55:25Z
GEN-00699,Payment Received,2026-08-07T13:02:09Z
GEN-00699,Packed,2026-08-07T19:40:54Z
GEN-00699,Inspected,2026-08-07T20:33:10Z
GEN-00699,Shipped,2026-08-08T00:14:36Z
GEN-00699,Delivered,2026-08-08T03:38:25Z
GEN-00700,Order Created,2026-08-04T19:27:09Z
GEN-00700,Payment Attempt,2026-08-04T19:31:34Z
GEN-00700,Payment Attempt,2026-08-04T19:52:54Z
GEN-00700,Payment Received,2026-08-04T19:58:09Z
GEN-00700,Packed,2026-08-05T00:28:06Z
GEN-00700,Inspected,2026-08-05T01:12:28Z
GEN-00700,Shipped,2026-08-05T02:58:35Z
GEN-00701,Order Created,2026-08-03T17:10:14Z
GEN-00701,Payment Attempt,2026-08-03T17:22:17Z
GEN-00701,Payment Attempt,2026-08-03T17:42:09Z
GEN-00701,Payment Received,2026-08-03T17:59:00Z
GEN-00701,Packed,2026-08-03T23:12:25Z
GEN-00701,Inspected,2026-08-03T23:55:11Z
GEN-00701,Shipped,2026-08-04T01:33:21Z
GEN-00701,Delivered,2026-08-04T05:26:20Z
GEN-00702,Order Created,2026-08-05T09:51:36Z
GEN-00702,Payment Received,2026-08-05T10:03:07Z
GEN-00702,Packed,2026-08-05T14:22:53Z
GEN-00702,Inspected,2026-08-05T15:21:00Z
GEN-00702,Packed,2026-08-05T17:23:19Z
GEN-00702,Inspected,2026-08-05T17:58:58Z
GEN-00702,Packed,2026-08-05T19:45:56Z
GEN-00702,Inspected,2026-08-05T20:28:29Z
GEN-00702,Shipped,2026-08-05T22:55:20Z
GEN-00702,Delivered,2026-08-06T06:01:27Z
GEN-00703,Order Created,2026-08-12T08:06:17Z
GEN-00703,Payment Received,2026-08-12T08:21:16Z
GEN-00703,Packed,2026-08-12T17:18:25Z
GEN-00703,Inspected,2026-08-12T17:41:43Z
GEN-00703,Shipped,2026-08-12T18:56:05Z
GEN-00703,Delivered,2026-08-12T21:42:15Z
GEN-00704,Order Created,2026-08-05T18:39:07Z
GEN-00704,Payment Received,2026-08-05T18:42:36Z
GEN-00704,Packed,2026-08-05T20:27:08Z
GEN-00704,Inspected,2026-08-05T21:09:08Z
GEN-00704,Shipped,2026-08-06T00:10:21Z
GEN-00704,Delivered,2026-08-06T03:33:22Z
GEN-00705,Order Created,2026-08-14T16:55:47Z
GEN-00705,Payment Attempt,2026-08-14T17:15:52Z
GEN-00705,Payment Received,2026-08-14T17:34:19Z
GEN-00705,Packed,2026-08-14T23:31:07Z
GEN-00705,Inspected,2026-08-15T00:18:50Z
GEN-00705,Shipped,2026-08-15T02:10:03Z
GEN-00706,Order Created,2026-08-08T12:51:46Z
GEN-00706,Payment Received,2026-08-08T13:00:43Z
GEN-00706,Packed,2026-08-08T18:39:16Z
GEN-00706,Inspected,2026-08-08T19:25:11Z
GEN-00706,Shipped,2026-08-08T22:59:21Z
GEN-00706,Delivered,2026-08-09T01:23:35Z
GEN-00707,Order Created,2026-08-06T12:46:55Z
GEN-00707,Payment Received,2026-08-06T12:58:20Z
GEN-00707,Packed,2026-08-06T18:19:05Z
GEN-00707,Inspected,2026-08-06T19:03:10Z
GEN-00707,Shipped,2026-08-06T20:43:22Z
GEN-00707,Delivered,2026-08-06T22:06:11Z
GEN-00708,Order Created,2026-08-05T16:54:15Z
GEN-00708,Payment Received,2026-08-05T17:03:10Z
GEN-00708,Packed,2026-08-06T05:46:01Z
GEN-00708,Inspected,2026-08-06T06:19:10Z
GEN-00708,Shipped,2026-08-06T08:35:10Z
GEN-00708,Delivered,2026-08-06T10:57:19Z
GEN-00709,Order Created,2026-08-04T08:24:55Z
GEN-00709,Payment Received,2026-08-04T08:33:02Z
GEN-00709,Packed,2026-08-04T15:10:03Z
GEN-00709,Inspected,2026-08-04T15:44:12Z
GEN-00709,Shipped,2026-08-04T18:07:28Z
GEN-00709,Delivered,2026-08-04T20:26:16Z
GEN-00710,Order Created,2026-08-06T14:13:37Z
GEN-00710,Payment Received,2026-08-06T14:16:07Z
GEN-00710,Packed,2026-08-06T17:53:36Z
GEN-00710,Inspected,2026-08-06T18:46:23Z
GEN-00710,Shipped,2026-08-06T21:07:16Z
GEN-00710,Delivered,2026-08-07T00:13:10Z
GEN-00711,Order Created,2026-08-12T17:38:36Z
GEN-00711,Payment Received,2026-08-12T17:52:52Z
GEN-00711,Packed,2026-08-12T22:14:03Z
GEN-00711,Inspected,2026-08-12T23:10:19Z
GEN-00711,Shipped,2026-08-13T01:35:25Z
GEN-00711,Delivered,2026-08-13T04:21:21Z
GEN-00712,Order Created,2026-08-07T14:22:25Z
GEN-00712,Payment Received,2026-08-07T14:36:30Z
GEN-00712,Packed,2026-08-07T18:11:56Z
GEN-00712,Inspected,2026-08-07T18:37:53Z
GEN-00712,Packed,2026-08-07T21:30:00Z
GEN-00712,Inspected,2026-08-07T21:56:10Z
GEN-00712,Packed,2026-08-07T23:21:04Z
GEN-00712,Inspected,2026-08-07T23:42:29Z
GEN-00712,Shipped,2026-08-08T01:11:16Z
GEN-00712,Delivered,2026-08-08T03:24:33Z
GEN-00713,Order Created,2026-08-05T18:57:04Z
GEN-00713,Payment Received,2026-08-05T19:10:03Z
GEN-00713,Packed,2026-08-05T23:28:21Z
GEN-00713,Inspected,2026-08-06T00:10:08Z
GEN-00713,Shipped,2026-08-06T02:07:55Z
GEN-00714,Order Created,2026-08-07T08:45:44Z
GEN-00714,Payment Received,2026-08-07T08:53:26Z
GEN-00714,Packed,2026-08-07T18:29:11Z
GEN-00714,Inspected,2026-08-07T19:19:25Z
GEN-00714,Shipped,2026-08-07T21:57:52Z
GEN-00714,Delivered,2026-08-08T01:05:20Z
GEN-00715,Order Created,2026-08-16T16:39:00Z
GEN-00715,Payment Received,2026-08-16T16:56:08Z
GEN-00715,Packed,2026-08-18T02:01:48Z
GEN-00715,Inspected,2026-08-18T02:42:14Z
GEN-00715,Shipped,2026-08-18T05:17:38Z
GEN-00715,Delivered,2026-08-18T08:26:26Z
GEN-00716,Order Created,2026-08-07T13:15:30Z
GEN-00716,Payment Attempt,2026-08-07T13:25:38Z
GEN-00716,Payment Received,2026-08-07T13:35:06Z
GEN-00716,Packed,2026-08-07T22:53:20Z
GEN-00716,Inspected,2026-08-07T23:18:42Z
GEN-00716,Shipped,2026-08-08T01:24:14Z
GEN-00716,Delivered,2026-08-08T04:19:43Z
GEN-00717,Order Created,2026-08-10T10:11:25Z
GEN-00717,Payment Received,2026-08-10T10:15:41Z
GEN-00717,Packed,2026-08-10T17:06:40Z
GEN-00718,Order Created,2026-08-05T17:15:01Z
GEN-00718,Payment Received,2026-08-05T17:22:19Z
GEN-00718,Packed,2026-08-05T23:40:32Z
GEN-00718,Inspected,2026-08-06T00:30:34Z
GEN-00718,Packed,2026-08-06T03:24:41Z
GEN-00718,Inspected,2026-08-06T03:46:29Z
GEN-00718,Shipped,2026-08-06T06:49:04Z
GEN-00718,Delivered,2026-08-06T12:39:06Z
GEN-00719,Order Created,2026-08-06T11:01:08Z
GEN-00719,Payment Received,2026-08-06T11:03:59Z
GEN-00719,Packed,2026-08-07T01:01:26Z
GEN-00719,Inspected,2026-08-07T01:59:29Z
GEN-00719,Shipped,2026-08-07T04:40:32Z
GEN-00719,Delivered,2026-08-07T08:15:21Z
GEN-00720,Order Created,2026-08-04T11:34:08Z
GEN-00720,Payment Received,2026-08-04T11:43:54Z
GEN-00720,Packed,2026-08-04T20:07:54Z
GEN-00720,Inspected,2026-08-04T20:28:33Z
GEN-00720,Shipped,2026-08-05T00:01:56Z
GEN-00720,Delivered,2026-08-05T03:46:53Z
GEN-00721,Order Created,2026-08-03T09:14:33Z
GEN-00721,Payment Received,2026-08-03T09:26:55Z
GEN-00721,Packed,2026-08-03T18:16:36Z
GEN-00721,Inspected,2026-08-03T18:42:29Z
GEN-00721,Shipped,2026-08-03T22:30:57Z
GEN-00721,Delivered,2026-08-04T01:51:25Z
GEN-00722,Order Created,2026-08-03T15:35:05Z
GEN-00722,Payment Received,2026-08-03T15:53:26Z
GEN-00722,Packed,2026-08-03T19:01:07Z
GEN-00722,Inspected,2026-08-03T19:46:59Z
GEN-00722,Shipped,2026-08-03T21:49:12Z
GEN-00722,Delivered,2026-08-04T00:19:48Z
GEN-00723,Order Created,2026-08-13T16:16:08Z
GEN-00723,Payment Received,2026-08-13T16:29:17Z
GEN-00723,Packed,2026-08-14T08:45:26Z
GEN-00723,Inspected,2026-08-14T09:24:49Z
GEN-00723,Shipped,2026-08-14T11:48:45Z
GEN-00723,Delivered,2026-08-14T14:15:20Z
GEN-00724,Order Created,2026-08-03T18:03:54Z
GEN-00724,Payment Received,2026-08-03T18:17:15Z
GEN-00724,Packed,2026-08-03T19:46:40Z
GEN-00724,Inspected,2026-08-03T20:11:03Z
GEN-00724,Shipped,2026-08-03T22:54:31Z
GEN-00724,Delivered,2026-08-04T01:46:59Z
GEN-00725,Order Created,2026-08-06T15:51:03Z
GEN-00725,Payment Received,2026-08-06T16:06:44Z
GEN-00725,Packed,2026-08-07T06:03:00Z
GEN-00725,Inspected,2026-08-07T06:55:32Z
GEN-00725,Shipped,2026-08-07T09:25:49Z
GEN-00725,Delivered,2026-08-07T14:11:11Z
GEN-00726,Order Created,2026-08-04T16:49:34Z
GEN-00726,Payment Received,2026-08-04T17:02:52Z
GEN-00726,Packed,2026-08-05T04:17:01Z
GEN-00726,Inspected,2026-08-05T04:41:17Z
GEN-00726,Shipped,2026-08-05T08:22:26Z
GEN-00726,Delivered,2026-08-05T11:13:02Z
GEN-00727,Order Created,2026-08-12T10:00:48Z
GEN-00727,Payment Received,2026-08-12T10:09:03Z
GEN-00727,Packed,2026-08-12T16:49:28Z
GEN-00727,Inspected,2026-08-12T17:44:45Z
GEN-00727,Shipped,2026-08-12T20:57:27Z
GEN-00727,Delivered,2026-08-13T00:46:11Z
GEN-00728,Order Created,2026-08-11T12:22:11Z
GEN-00729,Order Created,2026-08-10T10:00:46Z
GEN-00730,Order Created,2026-08-16T15:15:49Z
GEN-00730,Payment Received,2026-08-16T15:22:40Z
GEN-00730,Packed,2026-08-16T20:51:05Z
GEN-00730,Inspected,2026-08-16T21:27:18Z
GEN-00730,Shipped,2026-08-16T22:32:23Z
GEN-00730,Delivered,2026-08-17T01:08:38Z
GEN-00731,Order Created,2026-08-12T14:46:33Z
GEN-00731,Payment Received,2026-08-12T14:59:29Z
GEN-00731,Packed,2026-08-12T21:42:17Z
GEN-00731,Inspected,2026-08-12T22:03:57Z
GEN-00731,Shipped,2026-08-13T00:41:50Z
GEN-00731,Delivered,2026-08-13T05:54:13Z
GEN-00732,Order Created,2026-08-14T15:27:01Z
GEN-00732,Payment Received,2026-08-14T15:41:21Z
GEN-00732,Packed,2026-08-15T04:15:27Z
GEN-00732,Inspected,2026-08-15T05:11:20Z
GEN-00732,Shipped,2026-08-15T08:37:48Z
GEN-00732,Delivered,2026-08-15T11:27:55Z
GEN-00733,Order Created,2026-08-16T09:54:05Z
GEN-00733,Payment Received,2026-08-16T09:58:09Z
GEN-00733,Packed,2026-08-17T15:31:45Z
GEN-00733,Inspected,2026-08-17T16:31:14Z
GEN-00733,Shipped,2026-08-17T19:57:52Z
GEN-00733,Delivered,2026-08-18T00:51:27Z
GEN-00734,Order Created,2026-08-03T08:59:49Z
GEN-00734,Payment Received,2026-08-03T09:19:34Z
GEN-00734,Packed,2026-08-03T12:49:55Z
GEN-00734,Inspected,2026-08-03T13:32:47Z
GEN-00734,Shipped,2026-08-03T14:35:51Z
GEN-00734,Delivered,2026-08-03T18:07:19Z
GEN-00735,Order Created,2026-08-04T12:06:36Z
GEN-00735,Payment Received,2026-08-04T12:17:07Z
GEN-00735,Packed,2026-08-04T17:10:34Z
GEN-00735,Inspected,2026-08-04T17:59:45Z
GEN-00735,Shipped,2026-08-04T20:31:40Z
GEN-00735,Delivered,2026-08-04T22:33:02Z
GEN-00736,Order Created,2026-08-10T19:45:51Z
GEN-00736,Payment Received,2026-08-10T20:04:36Z
GEN-00736,Packed,2026-08-11T00:44:20Z
GEN-00736,Inspected,2026-08-11T01:08:51Z
GEN-00736,Packed,2026-08-11T03:31:50Z
GEN-00736,Inspected,2026-08-11T04:28:59Z
GEN-00736,Shipped,2026-08-11T08:26:31Z
GEN-00736,Delivered,2026-08-11T12:15:26Z
GEN-00737,Order Created,2026-08-13T17:45:26Z
GEN-00737,Payment Attempt,2026-08-13T18:00:11Z
GEN-00737,Payment Received,2026-08-13T18:05:04Z
GEN-00737,Packed,2026-08-14T00:09:40Z
GEN-00737,Inspected,2026-08-14T00:59:02Z
GEN-00737,Shipped,2026-08-14T04:36:03Z
GEN-00737,Delivered,2026-08-14T07:41:45Z
GEN-00738,Order Created,2026-08-07T14:28:52Z
GEN-00738,Payment Received,2026-08-07T14:35:09Z
GEN-00738,Packed,2026-08-07T20:26:59Z
GEN-00738,Inspected,2026-08-07T21:02:51Z
GEN-00738,Shipped,2026-08-07T23:11:22Z
GEN-00738,Delivered,2026-08-08T03:57:45Z
GEN-00739,Order Created,2026-08-11T08:06:14Z
GEN-00739,Payment Received,2026-08-11T08:17:50Z
GEN-00739,Packed,2026-08-11T16:24:17Z
GEN-00739,Inspected,2026-08-11T17:22:38Z
GEN-00739,Shipped,2026-08-11T21:10:32Z
GEN-00739,Delivered,2026-08-12T00:45:05Z
GEN-00740,Order Created,2026-08-05T19:41:07Z
GEN-00740,Payment Received,2026-08-05T19:51:58Z
GEN-00740,Packed,2026-08-06T00:34:07Z
GEN-00740,Inspected,2026-08-06T01:03:36Z
GEN-00740,Packed,2026-08-06T03:10:32Z
GEN-00740,Inspected,2026-08-06T04:07:05Z
GEN-00740,Shipped,2026-08-06T07:52:51Z
GEN-00740,Delivered,2026-08-06T09:49:26Z
GEN-00741,Order Created,2026-08-14T15:47:48Z
GEN-00741,Payment Attempt,2026-08-14T15:53:28Z
GEN-00741,Payment Received,2026-08-14T16:08:54Z
GEN-00741,Packed,2026-08-14T23:13:52Z
GEN-00741,Inspected,2026-08-14T23:46:34Z
GEN-00741,Shipped,2026-08-15T02:54:58Z
GEN-00742,Order Created,2026-08-12T10:10:39Z
GEN-00742,Payment Received,2026-08-12T10:15:38Z
GEN-00742,Packed,2026-08-12T13:47:21Z
GEN-00742,Inspected,2026-08-12T14:28:08Z
GEN-00742,Packed,2026-08-12T17:15:06Z
GEN-00742,Inspected,2026-08-12T18:06:09Z
GEN-00742,Shipped,2026-08-12T19:56:17Z
GEN-00742,Delivered,2026-08-12T23:00:50Z
GEN-00743,Order Created,2026-08-14T11:02:06Z
GEN-00743,Payment Received,2026-08-14T11:04:17Z
GEN-00743,Packed,2026-08-14T17:27:53Z
GEN-00743,Inspected,2026-08-14T18:22:19Z
GEN-00743,Shipped,2026-08-14T19:25:47Z
GEN-00743,Delivered,2026-08-14T22:42:23Z
GEN-00744,Order Created,2026-08-06T09:11:10Z
GEN-00744,Payment Attempt,2026-08-06T09:21:45Z
GEN-00744,Payment Received,2026-08-06T09:31:30Z
GEN-00744,Packed,2026-08-06T17:55:10Z
GEN-00744,Inspected,2026-08-06T18:40:36Z
GEN-00744,Shipped,2026-08-06T21:06:56Z
GEN-00744,Delivered,2026-08-07T01:12:33Z
GEN-00745,Order Created,2026-08-05T14:41:49Z
GEN-00745,Payment Received,2026-08-05T14:54:17Z
GEN-00745,Packed,2026-08-05T16:29:56Z
GEN-00745,Inspected,2026-08-05T17:15:47Z
GEN-00745,Shipped,2026-08-05T19:16:22Z
GEN-00745,Delivered,2026-08-05T21:25:10Z
GEN-00746,Order Created,2026-08-05T14:27:55Z
GEN-00746,Payment Received,2026-08-05T14:40:30Z
GEN-00746,Packed,2026-08-05T17:54:26Z
GEN-00746,Inspected,2026-08-05T18:53:27Z
GEN-00746,Packed,2026-08-05T21:11:30Z
GEN-00746,Inspected,2026-08-05T22:06:25Z
GEN-00746,Shipped,2026-08-06T00:28:47Z
GEN-00746,Delivered,2026-08-06T01:37:14Z
GEN-00747,Order Created,2026-08-05T08:17:57Z
GEN-00747,Payment Received,2026-08-05T08:36:31Z
GEN-00747,Packed,2026-08-06T01:15:07Z
GEN-00747,Inspected,2026-08-06T02:08:28Z
GEN-00747,Shipped,2026-08-06T03:26:00Z
GEN-00747,Delivered,2026-08-06T07:40:37Z
GEN-00748,Order Created,2026-08-06T16:39:04Z
GEN-00748,Payment Received,2026-08-06T16:45:59Z
GEN-00748,Packed,2026-08-06T21:53:21Z
GEN-00749,Order Created,2026-08-11T15:48:04Z
GEN-00749,Payment Received,2026-08-11T15:52:10Z
GEN-00749,Packed,2026-08-12T00:52:55Z
GEN-00749,Inspected,2026-08-12T01:23:49Z
GEN-00749,Shipped,2026-08-12T03:18:26Z
GEN-00749,Delivered,2026-08-12T06:00:25Z
GEN-00750,Order Created,2026-08-16T11:23:11Z
GEN-00751,Order Created,2026-08-07T17:08:20Z
GEN-00751,Payment Attempt,2026-08-07T17:21:37Z
GEN-00751,Payment Received,2026-08-07T17:28:02Z
GEN-00751,Packed,2026-08-08T01:58:45Z
GEN-00751,Inspected,2026-08-08T02:49:12Z
GEN-00751,Shipped,2026-08-08T06:21:35Z
GEN-00751,Delivered,2026-08-08T09:59:12Z
GEN-00752,Order Created,2026-08-07T15:44:31Z
GEN-00752,Payment Received,2026-08-07T15:59:14Z
GEN-00752,Packed,2026-08-07T21:52:45Z
GEN-00752,Inspected,2026-08-07T22:23:22Z
GEN-00752,Shipped,2026-08-08T00:37:26Z
GEN-00752,Delivered,2026-08-08T06:55:54Z
GEN-00753,Order Created,2026-08-13T16:59:35Z
GEN-00753,Payment Received,2026-08-13T17:12:59Z
GEN-00753,Packed,2026-08-13T21:42:06Z
GEN-00753,Inspected,2026-08-13T22:14:04Z
GEN-00753,Shipped,2026-08-14T00:32:59Z
GEN-00753,Delivered,2026-08-14T12:04:58Z
GEN-00754,Order Created,2026-08-08T18:44:44Z
GEN-00754,Payment Received,2026-08-08T18:54:21Z
GEN-00754,Packed,2026-08-09T03:37:48Z
GEN-00754,Inspected,2026-08-09T04:19:57Z
GEN-00754,Shipped,2026-08-09T06:46:21Z
GEN-00754,Delivered,2026-08-09T08:42:14Z
GEN-00755,Order Created,2026-08-14T10:48:14Z
GEN-00755,Payment Received,2026-08-14T10:59:49Z
GEN-00755,Packed,2026-08-14T18:19:38Z
GEN-00755,Inspected,2026-08-14T19:04:32Z
GEN-00755,Shipped,2026-08-14T21:55:37Z
GEN-00755,Delivered,2026-08-15T00:18:08Z
GEN-00756,Order Created,2026-08-08T14:22:26Z
GEN-00756,Payment Received,2026-08-08T14:32:03Z
GEN-00756,Packed,2026-08-08T20:59:27Z
GEN-00756,Inspected,2026-08-08T21:36:04Z
GEN-00756,Shipped,2026-08-08T22:59:47Z
GEN-00756,Delivered,2026-08-09T02:38:02Z
GEN-00757,Order Created,2026-08-12T08:10:39Z
GEN-00757,Payment Attempt,2026-08-12T08:31:49Z
GEN-00757,Payment Received,2026-08-12T08:49:06Z
GEN-00757,Packed,2026-08-12T20:50:49Z
GEN-00757,Inspected,2026-08-12T21:10:54Z
GEN-00757,Packed,2026-08-12T22:36:25Z
GEN-00757,Inspected,2026-08-12T23:22:35Z
GEN-00757,Packed,2026-08-13T01:11:09Z
GEN-00757,Inspected,2026-08-13T01:51:28Z
GEN-00757,Shipped,2026-08-13T03:42:59Z
GEN-00757,Delivered,2026-08-13T07:23:11Z
GEN-00758,Order Created,2026-08-16T13:14:30Z
GEN-00758,Payment Received,2026-08-16T13:23:41Z
GEN-00758,Packed,2026-08-16T20:37:04Z
GEN-00758,Inspected,2026-08-16T21:26:25Z
GEN-00758,Packed,2026-08-16T23:41:57Z
GEN-00758,Inspected,2026-08-17T00:15:30Z
GEN-00758,Shipped,2026-08-17T03:44:11Z
GEN-00758,Delivered,2026-08-17T09:14:05Z
GEN-00759,Order Created,2026-08-11T16:01:44Z
GEN-00759,Payment Received,2026-08-11T16:12:55Z
GEN-00759,Packed,2026-08-11T21:15:40Z
GEN-00759,Inspected,2026-08-11T21:51:13Z
GEN-00759,Shipped,2026-08-12T01:10:08Z
GEN-00759,Delivered,2026-08-12T03:22:23Z
GEN-00760,Order Created,2026-08-05T10:08:04Z
GEN-00760,Payment Received,2026-08-05T10:23:13Z
GEN-00760,Packed,2026-08-05T12:38:13Z
GEN-00760,Inspected,2026-08-05T13:27:59Z
GEN-00760,Shipped,2026-08-05T15:57:47Z
GEN-00760,Delivered,2026-08-05T19:00:09Z
GEN-00761,Order Created,2026-08-12T15:27:00Z
GEN-00761,Payment Attempt,2026-08-12T15:50:00Z
GEN-00761,Payment Received,2026-08-12T16:08:47Z
GEN-00761,Packed,2026-08-12T22:55:09Z
GEN-00761,Inspected,2026-08-12T23:51:29Z
GEN-00761,Shipped,2026-08-13T02:41:30Z
GEN-00761,Delivered,2026-08-13T04:43:06Z
GEN-00762,Order Created,2026-08-13T09:08:34Z
GEN-00762,Payment Received,2026-08-13T09:13:00Z
GEN-00762,Packed,2026-08-13T20:20:39Z
GEN-00762,Inspected,2026-08-13T20:45:42Z
GEN-00762,Packed,2026-08-13T23:19:57Z
GEN-00762,Inspected,2026-08-13T23:53:09Z
GEN-00762,Packed,2026-08-14T01:42:05Z
GEN-00762,Inspected,2026-08-14T02:15:11Z
GEN-00762,Packed,2026-08-14T03:47:06Z
GEN-00762,Inspected,2026-08-14T04:31:59Z
GEN-00762,Shipped,2026-08-14T05:55:04Z
GEN-00762,Delivered,2026-08-14T09:06:16Z
GEN-00763,Order Created,2026-08-05T15:37:37Z
GEN-00763,Payment Received,2026-08-05T15:48:15Z
GEN-00763,Packed,2026-08-05T19:34:39Z
GEN-00763,Inspected,2026-08-05T20:23:35Z
GEN-00763,Packed,2026-08-05T21:26:42Z
GEN-00763,Inspected,2026-08-05T22:10:50Z
GEN-00763,Packed,2026-08-06T00:47:21Z
GEN-00763,Inspected,2026-08-06T01:25:28Z
GEN-00763,Shipped,2026-08-06T03:07:13Z
GEN-00763,Delivered,2026-08-06T04:51:56Z
GEN-00764,Order Created,2026-08-06T15:53:19Z
GEN-00764,Payment Attempt,2026-08-06T16:13:37Z
GEN-00764,Payment Received,2026-08-06T16:22:48Z
GEN-00764,Packed,2026-08-06T20:32:12Z
GEN-00764,Inspected,2026-08-06T21:30:27Z
GEN-00764,Shipped,2026-08-07T00:11:57Z
GEN-00764,Delivered,2026-08-07T03:37:18Z
GEN-00765,Order Created,2026-08-06T18:02:49Z
GEN-00766,Order Created,2026-08-09T09:33:35Z
GEN-00766,Payment Received,2026-08-09T09:52:15Z
GEN-00766,Packed,2026-08-09T21:43:46Z
GEN-00766,Inspected,2026-08-09T22:22:53Z
GEN-00766,Shipped,2026-08-10T00:22:30Z
GEN-00766,Delivered,2026-08-10T02:52:08Z
GEN-00767,Order Created,2026-08-14T09:45:29Z
GEN-00767,Payment Received,2026-08-14T09:54:55Z
GEN-00767,Packed,2026-08-14T17:05:46Z
GEN-00767,Inspected,2026-08-14T17:45:01Z
GEN-00767,Shipped,2026-08-14T21:00:20Z
GEN-00767,Delivered,2026-08-14T23:41:55Z
GEN-00768,Order Created,2026-08-03T17:23:23Z
GEN-00768,Payment Received,2026-08-03T17:29:05Z
GEN-00768,Packed,2026-08-03T20:36:13Z
GEN-00768,Inspected,2026-08-03T21:11:17Z
GEN-00768,Packed,2026-08-03T22:55:28Z
GEN-00768,Inspected,2026-08-03T23:34:49Z
GEN-00768,Shipped,2026-08-04T01:10:52Z
GEN-00768,Delivered,2026-08-04T04:12:57Z
GEN-00769,Order Created,2026-08-11T12:43:19Z
GEN-00769,Payment Received,2026-08-11T13:02:06Z
GEN-00769,Packed,2026-08-11T16:38:20Z
GEN-00769,Inspected,2026-08-11T17:16:46Z
GEN-00769,Shipped,2026-08-11T19:18:49Z
GEN-00769,Delivered,2026-08-11T21:57:08Z
GEN-00770,Order Created,2026-08-08T14:44:09Z
GEN-00770,Payment Attempt,2026-08-08T15:04:21Z
GEN-00770,Payment Received,2026-08-08T15:14:08Z
GEN-00770,Packed,2026-08-08T21:40:43Z
GEN-00770,Inspected,2026-08-08T22:06:33Z
GEN-00770,Shipped,2026-08-09T00:10:07Z
GEN-00770,Delivered,2026-08-09T03:11:01Z
GEN-00771,Order Created,2026-08-12T09:40:41Z
GEN-00771,Payment Received,2026-08-12T09:53:12Z
GEN-00771,Packed,2026-08-12T16:17:30Z
GEN-00771,Inspected,2026-08-12T16:45:29Z
GEN-00771,Shipped,2026-08-12T20:16:37Z
GEN-00772,Order Created,2026-08-10T18:58:28Z
GEN-00772,Payment Received,2026-08-10T19:02:33Z
GEN-00772,Packed,2026-08-10T23:39:26Z
GEN-00772,Inspected,2026-08-11T00:21:27Z
GEN-00772,Shipped,2026-08-11T02:21:59Z
GEN-00772,Delivered,2026-08-11T05:24:07Z
GEN-00773,Order Created,2026-08-04T11:20:58Z
GEN-00773,Payment Received,2026-08-04T11:31:50Z
GEN-00773,Packed,2026-08-04T20:31:43Z
GEN-00773,Inspected,2026-08-04T21:12:47Z
GEN-00773,Shipped,2026-08-04T23:48:56Z
GEN-00773,Delivered,2026-08-05T02:26:15Z
GEN-00774,Order Created,2026-08-06T16:48:36Z
GEN-00775,Order Created,2026-08-04T09:05:56Z
GEN-00775,Payment Attempt,2026-08-04T09:18:59Z
GEN-00775,Payment Received,2026-08-04T09:24:36Z
GEN-00775,Packed,2026-08-04T15:41:35Z
GEN-00775,Inspected,2026-08-04T16:23:15Z
GEN-00775,Shipped,2026-08-04T19:51:14Z
GEN-00775,Delivered,2026-08-04T21:46:24Z
GEN-00776,Order Created,2026-08-04T18:21:14Z
GEN-00776,Payment Received,2026-08-04T18:34:43Z
GEN-00776,Packed,2026-08-04T21:57:19Z
GEN-00776,Inspected,2026-08-04T22:32:06Z
GEN-00776,Packed,2026-08-05T00:13:22Z
GEN-00776,Inspected,2026-08-05T00:56:19Z
GEN-00776,Shipped,2026-08-05T02:36:35Z
GEN-00776,Delivered,2026-08-05T05:27:42Z
GEN-00777,Order Created,2026-08-14T16:52:54Z
GEN-00777,Payment Received,2026-08-14T17:01:34Z
GEN-00777,Packed,2026-08-15T00:03:38Z
GEN-00777,Inspected,2026-08-15T00:24:47Z
GEN-00777,Shipped,2026-08-15T02:14:56Z
GEN-00777,Delivered,2026-08-15T04:53:42Z
GEN-00778,Order Created,2026-08-06T15:33:52Z
GEN-00778,Payment Received,2026-08-06T15:51:24Z
GEN-00778,Packed,2026-08-06T22:56:18Z
GEN-00778,Inspected,2026-08-06T23:46:21Z
GEN-00778,Packed,2026-08-07T00:52:59Z
GEN-00778,Inspected,2026-08-07T01:45:45Z
GEN-00778,Packed,2026-08-07T03:48:41Z
GEN-00778,Inspected,2026-08-07T04:14:01Z
GEN-00778,Shipped,2026-08-07T07:03:17Z
GEN-00778,Delivered,2026-08-07T08:55:21Z
GEN-00779,Order Created,2026-08-11T13:58:31Z
GEN-00779,Payment Received,2026-08-11T14:18:20Z
GEN-00779,Packed,2026-08-11T21:55:10Z
GEN-00779,Inspected,2026-08-11T22:25:11Z
GEN-00779,Shipped,2026-08-11T23:48:01Z
GEN-00780,Order Created,2026-08-11T08:42:47Z
GEN-00780,Payment Attempt,2026-08-11T08:48:56Z
GEN-00780,Payment Received,2026-08-11T09:07:46Z
GEN-00780,Packed,2026-08-11T13:50:03Z
GEN-00780,Inspected,2026-08-11T14:44:49Z
GEN-00780,Packed,2026-08-11T15:54:36Z
GEN-00780,Inspected,2026-08-11T16:46:28Z
GEN-00780,Packed,2026-08-11T18:21:17Z
GEN-00780,Inspected,2026-08-11T18:44:55Z
GEN-00780,Packed,2026-08-11T20:23:55Z
GEN-00780,Inspected,2026-08-11T20:46:44Z
GEN-00780,Shipped,2026-08-11T23:19:26Z
GEN-00780,Delivered,2026-08-12T03:28:22Z
GEN-00781,Order Created,2026-08-10T12:05:09Z
GEN-00781,Payment Received,2026-08-10T12:09:09Z
GEN-00781,Packed,2026-08-11T06:22:04Z
GEN-00781,Inspected,2026-08-11T07:20:49Z
GEN-00781,Packed,2026-08-11T08:54:45Z
GEN-00781,Inspected,2026-08-11T09:32:33Z
GEN-00781,Shipped,2026-08-11T12:35:09Z
GEN-00781,Delivered,2026-08-11T17:02:20Z
GEN-00782,Order Created,2026-08-12T16:26:45Z
GEN-00782,Payment Attempt,2026-08-12T16:39:59Z
GEN-00782,Payment Received,2026-08-12T16:50:29Z
GEN-00782,Packed,2026-08-12T21:38:57Z
GEN-00782,Inspected,2026-08-12T22:32:47Z
GEN-00782,Shipped,2026-08-13T01:28:35Z
GEN-00782,Delivered,2026-08-13T03:30:22Z
GEN-00783,Order Created,2026-08-04T14:33:17Z
GEN-00783,Payment Attempt,2026-08-04T14:42:10Z
GEN-00783,Payment Attempt,2026-08-04T14:59:27Z
GEN-00783,Payment Received,2026-08-04T15:13:12Z
GEN-00783,Packed,2026-08-04T19:41:22Z
GEN-00783,Inspected,2026-08-04T20:12:44Z
GEN-00783,Shipped,2026-08-04T22:01:46Z
GEN-00783,Delivered,2026-08-05T01:51:22Z
GEN-00784,Order Created,2026-08-09T08:45:46Z
GEN-00784,Payment Attempt,2026-08-09T09:09:32Z
GEN-00784,Payment Received,2026-08-09T09:28:59Z
GEN-00784,Packed,2026-08-10T00:34:31Z
GEN-00784,Inspected,2026-08-10T01:24:09Z
GEN-00784,Shipped,2026-08-10T04:52:28Z
GEN-00784,Delivered,2026-08-10T07:25:08Z
GEN-00785,Order Created,2026-08-10T19:43:22Z
GEN-00785,Payment Received,2026-08-10T19:56:56Z
GEN-00785,Packed,2026-08-11T12:00:02Z
GEN-00785,Inspected,2026-08-11T12:33:16Z
GEN-00785,Shipped,2026-08-11T16:18:50Z
GEN-00786,Order Created,2026-08-05T17:51:02Z
GEN-00786,Payment Received,2026-08-05T17:55:50Z
GEN-00786,Packed,2026-08-06T07:20:55Z
GEN-00786,Inspected,2026-08-06T08:19:28Z
GEN-00786,Shipped,2026-08-06T12:17:54Z
GEN-00786,Delivered,2026-08-06T14:40:42Z
GEN-00787,Order Created,2026-08-14T19:52:28Z
GEN-00787,Payment Received,2026-08-14T19:59:41Z
GEN-00787,Packed,2026-08-14T23:09:18Z
GEN-00787,Inspected,2026-08-14T23:57:27Z
GEN-00787,Shipped,2026-08-15T01:00:39Z
GEN-00787,Delivered,2026-08-15T03:56:06Z
GEN-00788,Order Created,2026-08-10T19:55:26Z
GEN-00788,Payment Received,2026-08-10T20:04:25Z
GEN-00788,Packed,2026-08-10T23:39:55Z
GEN-00788,Inspected,2026-08-11T00:08:06Z
GEN-00788,Packed,2026-08-11T03:01:43Z
GEN-00788,Inspected,2026-08-11T03:48:14Z
GEN-00788,Shipped,2026-08-11T07:09:55Z
GEN-00788,Delivered,2026-08-11T09:55:58Z
GEN-00789,Order Created,2026-08-03T18:34:56Z
GEN-00789,Payment Received,2026-08-03T18:52:27Z
GEN-00789,Packed,2026-08-04T07:56:58Z
GEN-00789,Inspected,2026-08-04T08:39:35Z
GEN-00789,Shipped,2026-08-04T10:52:29Z
GEN-00789,Delivered,2026-08-04T12:24:14Z
GEN-00790,Order Created,2026-08-16T08:06:35Z
GEN-00790,Payment Received,2026-08-16T08:22:05Z
GEN-00790,Packed,2026-08-17T05:40:58Z
GEN-00790,Inspected,2026-08-17T06:01:48Z
GEN-00790,Shipped,2026-08-17T09:08:57Z
GEN-00790,Delivered,2026-08-17T10:57:02Z
GEN-00791,Order Created,2026-08-14T17:48:19Z
GEN-00791,Payment Received,2026-08-14T18:00:22Z
GEN-00791,Packed,2026-08-14T22:46:56Z
GEN-00791,Inspected,2026-08-14T23:15:13Z
GEN-00791,Shipped,2026-08-15T02:23:21Z
GEN-00791,Delivered,2026-08-15T06:46:02Z
GEN-00792,Order Created,2026-08-06T14:22:53Z
GEN-00792,Payment Received,2026-08-06T14:38:35Z
GEN-00792,Packed,2026-08-06T19:54:27Z
GEN-00792,Inspected,2026-08-06T20:25:35Z
GEN-00792,Shipped,2026-08-06T22:58:07Z
GEN-00792,Delivered,2026-08-07T01:31:50Z
GEN-00793,Order Created,2026-08-14T08:09:07Z
GEN-00793,Payment Received,2026-08-14T08:28:03Z
GEN-00793,Packed,2026-08-14T12:40:33Z
GEN-00793,Inspected,2026-08-14T13:29:01Z
GEN-00793,Shipped,2026-08-14T17:12:25Z
GEN-00793,Delivered,2026-08-14T19:25:32Z
GEN-00794,Order Created,2026-08-07T18:16:45Z
GEN-00794,Payment Attempt,2026-08-07T18:30:37Z
GEN-00794,Payment Received,2026-08-07T18:35:56Z
GEN-00794,Packed,2026-08-08T00:35:47Z
GEN-00794,Inspected,2026-08-08T01:17:20Z
GEN-00794,Shipped,2026-08-08T02:48:55Z
GEN-00794,Delivered,2026-08-08T05:02:02Z
GEN-00795,Order Created,2026-08-06T09:52:58Z
GEN-00795,Payment Received,2026-08-06T10:10:52Z
GEN-00795,Packed,2026-08-06T20:56:37Z
GEN-00795,Inspected,2026-08-06T21:39:26Z
GEN-00795,Shipped,2026-08-07T00:26:29Z
GEN-00795,Delivered,2026-08-07T03:48:10Z
GEN-00796,Order Created,2026-08-04T13:12:18Z
GEN-00796,Payment Received,2026-08-04T13:22:23Z
GEN-00796,Packed,2026-08-04T16:43:42Z
GEN-00797,Order Created,2026-08-05T13:34:54Z
GEN-00797,Payment Attempt,2026-08-05T13:39:32Z
GEN-00797,Payment Attempt,2026-08-05T13:43:13Z
GEN-00797,Payment Received,2026-08-05T13:46:58Z
GEN-00797,Packed,2026-08-05T23:29:57Z
GEN-00797,Inspected,2026-08-05T23:50:07Z
GEN-00797,Shipped,2026-08-06T00:53:46Z
GEN-00797,Delivered,2026-08-06T02:37:35Z
GEN-00798,Order Created,2026-08-13T16:45:05Z
GEN-00798,Payment Received,2026-08-13T16:54:04Z
GEN-00798,Packed,2026-08-13T22:18:08Z
GEN-00798,Inspected,2026-08-13T22:48:39Z
GEN-00798,Packed,2026-08-13T23:56:47Z
GEN-00798,Inspected,2026-08-14T00:45:58Z
GEN-00798,Shipped,2026-08-14T03:19:50Z
GEN-00798,Delivered,2026-08-14T07:29:12Z
GEN-00799,Order Created,2026-08-06T12:58:24Z
GEN-00799,Payment Received,2026-08-06T13:12:11Z
GEN-00799,Packed,2026-08-06T18:49:54Z
GEN-00799,Inspected,2026-08-06T19:11:03Z
GEN-00799,Packed,2026-08-06T20:36:08Z
GEN-00799,Inspected,2026-08-06T21:03:39Z
GEN-00799,Packed,2026-08-06T23:14:40Z
GEN-00799,Inspected,2026-08-07T00:07:08Z
GEN-00799,Shipped,2026-08-07T01:52:19Z
GEN-00799,Delivered,2026-08-07T05:13:41Z
GEN-00800,Order Created,2026-08-10T10:03:49Z
GEN-00800,Payment Attempt,2026-08-10T10:22:04Z
GEN-00800,Payment Received,2026-08-10T10:25:05Z
GEN-00800,Packed,2026-08-10T16:38:49Z
GEN-00801,Order Created,2026-08-14T14:18:03Z
GEN-00801,Payment Received,2026-08-14T14:24:16Z
GEN-00801,Packed,2026-08-15T01:13:26Z
GEN-00801,Inspected,2026-08-15T01:53:48Z
GEN-00801,Shipped,2026-08-15T05:23:40Z
GEN-00801,Delivered,2026-08-15T07:37:47Z
GEN-00802,Order Created,2026-08-05T17:47:34Z
GEN-00802,Payment Attempt,2026-08-05T17:54:05Z
GEN-00802,Payment Received,2026-08-05T18:02:32Z
GEN-00802,Packed,2026-08-06T02:00:06Z
GEN-00802,Inspected,2026-08-06T02:44:37Z
GEN-00802,Shipped,2026-08-06T06:08:42Z
GEN-00802,Delivered,2026-08-06T10:15:41Z
GEN-00803,Order Created,2026-08-12T13:01:14Z
GEN-00803,Payment Received,2026-08-12T13:03:57Z
GEN-00803,Packed,2026-08-12T20:40:10Z
GEN-00803,Inspected,2026-08-12T21:17:04Z
GEN-00803,Shipped,2026-08-12T23:56:22Z
GEN-00803,Delivered,2026-08-13T01:41:52Z
GEN-00804,Order Created,2026-08-09T08:54:57Z
GEN-00804,Payment Received,2026-08-09T09:14:52Z
GEN-00804,Packed,2026-08-09T15:05:25Z
GEN-00804,Inspected,2026-08-09T15:46:28Z
GEN-00804,Packed,2026-08-09T18:03:38Z
GEN-00804,Inspected,2026-08-09T18:34:20Z
GEN-00804,Shipped,2026-08-09T22:26:35Z
GEN-00804,Delivered,2026-08-10T01:52:40Z
GEN-00805,Order Created,2026-08-05T08:07:54Z
GEN-00805,Payment Received,2026-08-05T08:26:47Z
GEN-00805,Packed,2026-08-05T16:18:07Z
GEN-00805,Inspected,2026-08-05T17:13:38Z
GEN-00805,Shipped,2026-08-05T20:50:27Z
GEN-00805,Delivered,2026-08-05T22:38:35Z
GEN-00806,Order Created,2026-08-07T13:28:41Z
GEN-00806,Payment Received,2026-08-07T13:42:19Z
GEN-00806,Packed,2026-08-07T21:41:34Z
GEN-00806,Inspected,2026-08-07T22:02:16Z
GEN-00806,Shipped,2026-08-08T01:33:01Z
GEN-00806,Delivered,2026-08-08T06:17:28Z
GEN-00807,Order Created,2026-08-12T16:37:47Z
GEN-00807,Payment Received,2026-08-12T16:43:40Z
GEN-00807,Packed,2026-08-12T23:31:03Z
GEN-00807,Inspected,2026-08-12T23:51:21Z
GEN-00807,Shipped,2026-08-13T01:28:36Z
GEN-00807,Delivered,2026-08-13T03:27:38Z
GEN-00808,Order Created,2026-08-13T19:58:35Z
GEN-00809,Order Created,2026-08-14T14:30:23Z
GEN-00809,Payment Received,2026-08-14T14:37:40Z
GEN-00809,Packed,2026-08-15T03:18:04Z
GEN-00809,Inspected,2026-08-15T04:17:24Z
GEN-00809,Shipped,2026-08-15T07:03:59Z
GEN-00809,Delivered,2026-08-15T11:42:20Z
GEN-00810,Order Created,2026-08-07T18:49:29Z
GEN-00810,Payment Attempt,2026-08-07T19:08:11Z
GEN-00810,Payment Received,2026-08-07T19:16:51Z
GEN-00810,Packed,2026-08-08T03:46:24Z
GEN-00810,Inspected,2026-08-08T04:45:34Z
GEN-00810,Shipped,2026-08-08T08:16:33Z
GEN-00810,Delivered,2026-08-08T10:01:40Z
GEN-00811,Order Created,2026-08-11T15:28:47Z
GEN-00811,Payment Received,2026-08-11T15:34:20Z
GEN-00811,Packed,2026-08-11T23:02:50Z
GEN-00811,Inspected,2026-08-11T23:50:49Z
GEN-00811,Shipped,2026-08-12T03:48:07Z
GEN-00812,Order Created,2026-08-15T14:18:59Z
GEN-00812,Payment Received,2026-08-15T14:33:57Z
GEN-00812,Packed,2026-08-16T03:25:39Z
GEN-00812,Inspected,2026-08-16T04:12:46Z
GEN-00812,Packed,2026-08-16T06:06:56Z
GEN-00812,Inspected,2026-08-16T07:05:05Z
GEN-00812,Shipped,2026-08-16T09:44:29Z
GEN-00812,Delivered,2026-08-16T10:38:07Z
GEN-00813,Order Created,2026-08-13T10:46:44Z
GEN-00813,Payment Received,2026-08-13T11:05:30Z
GEN-00813,Packed,2026-08-13T16:40:31Z
GEN-00813,Inspected,2026-08-13T17:11:15Z
GEN-00813,Shipped,2026-08-13T20:02:57Z
GEN-00813,Delivered,2026-08-13T23:26:57Z
GEN-00814,Order Created,2026-08-03T13:37:37Z
GEN-00814,Payment Attempt,2026-08-03T14:02:14Z
GEN-00814,Payment Attempt,2026-08-03T14:23:07Z
GEN-00814,Payment Received,2026-08-03T14:40:44Z
GEN-00814,Packed,2026-08-03T19:53:27Z
GEN-00814,Inspected,2026-08-03T20:15:56Z
GEN-00814,Shipped,2026-08-03T23:02:54Z
GEN-00814,Delivered,2026-08-04T00:59:40Z
GEN-00815,Order Created,2026-08-09T13:15:08Z
GEN-00815,Payment Received,2026-08-09T13:29:01Z
GEN-00815,Packed,2026-08-10T02:24:33Z
GEN-00815,Inspected,2026-08-10T02:52:53Z
GEN-00815,Shipped,2026-08-10T06:51:48Z
GEN-00815,Delivered,2026-08-10T08:36:23Z
GEN-00816,Order Created,2026-08-16T13:00:48Z
GEN-00816,Payment Received,2026-08-16T13:06:27Z
GEN-00816,Packed,2026-08-17T14:15:26Z
GEN-00816,Inspected,2026-08-17T15:12:04Z
GEN-00816,Shipped,2026-08-17T17:10:04Z
GEN-00816,Delivered,2026-08-17T22:55:55Z
GEN-00817,Order Created,2026-08-07T19:27:55Z
GEN-00817,Payment Received,2026-08-07T19:39:32Z
GEN-00817,Packed,2026-08-08T01:01:08Z
GEN-00817,Inspected,2026-08-08T01:58:13Z
GEN-00817,Shipped,2026-08-08T03:03:56Z
GEN-00817,Delivered,2026-08-08T05:39:37Z
GEN-00818,Order Created,2026-08-05T13:49:40Z
GEN-00818,Payment Received,2026-08-05T14:07:03Z
GEN-00818,Packed,2026-08-05T18:58:04Z
GEN-00818,Inspected,2026-08-05T19:21:35Z
GEN-00818,Shipped,2026-08-05T21:12:59Z
GEN-00818,Delivered,2026-08-06T00:31:02Z
GEN-00819,Order Created,2026-08-08T15:11:03Z
GEN-00819,Payment Received,2026-08-08T15:23:32Z
GEN-00819,Packed,2026-08-09T02:57:09Z
GEN-00819,Inspected,2026-08-09T03:31:56Z
GEN-00819,Shipped,2026-08-09T06:23:54Z
GEN-00819,Delivered,2026-08-09T08:23:51Z
GEN-00820,Order Created,2026-08-16T15:10:38Z
GEN-00820,Payment Received,2026-08-16T15:14:45Z
GEN-00820,Packed,2026-08-16T19:20:38Z
GEN-00820,Inspected,2026-08-16T20:03:19Z
GEN-00820,Packed,2026-08-16T21:06:08Z
GEN-00820,Inspected,2026-08-16T21:39:50Z
GEN-00820,Packed,2026-08-17T00:03:45Z
GEN-00820,Inspected,2026-08-17T00:55:51Z
GEN-00820,Packed,2026-08-17T02:12:49Z
GEN-00820,Inspected,2026-08-17T03:10:46Z
GEN-00820,Shipped,2026-08-17T06:53:20Z
GEN-00820,Delivered,2026-08-17T11:27:07Z
GEN-00821,Order Created,2026-08-12T15:47:53Z
GEN-00822,Order Created,2026-08-10T12:55:29Z
GEN-00822,Payment Received,2026-08-10T13:01:51Z
GEN-00822,Packed,2026-08-10T16:14:50Z
GEN-00822,Inspected,2026-08-10T16:53:28Z
GEN-00822,Shipped,2026-08-10T20:39:13Z
GEN-00822,Delivered,2026-08-10T23:57:42Z
GEN-00823,Order Created,2026-08-07T16:55:51Z
GEN-00823,Payment Received,2026-08-07T17:12:39Z
GEN-00823,Packed,2026-08-07T20:22:16Z
GEN-00823,Inspected,2026-08-07T21:03:39Z
GEN-00823,Shipped,2026-08-08T00:26:25Z
GEN-00823,Delivered,2026-08-08T02:07:00Z
GEN-00824,Order Created,2026-08-04T15:34:55Z
GEN-00824,Payment Received,2026-08-04T15:44:43Z
GEN-00824,Packed,2026-08-04T20:03:25Z
GEN-00824,Inspected,2026-08-04T20:24:34Z
GEN-00824,Shipped,2026-08-04T22:50:54Z
GEN-00824,Delivered,2026-08-05T01:53:14Z
GEN-00825,Order Created,2026-08-14T09:13:19Z
GEN-00825,Payment Attempt,2026-08-14T09:33:36Z
GEN-00825,Payment Attempt,2026-08-14T09:40:38Z
GEN-00825,Payment Received,2026-08-14T09:44:30Z
GEN-00825,Packed,2026-08-15T01:27:44Z
GEN-00825,Inspected,2026-08-15T02:08:52Z
GEN-00825,Shipped,2026-08-15T04:36:12Z
GEN-00825,Delivered,2026-08-15T07:46:19Z
GEN-00826,Order Created,2026-08-13T15:56:36Z
GEN-00826,Payment Received,2026-08-13T16:04:28Z
GEN-00826,Packed,2026-08-13T22:26:51Z
GEN-00826,Inspected,2026-08-13T23:24:59Z
GEN-00826,Shipped,2026-08-14T02:51:31Z
GEN-00826,Delivered,2026-08-14T05:50:48Z
GEN-00827,Order Created,2026-08-16T12:37:46Z
GEN-00827,Payment Attempt,2026-08-16T12:51:20Z
GEN-00827,Payment Attempt,2026-08-16T13:04:25Z
GEN-00827,Payment Received,2026-08-16T13:24:02Z
GEN-00827,Packed,2026-08-17T00:33:43Z
GEN-00827,Inspected,2026-08-17T01:32:45Z
GEN-00827,Packed,2026-08-17T02:39:30Z
GEN-00827,Inspected,2026-08-17T03:36:08Z
GEN-00827,Packed,2026-08-17T05:55:33Z
GEN-00827,Inspected,2026-08-17T06:45:56Z
GEN-00827,Packed,2026-08-17T08:59:17Z
GEN-00827,Inspected,2026-08-17T09:43:09Z
GEN-00827,Shipped,2026-08-17T12:17:39Z
GEN-00827,Delivered,2026-08-17T16:38:51Z
GEN-00828,Order Created,2026-08-03T19:24:46Z
GEN-00828,Payment Attempt,2026-08-03T19:30:56Z
GEN-00828,Payment Received,2026-08-03T19:42:25Z
GEN-00828,Packed,2026-08-04T02:09:47Z
GEN-00828,Inspected,2026-08-04T02:56:33Z
GEN-00828,Shipped,2026-08-04T06:13:53Z
GEN-00828,Delivered,2026-08-04T09:46:38Z
GEN-00829,Order Created,2026-08-11T14:45:49Z
GEN-00829,Payment Received,2026-08-11T14:48:25Z
GEN-00829,Packed,2026-08-11T18:02:32Z
GEN-00829,Inspected,2026-08-11T18:28:24Z
GEN-00829,Packed,2026-08-11T21:18:38Z
GEN-00829,Inspected,2026-08-11T22:06:05Z
GEN-00829,Packed,2026-08-11T23:10:16Z
GEN-00829,Inspected,2026-08-12T00:07:04Z
GEN-00829,Packed,2026-08-12T01:37:20Z
GEN-00829,Inspected,2026-08-12T02:08:05Z
GEN-00829,Shipped,2026-08-12T04:42:18Z
GEN-00830,Order Created,2026-08-05T14:36:05Z
GEN-00830,Payment Attempt,2026-08-05T14:42:08Z
GEN-00830,Payment Received,2026-08-05T14:46:14Z
GEN-00830,Packed,2026-08-05T17:18:08Z
GEN-00830,Inspected,2026-08-05T18:17:04Z
GEN-00830,Shipped,2026-08-05T21:54:04Z
GEN-00830,Delivered,2026-08-06T03:16:49Z
GEN-00831,Order Created,2026-08-16T09:02:39Z
GEN-00831,Payment Received,2026-08-16T09:17:57Z
GEN-00831,Packed,2026-08-17T04:50:26Z
GEN-00831,Inspected,2026-08-17T05:35:45Z
GEN-00831,Packed,2026-08-17T06:38:07Z
GEN-00831,Inspected,2026-08-17T07:28:36Z
GEN-00831,Shipped,2026-08-17T10:47:04Z
GEN-00831,Delivered,2026-08-17T13:35:42Z
GEN-00832,Order Created,2026-08-05T08:12:49Z
GEN-00832,Payment Received,2026-08-05T08:29:22Z
GEN-00832,Packed,2026-08-05T11:22:10Z
GEN-00832,Inspected,2026-08-05T11:48:18Z
GEN-00832,Shipped,2026-08-05T15:13:56Z
GEN-00832,Delivered,2026-08-05T17:06:17Z
GEN-00833,Order Created,2026-08-05T19:48:08Z
GEN-00833,Payment Received,2026-08-05T19:57:59Z
GEN-00833,Packed,2026-08-06T07:33:11Z
GEN-00833,Inspected,2026-08-06T08:04:37Z
GEN-00833,Shipped,2026-08-06T09:55:05Z
GEN-00833,Delivered,2026-08-06T14:04:01Z
GEN-00834,Order Created,2026-08-04T18:48:13Z
GEN-00834,Payment Received,2026-08-04T18:57:49Z
GEN-00834,Packed,2026-08-04T22:43:56Z
GEN-00835,Order Created,2026-08-16T08:58:52Z
GEN-00835,Payment Attempt,2026-08-16T09:02:15Z
GEN-00835,Payment Received,2026-08-16T09:12:29Z
GEN-00835,Packed,2026-08-17T13:04:27Z
GEN-00835,Inspected,2026-08-17T13:38:16Z
GEN-00835,Shipped,2026-08-17T15:34:01Z
GEN-00835,Delivered,2026-08-17T19:47:38Z
GEN-00836,Order Created,2026-08-05T19:56:21Z
GEN-00836,Payment Received,2026-08-05T20:04:44Z
GEN-00836,Packed,2026-08-06T00:31:38Z
GEN-00836,Inspected,2026-08-06T00:56:52Z
GEN-00836,Shipped,2026-08-06T03:57:15Z
GEN-00836,Delivered,2026-08-06T06:16:57Z
GEN-00837,Order Created,2026-08-15T09:30:03Z
GEN-00837,Payment Received,2026-08-15T09:44:13Z
GEN-00837,Packed,2026-08-15T17:31:33Z
GEN-00837,Inspected,2026-08-15T18:20:20Z
GEN-00837,Shipped,2026-08-15T19:55:06Z
GEN-00837,Delivered,2026-08-15T23:10:52Z
GEN-00838,Order Created,2026-08-06T19:14:11Z
GEN-00838,Payment Received,2026-08-06T19:24:12Z
GEN-00838,Packed,2026-08-07T06:17:28Z
GEN-00838,Inspected,2026-08-07T07:06:46Z
GEN-00838,Shipped,2026-08-07T08:10:47Z
GEN-00838,Delivered,2026-08-07T10:21:04Z
GEN-00839,Order Created,2026-08-06T16:28:10Z
GEN-00839,Payment Received,2026-08-06T16:42:18Z
GEN-00839,Packed,2026-08-07T01:46:51Z
GEN-00839,Inspected,2026-08-07T02:10:50Z
GEN-00839,Packed,2026-08-07T04:44:06Z
GEN-00839,Inspected,2026-08-07T05:34:50Z
GEN-00839,Shipped,2026-08-07T07:56:24Z
GEN-00839,Delivered,2026-08-07T09:30:50Z
GEN-00840,Order Created,2026-08-07T14:20:37Z
GEN-00840,Payment Received,2026-08-07T14:25:32Z
GEN-00840,Packed,2026-08-07T23:38:14Z
GEN-00840,Inspected,2026-08-08T00:31:09Z
GEN-00840,Shipped,2026-08-08T01:58:57Z
GEN-00840,Delivered,2026-08-08T04:22:38Z
GEN-00841,Order Created,2026-08-11T08:34:46Z
GEN-00841,Payment Received,2026-08-11T08:44:02Z
GEN-00841,Packed,2026-08-11T11:46:22Z
GEN-00841,Inspected,2026-08-11T12:26:01Z
GEN-00841,Shipped,2026-08-11T14:17:38Z
GEN-00841,Delivered,2026-08-11T18:05:12Z
GEN-00842,Order Created,2026-08-10T15:18:04Z
GEN-00842,Payment Received,2026-08-10T15:29:56Z
GEN-00842,Packed,2026-08-11T03:57:27Z
GEN-00842,Inspected,2026-08-11T04:51:50Z
GEN-00842,Shipped,2026-08-11T08:21:37Z
GEN-00842,Delivered,2026-08-11T10:10:01Z
GEN-00843,Order Created,2026-08-05T19:14:05Z
GEN-00843,Payment Attempt,2026-08-05T19:29:37Z
GEN-00843,Payment Received,2026-08-05T19:45:27Z
GEN-00843,Packed,2026-08-06T00:03:54Z
GEN-00843,Inspected,2026-08-06T00:56:17Z
GEN-00843,Shipped,2026-08-06T03:47:20Z
GEN-00843,Delivered,2026-08-06T07:46:34Z
GEN-00844,Order Created,2026-08-06T19:18:17Z
GEN-00844,Payment Attempt,2026-08-06T19:35:36Z
GEN-00844,Payment Received,2026-08-06T19:41:51Z
GEN-00844,Packed,2026-08-06T22:47:53Z
GEN-00844,Inspected,2026-08-06T23:26:45Z
GEN-00844,Shipped,2026-08-07T02:54:36Z
GEN-00844,Delivered,2026-08-07T05:54:44Z
GEN-00845,Order Created,2026-08-04T16:11:03Z
GEN-00846,Order Created,2026-08-06T10:57:55Z
GEN-00846,Payment Attempt,2026-08-06T11:07:59Z
GEN-00846,Payment Attempt,2026-08-06T11:32:36Z
GEN-00846,Payment Received,2026-08-06T11:34:51Z
GEN-00846,Packed,2026-08-06T20:20:22Z
GEN-00846,Inspected,2026-08-06T21:09:24Z
GEN-00846,Shipped,2026-08-06T22:32:39Z
GEN-00846,Delivered,2026-08-07T07:00:48Z
GEN-00847,Order Created,2026-08-14T09:32:55Z
GEN-00847,Payment Received,2026-08-14T09:44:21Z
GEN-00847,Packed,2026-08-14T19:22:54Z
GEN-00847,Inspected,2026-08-14T20:07:04Z
GEN-00847,Shipped,2026-08-14T22:45:12Z
GEN-00847,Delivered,2026-08-15T03:25:01Z
GEN-00848,Order Created,2026-08-04T17:20:37Z
GEN-00848,Payment Received,2026-08-04T17:38:24Z
GEN-00848,Packed,2026-08-05T14:43:22Z
GEN-00848,Inspected,2026-08-05T15:09:15Z
GEN-00848,Shipped,2026-08-05T16:33:42Z
GEN-00848,Delivered,2026-08-05T20:48:44Z
GEN-00849,Order Created,2026-08-06T10:21:07Z
GEN-00849,Payment Received,2026-08-06T10:38:26Z
GEN-00849,Packed,2026-08-06T14:50:45Z
GEN-00849,Inspected,2026-08-06T15:35:18Z
GEN-00849,Shipped,2026-08-06T18:22:42Z
GEN-00849,Delivered,2026-08-06T20:46:13Z
GEN-00850,Order Created,2026-08-12T16:19:49Z
GEN-00850,Payment Received,2026-08-12T16:22:18Z
GEN-00850,Packed,2026-08-12T21:07:25Z
GEN-00850,Inspected,2026-08-12T21:30:44Z
GEN-00850,Packed,2026-08-12T22:55:51Z
GEN-00850,Inspected,2026-08-12T23:46:29Z
GEN-00850,Shipped,2026-08-13T00:57:15Z
GEN-00850,Delivered,2026-08-13T03:07:02Z
GEN-00851,Order Created,2026-08-15T16:40:21Z
GEN-00851,Payment Received,2026-08-15T16:50:23Z
GEN-00851,Packed,2026-08-15T23:15:54Z
GEN-00851,Inspected,2026-08-15T23:41:03Z
GEN-00851,Shipped,2026-08-16T01:52:33Z
GEN-00851,Delivered,2026-08-16T05:22:30Z
GEN-00852,Order Created,2026-08-05T08:00:41Z
GEN-00852,Payment Received,2026-08-05T08:20:27Z
GEN-00852,Packed,2026-08-05T20:59:03Z
GEN-00852,Inspected,2026-08-05T21:22:20Z
GEN-00852,Shipped,2026-08-06T00:06:50Z
GEN-00852,Delivered,2026-08-06T02:38:58Z
GEN-00853,Order Created,2026-08-05T16:13:18Z
GEN-00853,Payment Received,2026-08-05T16:20:24Z
GEN-00853,Packed,2026-08-06T00:50:29Z
GEN-00853,Inspected,2026-08-06T01:31:24Z
GEN-00853,Shipped,2026-08-06T03:17:03Z
GEN-00853,Delivered,2026-08-06T04:48:13Z
GEN-00854,Order Created,2026-08-14T15:42:52Z
GEN-00854,Payment Attempt,2026-08-14T16:03:43Z
GEN-00854,Payment Attempt,2026-08-14T16:07:49Z
GEN-00854,Payment Received,2026-08-14T16:21:34Z
GEN-00854,Packed,2026-08-14T21:38:10Z
GEN-00854,Inspected,2026-08-14T21:59:54Z
GEN-00854,Shipped,2026-08-15T00:44:31Z
GEN-00854,Delivered,2026-08-15T03:54:03Z
GEN-00855,Order Created,2026-08-12T12:18:01Z
GEN-00855,Payment Received,2026-08-12T12:32:12Z
GEN-00855,Packed,2026-08-13T05:55:33Z
GEN-00855,Inspected,2026-08-13T06:21:01Z
GEN-00855,Shipped,2026-08-13T08:54:57Z
GEN-00855,Delivered,2026-08-13T10:46:57Z
GEN-00856,Order Created,2026-08-11T13:13:12Z
GEN-00856,Payment Received,2026-08-11T13:31:04Z
GEN-00856,Packed,2026-08-11T18:46:13Z
GEN-00856,Inspected,2026-08-11T19:20:04Z
GEN-00856,Shipped,2026-08-11T20:40:18Z
GEN-00856,Delivered,2026-08-11T23:30:46Z
GEN-00857,Order Created,2026-08-03T12:35:05Z
GEN-00857,Payment Received,2026-08-03T12:41:59Z
GEN-00857,Packed,2026-08-03T16:17:51Z
GEN-00857,Inspected,2026-08-03T17:16:22Z
GEN-00857,Shipped,2026-08-03T19:45:13Z
GEN-00857,Delivered,2026-08-03T22:56:23Z
GEN-00858,Order Created,2026-08-16T17:19:01Z
GEN-00858,Payment Received,2026-08-16T17:28:16Z
GEN-00858,Packed,2026-08-16T23:49:27Z
GEN-00858,Inspected,2026-08-17T00:16:05Z
GEN-00858,Packed,2026-08-17T01:40:03Z
GEN-00858,Inspected,2026-08-17T02:16:05Z
GEN-00858,Shipped,2026-08-17T05:15:09Z
GEN-00858,Delivered,2026-08-17T07:05:14Z
GEN-00859,Order Created,2026-08-11T14:38:26Z
GEN-00859,Payment Attempt,2026-08-11T15:00:13Z
GEN-00859,Payment Received,2026-08-11T15:12:12Z
GEN-00859,Packed,2026-08-11T21:57:05Z
GEN-00859,Inspected,2026-08-11T22:52:08Z
GEN-00859,Shipped,2026-08-12T01:17:47Z
GEN-00859,Delivered,2026-08-12T05:05:24Z
GEN-00860,Order Created,2026-08-06T19:37:51Z
GEN-00860,Payment Received,2026-08-06T19:57:23Z
GEN-00860,Packed,2026-08-07T05:17:12Z
GEN-00860,Inspected,2026-08-07T06:16:30Z
GEN-00860,Packed,2026-08-07T09:09:13Z
GEN-00860,Inspected,2026-08-07T09:55:38Z
GEN-00860,Shipped,2026-08-07T12:57:34Z
GEN-00860,Delivered,2026-08-07T15:12:42Z
GEN-00861,Order Created,2026-08-10T13:45:31Z
GEN-00861,Payment Received,2026-08-10T13:52:10Z
GEN-00861,Packed,2026-08-10T19:24:29Z
GEN-00861,Inspected,2026-08-10T20:16:39Z
GEN-00861,Packed,2026-08-10T22:21:17Z
GEN-00861,Inspected,2026-08-10T22:46:54Z
GEN-00861,Shipped,2026-08-11T01:53:02Z
GEN-00861,Delivered,2026-08-11T03:56:41Z
GEN-00862,Order Created,2026-08-13T15:05:24Z
GEN-00862,Payment Received,2026-08-13T15:15:48Z
GEN-00862,Packed,2026-08-13T23:03:04Z
GEN-00862,Inspected,2026-08-13T23:44:40Z
GEN-00862,Shipped,2026-08-14T02:58:33Z
GEN-00863,Order Created,2026-08-14T18:58:28Z
GEN-00863,Payment Received,2026-08-14T19:03:48Z
GEN-00863,Packed,2026-08-15T01:20:58Z
GEN-00863,Inspected,2026-08-15T01:56:44Z
GEN-00863,Shipped,2026-08-15T04:26:22Z
GEN-00863,Delivered,2026-08-15T10:48:20Z
GEN-00864,Order Created,2026-08-14T12:07:21Z
GEN-00864,Payment Received,2026-08-14T12:16:52Z
GEN-00864,Packed,2026-08-14T21:14:58Z
GEN-00864,Inspected,2026-08-14T21:42:22Z
GEN-00864,Packed,2026-08-14T23:09:58Z
GEN-00864,Inspected,2026-08-14T23:57:11Z
GEN-00864,Shipped,2026-08-15T03:51:54Z
GEN-00864,Delivered,2026-08-15T07:20:12Z
GEN-00865,Order Created,2026-08-14T08:09:11Z
GEN-00865,Payment Received,2026-08-14T08:29:00Z
GEN-00865,Packed,2026-08-14T20:16:33Z
GEN-00865,Inspected,2026-08-14T20:45:35Z
GEN-00865,Shipped,2026-08-15T00:44:48Z
GEN-00866,Order Created,2026-08-06T13:51:42Z
GEN-00866,Payment Received,2026-08-06T14:05:35Z
GEN-00866,Packed,2026-08-06T17:35:14Z
GEN-00866,Inspected,2026-08-06T18:25:05Z
GEN-00866,Shipped,2026-08-06T21:14:06Z
GEN-00866,Delivered,2026-08-06T23:15:55Z
GEN-00867,Order Created,2026-08-12T09:05:44Z
GEN-00867,Payment Attempt,2026-08-12T09:30:31Z
GEN-00867,Payment Received,2026-08-12T09:50:30Z
GEN-00867,Packed,2026-08-12T12:05:53Z
GEN-00867,Inspected,2026-08-12T12:33:51Z
GEN-00867,Shipped,2026-08-12T15:36:25Z
GEN-00868,Order Created,2026-08-12T13:24:31Z
GEN-00868,Payment Received,2026-08-12T13:39:20Z
GEN-00868,Packed,2026-08-12T21:00:25Z
GEN-00868,Inspected,2026-08-12T21:22:34Z
GEN-00868,Shipped,2026-08-13T00:01:03Z
GEN-00868,Delivered,2026-08-13T01:53:26Z
GEN-00869,Order Created,2026-08-06T08:13:20Z
GEN-00869,Payment Attempt,2026-08-06T08:34:15Z
GEN-00869,Payment Attempt,2026-08-06T08:53:52Z
GEN-00869,Payment Received,2026-08-06T09:11:35Z
GEN-00869,Packed,2026-08-06T16:46:08Z
GEN-00869,Inspected,2026-08-06T17:31:26Z
GEN-00869,Shipped,2026-08-06T20:31:11Z
GEN-00870,Order Created,2026-08-10T18:33:17Z
GEN-00870,Payment Attempt,2026-08-10T18:53:19Z
GEN-00870,Payment Received,2026-08-10T19:11:45Z
GEN-00870,Packed,2026-08-11T04:21:08Z
GEN-00870,Inspected,2026-08-11T04:52:20Z
GEN-00870,Shipped,2026-08-11T08:38:11Z
GEN-00870,Delivered,2026-08-11T11:08:22Z
GEN-00871,Order Created,2026-08-04T11:06:41Z
GEN-00871,Payment Received,2026-08-04T11:16:13Z
GEN-00871,Packed,2026-08-04T16:51:24Z
GEN-00871,Inspected,2026-08-04T17:16:28Z
GEN-00871,Shipped,2026-08-04T21:06:51Z
GEN-00871,Delivered,2026-08-05T01:38:56Z
GEN-00872,Order Created,2026-08-11T14:49:51Z
GEN-00872,Payment Received,2026-08-11T15:01:13Z
GEN-00872,Packed,2026-08-12T08:23:56Z
GEN-00872,Inspected,2026-08-12T08:51:00Z
GEN-00872,Packed,2026-08-12T11:18:13Z
GEN-00872,Inspected,2026-08-12T12:15:14Z
GEN-00872,Shipped,2026-08-12T15:29:47Z
GEN-00872,Delivered,2026-08-12T17:26:19Z
GEN-00873,Order Created,2026-08-03T14:30:33Z
GEN-00873,Payment Attempt,2026-08-03T14:55:10Z
GEN-00873,Payment Received,2026-08-03T15:05:33Z
GEN-00873,Packed,2026-08-03T19:41:22Z
GEN-00873,Inspected,2026-08-03T20:39:42Z
GEN-00873,Packed,2026-08-03T21:57:29Z
GEN-00873,Inspected,2026-08-03T22:36:16Z
GEN-00873,Shipped,2026-08-04T01:37:44Z
GEN-00873,Delivered,2026-08-04T04:15:02Z
GEN-00874,Order Created,2026-08-08T12:55:14Z
GEN-00874,Payment Received,2026-08-08T13:08:39Z
GEN-00874,Packed,2026-08-08T21:40:54Z
GEN-00874,Inspected,2026-08-08T22:34:29Z
GEN-00874,Shipped,2026-08-09T00:06:39Z
GEN-00874,Delivered,2026-08-09T03:33:12Z
GEN-00875,Order Created,2026-08-11T14:55:23Z
GEN-00875,Payment Attempt,2026-08-11T15:03:03Z
GEN-00875,Payment Received,2026-08-11T15:15:53Z
GEN-00875,Packed,2026-08-12T04:21:08Z
GEN-00875,Inspected,2026-08-12T05:17:33Z
GEN-00875,Shipped,2026-08-12T07:56:49Z
GEN-00875,Delivered,2026-08-12T10:18:42Z
GEN-00876,Order Created,2026-08-14T17:19:15Z
GEN-00876,Payment Received,2026-08-14T17:35:53Z
GEN-00876,Packed,2026-08-15T12:59:17Z
GEN-00876,Inspected,2026-08-15T13:41:04Z
GEN-00876,Shipped,2026-08-15T15:09:00Z
GEN-00876,Delivered,2026-08-15T18:34:57Z
GEN-00877,Order Created,2026-08-07T16:48:18Z
GEN-00878,Order Created,2026-08-13T08:12:59Z
GEN-00878,Payment Received,2026-08-13T08:26:41Z
GEN-00878,Packed,2026-08-13T19:37:06Z
GEN-00878,Inspected,2026-08-13T20:34:48Z
GEN-00878,Shipped,2026-08-13T22:32:15Z
GEN-00878,Delivered,2026-08-14T01:14:00Z
GEN-00879,Order Created,2026-08-10T08:02:55Z
GEN-00879,Payment Received,2026-08-10T08:22:41Z
GEN-00879,Packed,2026-08-10T14:30:30Z
GEN-00879,Inspected,2026-08-10T15:11:56Z
GEN-00879,Shipped,2026-08-10T18:39:16Z
GEN-00879,Delivered,2026-08-10T20:56:19Z
GEN-00880,Order Created,2026-08-09T16:25:54Z
GEN-00880,Payment Attempt,2026-08-09T16:32:39Z
GEN-00880,Payment Received,2026-08-09T16:37:55Z
GEN-00880,Packed,2026-08-10T06:40:26Z
GEN-00880,Inspected,2026-08-10T07:09:03Z
GEN-00880,Packed,2026-08-10T09:22:42Z
GEN-00880,Inspected,2026-08-10T10:12:47Z
GEN-00880,Shipped,2026-08-10T12:37:07Z
GEN-00880,Delivered,2026-08-10T21:05:25Z
GEN-00881,Order Created,2026-08-10T13:51:53Z
GEN-00881,Payment Received,2026-08-10T14:01:55Z
GEN-00881,Packed,2026-08-10T22:57:36Z
GEN-00881,Inspected,2026-08-10T23:24:05Z
GEN-00881,Shipped,2026-08-11T01:43:35Z
GEN-00881,Delivered,2026-08-11T06:16:43Z
GEN-00882,Order Created,2026-08-03T13:43:02Z
GEN-00882,Payment Received,2026-08-03T14:01:46Z
GEN-00882,Packed,2026-08-03T18:55:36Z
GEN-00882,Inspected,2026-08-03T19:47:35Z
GEN-00882,Shipped,2026-08-03T23:22:30Z
GEN-00882,Delivered,2026-08-04T01:46:31Z
GEN-00883,Order Created,2026-08-07T16:17:58Z
GEN-00883,Payment Attempt,2026-08-07T16:40:37Z
GEN-00883,Payment Received,2026-08-07T16:49:51Z
GEN-00883,Packed,2026-08-08T01:27:53Z
GEN-00883,Inspected,2026-08-08T02:01:45Z
GEN-00883,Shipped,2026-08-08T03:09:01Z
GEN-00883,Delivered,2026-08-08T05:34:05Z
GEN-00884,Order Created,2026-08-13T18:23:00Z
GEN-00884,Payment Received,2026-08-13T18:36:43Z
GEN-00884,Packed,2026-08-14T00:25:20Z
GEN-00884,Inspected,2026-08-14T00:59:39Z
GEN-00884,Shipped,2026-08-14T04:37:01Z
GEN-00884,Delivered,2026-08-14T07:01:44Z
GEN-00885,Order Created,2026-08-03T09:16:27Z
GEN-00885,Payment Received,2026-08-03T09:33:30Z
GEN-00885,Packed,2026-08-03T13:53:47Z
GEN-00885,Inspected,2026-08-03T14:21:47Z
GEN-00885,Shipped,2026-08-03T17:31:21Z
GEN-00885,Delivered,2026-08-03T21:33:51Z
GEN-00886,Order Created,2026-08-08T19:32:02Z
GEN-00886,Payment Received,2026-08-08T19:43:32Z
GEN-00886,Packed,2026-08-09T16:31:49Z
GEN-00886,Inspected,2026-08-09T17:30:28Z
GEN-00886,Shipped,2026-08-09T20:28:12Z
GEN-00886,Delivered,2026-08-10T00:48:44Z
GEN-00887,Order Created,2026-08-04T10:01:50Z
GEN-00887,Payment Attempt,2026-08-04T10:05:36Z
GEN-00887,Payment Attempt,2026-08-04T10:13:58Z
GEN-00887,Payment Received,2026-08-04T10:30:43Z
GEN-00887,Packed,2026-08-04T21:46:55Z
GEN-00887,Inspected,2026-08-04T22:22:14Z
GEN-00887,Shipped,2026-08-05T01:43:45Z
GEN-00887,Delivered,2026-08-05T03:13:21Z
GEN-00888,Order Created,2026-08-14T15:10:28Z
GEN-00888,Payment Attempt,2026-08-14T15:14:43Z
GEN-00888,Payment Received,2026-08-14T15:27:32Z
GEN-00888,Packed,2026-08-14T17:30:44Z
GEN-00888,Inspected,2026-08-14T17:59:21Z
GEN-00888,Shipped,2026-08-14T19:25:35Z
GEN-00888,Delivered,2026-08-14T22:40:14Z
GEN-00889,Order Created,2026-08-07T13:10:11Z
GEN-00889,Payment Received,2026-08-07T13:16:08Z
GEN-00889,Packed,2026-08-07T20:22:07Z
GEN-00889,Inspected,2026-08-07T21:04:58Z
GEN-00889,Shipped,2026-08-08T00:21:10Z
GEN-00889,Delivered,2026-08-08T02:06:00Z
GEN-00890,Order Created,2026-08-05T17:52:04Z
GEN-00890,Payment Received,2026-08-05T18:01:01Z
GEN-00890,Packed,2026-08-05T23:20:16Z
GEN-00890,Inspected,2026-08-05T23:55:17Z
GEN-00890,Packed,2026-08-06T02:23:33Z
GEN-00890,Inspected,2026-08-06T02:51:08Z
GEN-00890,Shipped,2026-08-06T06:18:04Z
GEN-00890,Delivered,2026-08-06T10:41:02Z
GEN-00891,Order Created,2026-08-13T11:18:12Z
GEN-00891,Payment Attempt,2026-08-13T11:32:21Z
GEN-00891,Payment Received,2026-08-13T11:43:26Z
GEN-00891,Packed,2026-08-13T21:14:44Z
GEN-00891,Inspected,2026-08-13T21:45:28Z
GEN-00891,Shipped,2026-08-13T23:54:35Z
GEN-00891,Delivered,2026-08-14T03:25:55Z
GEN-00892,Order Created,2026-08-13T14:00:11Z
GEN-00892,Payment Received,2026-08-13T14:05:08Z
GEN-00892,Packed,2026-08-13T22:54:35Z
GEN-00892,Inspected,2026-08-13T23:49:29Z
GEN-00892,Shipped,2026-08-14T02:47:04Z
GEN-00892,Delivered,2026-08-14T06:11:42Z
GEN-00893,Order Created,2026-08-06T19:46:25Z
GEN-00893,Payment Received,2026-08-06T20:06:06Z
GEN-00893,Packed,2026-08-06T21:42:20Z
GEN-00893,Inspected,2026-08-06T22:37:53Z
GEN-00893,Packed,2026-08-07T01:34:19Z
GEN-00893,Inspected,2026-08-07T02:34:10Z
GEN-00893,Shipped,2026-08-07T04:44:58Z
GEN-00894,Order Created,2026-08-13T16:54:16Z
GEN-00894,Payment Received,2026-08-13T17:04:28Z
GEN-00894,Packed,2026-08-14T05:07:58Z
GEN-00894,Inspected,2026-08-14T06:01:57Z
GEN-00894,Shipped,2026-08-14T09:21:12Z
GEN-00894,Delivered,2026-08-14T11:16:52Z
GEN-00895,Order Created,2026-08-05T13:59:56Z
GEN-00895,Payment Received,2026-08-05T14:18:58Z
GEN-00895,Packed,2026-08-05T20:00:59Z
GEN-00895,Inspected,2026-08-05T20:42:51Z
GEN-00895,Shipped,2026-08-06T00:11:44Z
GEN-00895,Delivered,2026-08-06T01:16:51Z
GEN-00896,Order Created,2026-08-11T19:30:42Z
GEN-00896,Payment Received,2026-08-11T19:50:21Z
GEN-00896,Packed,2026-08-12T02:19:48Z
GEN-00896,Inspected,2026-08-12T02:50:47Z
GEN-00896,Shipped,2026-08-12T06:13:20Z
GEN-00896,Delivered,2026-08-12T09:25:47Z
GEN-00897,Order Created,2026-08-07T15:14:53Z
GEN-00897,Payment Received,2026-08-07T15:20:25Z
GEN-00897,Packed,2026-08-07T22:39:28Z
GEN-00897,Inspected,2026-08-07T23:37:40Z
GEN-00897,Shipped,2026-08-08T01:43:40Z
GEN-00897,Delivered,2026-08-08T03:53:52Z
GEN-00898,Order Created,2026-08-12T13:55:12Z
GEN-00898,Payment Received,2026-08-12T14:06:16Z
GEN-00898,Packed,2026-08-12T17:23:05Z
GEN-00898,Inspected,2026-08-12T18:09:28Z
GEN-00898,Shipped,2026-08-12T19:40:35Z
GEN-00898,Delivered,2026-08-12T23:13:44Z
GEN-00899,Order Created,2026-08-03T10:09:31Z
GEN-00899,Payment Received,2026-08-03T10:15:19Z
GEN-00899,Packed,2026-08-03T15:39:36Z
GEN-00899,Inspected,2026-08-03T16:09:25Z
GEN-00899,Shipped,2026-08-03T18:19:05Z
GEN-00899,Delivered,2026-08-03T21:44:30Z
GEN-00900,Order Created,2026-08-05T09:09:06Z
GEN-00900,Payment Received,2026-08-05T09:25:20Z
GEN-00900,Packed,2026-08-05T12:29:01Z
GEN-00900,Inspected,2026-08-05T12:58:42Z
GEN-00900,Shipped,2026-08-05T15:12:38Z
GEN-00900,Delivered,2026-08-05T19:21:45Z
GEN-00901,Order Created,2026-08-12T08:21:51Z
GEN-00901,Payment Received,2026-08-12T08:27:43Z
GEN-00901,Packed,2026-08-12T17:34:29Z
GEN-00901,Inspected,2026-08-12T18:20:35Z
GEN-00901,Shipped,2026-08-12T20:36:49Z
GEN-00901,Delivered,2026-08-12T23:59:47Z
GEN-00902,Order Created,2026-08-03T10:19:51Z
GEN-00902,Payment Received,2026-08-03T10:26:38Z
GEN-00902,Packed,2026-08-04T01:11:55Z
GEN-00902,Inspected,2026-08-04T01:36:18Z
GEN-00902,Shipped,2026-08-04T04:23:59Z
GEN-00902,Delivered,2026-08-04T05:40:44Z
GEN-00903,Order Created,2026-08-05T10:14:58Z
GEN-00903,Payment Received,2026-08-05T10:31:19Z
GEN-00903,Packed,2026-08-05T19:55:30Z
GEN-00903,Inspected,2026-08-05T20:31:38Z
GEN-00903,Packed,2026-08-05T22:35:17Z
GEN-00903,Inspected,2026-08-05T23:27:55Z
GEN-00903,Packed,2026-08-06T02:19:46Z
GEN-00903,Inspected,2026-08-06T02:54:51Z
GEN-00903,Shipped,2026-08-06T04:39:57Z
GEN-00904,Order Created,2026-08-06T19:58:30Z
GEN-00904,Payment Received,2026-08-06T20:16:37Z
GEN-00904,Packed,2026-08-07T00:05:51Z
GEN-00904,Inspected,2026-08-07T00:35:09Z
GEN-00904,Shipped,2026-08-07T02:13:36Z
GEN-00904,Delivered,2026-08-07T04:49:12Z
GEN-00905,Order Created,2026-08-13T09:28:01Z
GEN-00905,Payment Received,2026-08-13T09:34:30Z
GEN-00905,Packed,2026-08-13T16:03:05Z
GEN-00905,Inspected,2026-08-13T17:03:00Z
GEN-00905,Shipped,2026-08-13T18:56:28Z
GEN-00905,Delivered,2026-08-13T20:56:32Z
GEN-00906,Order Created,2026-08-10T18:33:15Z
GEN-00906,Payment Received,2026-08-10T18:43:43Z
GEN-00906,Packed,2026-08-11T01:02:35Z
GEN-00906,Inspected,2026-08-11T01:51:44Z
GEN-00906,Shipped,2026-08-11T04:03:20Z
GEN-00906,Delivered,2026-08-11T06:48:41Z
GEN-00907,Order Created,2026-08-04T19:43:02Z
GEN-00907,Payment Attempt,2026-08-04T19:52:36Z
GEN-00907,Payment Attempt,2026-08-04T20:08:26Z
GEN-00907,Payment Received,2026-08-04T20:25:54Z
GEN-00907,Packed,2026-08-04T23:51:27Z
GEN-00907,Inspected,2026-08-05T00:13:36Z
GEN-00907,Shipped,2026-08-05T02:32:06Z
GEN-00907,Delivered,2026-08-05T04:57:46Z
GEN-00908,Order Created,2026-08-11T10:27:16Z
GEN-00908,Payment Received,2026-08-11T10:44:59Z
GEN-00908,Packed,2026-08-11T18:48:08Z
GEN-00908,Inspected,2026-08-11T19:44:25Z
GEN-00908,Shipped,2026-08-11T22:27:27Z
GEN-00908,Delivered,2026-08-12T01:09:25Z
GEN-00909,Order Created,2026-08-13T17:00:27Z
GEN-00909,Payment Received,2026-08-13T17:05:02Z
GEN-00909,Packed,2026-08-14T00:36:52Z
GEN-00909,Inspected,2026-08-14T01:17:20Z
GEN-00909,Shipped,2026-08-14T02:39:52Z
GEN-00909,Delivered,2026-08-14T08:13:16Z
GEN-00910,Order Created,2026-08-10T13:22:26Z
GEN-00910,Payment Attempt,2026-08-10T13:45:33Z
GEN-00910,Payment Attempt,2026-08-10T14:01:56Z
GEN-00910,Payment Received,2026-08-10T14:05:20Z
GEN-00910,Packed,2026-08-10T19:27:47Z
GEN-00910,Inspected,2026-08-10T20:01:40Z
GEN-00910,Shipped,2026-08-10T21:56:12Z
GEN-00910,Delivered,2026-08-11T00:53:41Z
GEN-00911,Order Created,2026-08-11T08:16:47Z
GEN-00911,Payment Received,2026-08-11T08:34:22Z
GEN-00911,Packed,2026-08-11T11:23:41Z
GEN-00911,Inspected,2026-08-11T12:07:53Z
GEN-00911,Packed,2026-08-11T14:47:35Z
GEN-00911,Inspected,2026-08-11T15:30:49Z
GEN-00911,Shipped,2026-08-11T16:51:59Z
GEN-00911,Delivered,2026-08-11T19:43:31Z
GEN-00912,Order Created,2026-08-07T13:30:42Z
GEN-00912,Payment Received,2026-08-07T13:47:39Z
GEN-00912,Packed,2026-08-07T22:31:58Z
GEN-00912,Inspected,2026-08-07T23:26:01Z
GEN-00912,Packed,2026-08-08T01:14:47Z
GEN-00912,Inspected,2026-08-08T02:01:12Z
GEN-00912,Packed,2026-08-08T03:52:33Z
GEN-00912,Inspected,2026-08-08T04:29:51Z
GEN-00912,Shipped,2026-08-08T05:59:05Z
GEN-00912,Delivered,2026-08-08T08:02:56Z
GEN-00913,Order Created,2026-08-15T12:05:21Z
GEN-00913,Payment Received,2026-08-15T12:21:36Z
GEN-00913,Packed,2026-08-16T14:05:14Z
GEN-00913,Inspected,2026-08-16T14:51:29Z
GEN-00913,Shipped,2026-08-16T16:07:53Z
GEN-00913,Delivered,2026-08-16T19:27:27Z
GEN-00914,Order Created,2026-08-10T09:04:34Z
GEN-00914,Payment Received,2026-08-10T09:17:41Z
GEN-00914,Packed,2026-08-10T18:40:49Z
GEN-00914,Inspected,2026-08-10T19:32:46Z
GEN-00914,Shipped,2026-08-10T22:01:51Z
GEN-00914,Delivered,2026-08-11T02:14:03Z
GEN-00915,Order Created,2026-08-13T16:48:44Z
GEN-00915,Payment Received,2026-08-13T16:54:13Z
GEN-00915,Packed,2026-08-14T00:53:36Z
GEN-00915,Inspected,2026-08-14T01:29:54Z
GEN-00915,Shipped,2026-08-14T03:30:59Z
GEN-00915,Delivered,2026-08-14T05:21:57Z
GEN-00916,Order Created,2026-08-06T15:11:51Z
GEN-00916,Payment Attempt,2026-08-06T15:29:00Z
GEN-00916,Payment Received,2026-08-06T15:40:57Z
GEN-00916,Packed,2026-08-06T17:17:27Z
GEN-00916,Inspected,2026-08-06T18:13:41Z
GEN-00916,Shipped,2026-08-06T21:51:04Z
GEN-00916,Delivered,2026-08-07T02:09:53Z
GEN-00917,Order Created,2026-08-12T16:59:22Z
GEN-00917,Payment Received,2026-08-12T17:10:31Z
GEN-00917,Packed,2026-08-12T18:37:00Z
GEN-00917,Inspected,2026-08-12T19:33:48Z
GEN-00917,Shipped,2026-08-12T21:50:10Z
GEN-00917,Delivered,2026-08-13T01:54:43Z
GEN-00918,Order Created,2026-08-13T08:52:04Z
GEN-00918,Payment Received,2026-08-13T08:54:05Z
GEN-00918,Packed,2026-08-13T12:03:28Z
GEN-00918,Inspected,2026-08-13T12:58:00Z
GEN-00918,Shipped,2026-08-13T16:02:18Z
GEN-00918,Delivered,2026-08-13T19:59:35Z
GEN-00919,Order Created,2026-08-05T18:06:28Z
GEN-00919,Payment Received,2026-08-05T18:15:26Z
GEN-00919,Packed,2026-08-06T00:23:26Z
GEN-00919,Inspected,2026-08-06T00:52:12Z
GEN-00919,Shipped,2026-08-06T03:37:43Z
GEN-00919,Delivered,2026-08-06T07:34:36Z
GEN-00920,Order Created,2026-08-03T08:29:08Z
GEN-00920,Payment Received,2026-08-03T08:39:57Z
GEN-00920,Packed,2026-08-03T14:40:31Z
GEN-00920,Inspected,2026-08-03T15:25:12Z
GEN-00920,Shipped,2026-08-03T17:46:52Z
GEN-00920,Delivered,2026-08-03T20:56:04Z
GEN-00921,Order Created,2026-08-04T17:26:22Z
GEN-00921,Payment Received,2026-08-04T17:44:59Z
GEN-00921,Packed,2026-08-05T00:12:26Z
GEN-00921,Inspected,2026-08-05T01:01:51Z
GEN-00921,Shipped,2026-08-05T04:50:24Z
GEN-00921,Delivered,2026-08-05T07:43:56Z
GEN-00922,Order Created,2026-08-14T11:42:11Z
GEN-00922,Payment Received,2026-08-14T11:48:50Z
GEN-00922,Packed,2026-08-14T13:37:55Z
GEN-00922,Inspected,2026-08-14T14:15:47Z
GEN-00922,Shipped,2026-08-14T16:29:26Z
GEN-00922,Delivered,2026-08-14T19:23:30Z
GEN-00923,Order Created,2026-08-14T17:10:20Z
GEN-00924,Order Created,2026-08-13T11:26:26Z
GEN-00924,Payment Received,2026-08-13T11:44:57Z
GEN-00924,Packed,2026-08-14T00:47:14Z
GEN-00924,Inspected,2026-08-14T01:26:02Z
GEN-00924,Packed,2026-08-14T03:51:05Z
GEN-00924,Inspected,2026-08-14T04:45:53Z
GEN-00924,Shipped,2026-08-14T06:55:00Z
GEN-00924,Delivered,2026-08-14T10:53:42Z
GEN-00925,Order Created,2026-08-07T15:56:58Z
GEN-00925,Payment Received,2026-08-07T16:01:58Z
GEN-00925,Packed,2026-08-07T20:52:36Z
GEN-00925,Inspected,2026-08-07T21:29:46Z
GEN-00925,Packed,2026-08-07T22:32:39Z
GEN-00925,Inspected,2026-08-07T23:15:45Z
GEN-00925,Shipped,2026-08-08T02:49:46Z
GEN-00925,Delivered,2026-08-08T05:02:57Z
GEN-00926,Order Created,2026-08-09T18:43:17Z
GEN-00926,Payment Received,2026-08-09T18:52:07Z
GEN-00926,Packed,2026-08-10T06:52:53Z
GEN-00926,Inspected,2026-08-10T07:20:26Z
GEN-00926,Shipped,2026-08-10T09:00:03Z
GEN-00926,Delivered,2026-08-10T11:51:22Z
GEN-00927,Order Created,2026-08-07T13:47:02Z
GEN-00927,Payment Received,2026-08-07T14:05:13Z
GEN-00927,Packed,2026-08-08T00:51:11Z
GEN-00927,Inspected,2026-08-08T01:46:20Z
GEN-00927,Shipped,2026-08-08T04:34:16Z
GEN-00927,Delivered,2026-08-08T08:03:39Z
GEN-00928,Order Created,2026-08-10T17:45:48Z
GEN-00928,Payment Attempt,2026-08-10T17:53:46Z
GEN-00928,Payment Received,2026-08-10T18:04:07Z
GEN-00928,Packed,2026-08-11T03:10:30Z
GEN-00928,Inspected,2026-08-11T03:43:43Z
GEN-00928,Shipped,2026-08-11T05:11:12Z
GEN-00928,Delivered,2026-08-11T07:11:37Z
GEN-00929,Order Created,2026-08-10T14:10:13Z
GEN-00929,Payment Received,2026-08-10T14:17:16Z
GEN-00929,Packed,2026-08-10T20:04:35Z
GEN-00929,Inspected,2026-08-10T20:42:16Z
GEN-00929,Shipped,2026-08-10T22:49:17Z
GEN-00929,Delivered,2026-08-11T04:23:04Z
GEN-00930,Order Created,2026-08-05T14:10:40Z
GEN-00930,Payment Attempt,2026-08-05T14:17:45Z
GEN-00930,Payment Received,2026-08-05T14:23:53Z
GEN-00930,Packed,2026-08-05T20:02:59Z
GEN-00930,Inspected,2026-08-05T20:37:28Z
GEN-00930,Shipped,2026-08-05T22:28:24Z
GEN-00930,Delivered,2026-08-05T23:51:27Z
GEN-00931,Order Created,2026-08-10T17:36:56Z
GEN-00931,Payment Received,2026-08-10T17:40:00Z
GEN-00931,Packed,2026-08-11T00:46:27Z
GEN-00931,Inspected,2026-08-11T01:25:51Z
GEN-00931,Packed,2026-08-11T03:36:54Z
GEN-00931,Inspected,2026-08-11T04:18:52Z
GEN-00931,Shipped,2026-08-11T07:19:34Z
GEN-00931,Delivered,2026-08-11T09:02:09Z
GEN-00932,Order Created,2026-08-06T13:09:13Z
GEN-00932,Payment Received,2026-08-06T13:18:21Z
GEN-00932,Packed,2026-08-06T18:49:51Z
GEN-00932,Inspected,2026-08-06T19:17:02Z
GEN-00932,Shipped,2026-08-06T23:14:00Z
GEN-00932,Delivered,2026-08-07T02:55:26Z
GEN-00933,Order Created,2026-08-13T09:56:45Z
GEN-00933,Payment Received,2026-08-13T10:07:31Z
GEN-00933,Packed,2026-08-13T19:07:06Z
GEN-00933,Inspected,2026-08-13T19:28:29Z
GEN-00933,Shipped,2026-08-13T21:24:21Z
GEN-00933,Delivered,2026-08-13T23:18:05Z
GEN-00934,Order Created,2026-08-12T17:52:28Z
GEN-00934,Payment Received,2026-08-12T18:11:56Z
GEN-00934,Packed,2026-08-13T03:19:13Z
GEN-00934,Inspected,2026-08-13T03:55:28Z
GEN-00934,Shipped,2026-08-13T05:30:14Z
GEN-00934,Delivered,2026-08-13T07:35:46Z
GEN-00935,Order Created,2026-08-04T13:35:36Z
GEN-00935,Payment Attempt,2026-08-04T13:41:58Z
GEN-00935,Payment Received,2026-08-04T14:01:31Z
GEN-00935,Packed,2026-08-04T16:30:08Z
GEN-00935,Inspected,2026-08-04T16:55:43Z
GEN-00935,Shipped,2026-08-04T18:29:19Z
GEN-00935,Delivered,2026-08-04T21:03:45Z
GEN-00936,Order Created,2026-08-10T17:31:29Z
GEN-00936,Payment Attempt,2026-08-10T17:35:29Z
GEN-00936,Payment Attempt,2026-08-10T17:39:39Z
GEN-00936,Payment Received,2026-08-10T17:57:25Z
GEN-00936,Packed,2026-08-10T21:44:21Z
GEN-00936,Inspected,2026-08-10T22:07:28Z
GEN-00936,Shipped,2026-08-10T23:32:36Z
GEN-00937,Order Created,2026-08-14T17:39:06Z
GEN-00937,Payment Received,2026-08-14T17:46:55Z
GEN-00937,Packed,2026-08-14T22:57:41Z
GEN-00937,Inspected,2026-08-14T23:50:57Z
GEN-00937,Shipped,2026-08-15T02:31:35Z
GEN-00937,Delivered,2026-08-15T04:49:19Z
GEN-00938,Order Created,2026-08-10T19:28:56Z
GEN-00938,Payment Received,2026-08-10T19:47:57Z
GEN-00938,Packed,2026-08-11T02:42:04Z
GEN-00938,Inspected,2026-08-11T03:28:03Z
GEN-00938,Packed,2026-08-11T06:10:36Z
GEN-00938,Inspected,2026-08-11T06:49:59Z
GEN-00938,Shipped,2026-08-11T10:39:27Z
GEN-00938,Delivered,2026-08-11T12:52:13Z
GEN-00939,Order Created,2026-08-08T18:44:47Z
GEN-00939,Payment Attempt,2026-08-08T19:03:19Z
GEN-00939,Payment Received,2026-08-08T19:10:42Z
GEN-00939,Packed,2026-08-09T02:28:18Z
GEN-00939,Inspected,2026-08-09T03:04:25Z
GEN-00939,Packed,2026-08-09T05:33:38Z
GEN-00939,Inspected,2026-08-09T06:20:56Z
GEN-00939,Shipped,2026-08-09T08:48:43Z
GEN-00939,Delivered,2026-08-09T11:31:51Z
GEN-00940,Order Created,2026-08-06T10:19:21Z
GEN-00940,Payment Received,2026-08-06T10:24:20Z
GEN-00940,Packed,2026-08-06T18:16:54Z
GEN-00940,Inspected,2026-08-06T18:57:35Z
GEN-00940,Shipped,2026-08-06T22:06:36Z
GEN-00940,Delivered,2026-08-06T23:55:10Z
GEN-00941,Order Created,2026-08-07T09:46:26Z
GEN-00941,Payment Received,2026-08-07T10:01:02Z
GEN-00941,Packed,2026-08-07T13:41:23Z
GEN-00941,Inspected,2026-08-07T14:04:20Z
GEN-00941,Shipped,2026-08-07T17:12:25Z
GEN-00941,Delivered,2026-08-07T19:56:24Z
GEN-00942,Order Created,2026-08-09T18:27:04Z
GEN-00942,Payment Attempt,2026-08-09T18:43:27Z
GEN-00942,Payment Received,2026-08-09T18:50:11Z
GEN-00942,Packed,2026-08-10T13:48:21Z
GEN-00942,Inspected,2026-08-10T14:47:45Z
GEN-00942,Packed,2026-08-10T16:41:53Z
GEN-00942,Inspected,2026-08-10T17:33:59Z
GEN-00942,Packed,2026-08-10T19:25:25Z
GEN-00942,Inspected,2026-08-10T20:05:00Z
GEN-00942,Packed,2026-08-10T21:59:26Z
GEN-00942,Inspected,2026-08-10T22:36:33Z
GEN-00942,Shipped,2026-08-11T01:03:37Z
GEN-00942,Delivered,2026-08-11T04:08:42Z
GEN-00943,Order Created,2026-08-12T17:22:40Z
GEN-00943,Payment Received,2026-08-12T17:27:36Z
GEN-00943,Packed,2026-08-12T22:24:24Z
GEN-00943,Inspected,2026-08-12T22:52:35Z
GEN-00943,Shipped,2026-08-13T01:55:21Z
GEN-00943,Delivered,2026-08-13T05:11:01Z
GEN-00944,Order Created,2026-08-11T15:56:33Z
GEN-00944,Payment Received,2026-08-11T16:12:29Z
GEN-00944,Packed,2026-08-11T21:16:42Z
GEN-00944,Inspected,2026-08-11T21:58:52Z
GEN-00944,Packed,2026-08-12T00:15:33Z
GEN-00944,Inspected,2026-08-12T00:44:13Z
GEN-00944,Shipped,2026-08-12T03:38:52Z
GEN-00944,Delivered,2026-08-12T05:26:23Z
GEN-00945,Order Created,2026-08-11T10:59:19Z
GEN-00945,Payment Attempt,2026-08-11T11:08:38Z
GEN-00945,Payment Received,2026-08-11T11:14:00Z
GEN-00945,Packed,2026-08-11T18:37:25Z
GEN-00945,Inspected,2026-08-11T19:00:49Z
GEN-00945,Shipped,2026-08-11T20:27:40Z
GEN-00946,Order Created,2026-08-04T10:45:04Z
GEN-00947,Order Created,2026-08-03T08:41:02Z
GEN-00947,Payment Received,2026-08-03T08:49:30Z
GEN-00947,Packed,2026-08-03T21:17:09Z
GEN-00947,Inspected,2026-08-03T22:02:34Z
GEN-00947,Shipped,2026-08-04T00:54:38Z
GEN-00947,Delivered,2026-08-04T04:10:42Z
GEN-00948,Order Created,2026-08-11T12:19:22Z
GEN-00948,Payment Received,2026-08-11T12:23:59Z
GEN-00948,Packed,2026-08-11T18:13:04Z
GEN-00948,Inspected,2026-08-11T18:51:30Z
GEN-00948,Shipped,2026-08-11T20:32:10Z
GEN-00948,Delivered,2026-08-11T23:55:09Z
GEN-00949,Order Created,2026-08-04T08:41:57Z
GEN-00949,Payment Attempt,2026-08-04T08:48:25Z
GEN-00949,Payment Received,2026-08-04T09:01:43Z
GEN-00949,Packed,2026-08-04T22:50:46Z
GEN-00949,Inspected,2026-08-04T23:18:31Z
GEN-00949,Shipped,2026-08-05T00:46:11Z
GEN-00949,Delivered,2026-08-05T05:30:55Z
GEN-00950,Order Created,2026-08-06T16:01:12Z
GEN-00950,Payment Received,2026-08-06T16:05:27Z
GEN-00950,Packed,2026-08-07T03:21:01Z
GEN-00950,Inspected,2026-08-07T04:02:04Z
GEN-00950,Shipped,2026-08-07T06:31:48Z
GEN-00950,Delivered,2026-08-07T09:13:08Z
GEN-00951,Order Created,2026-08-06T17:40:00Z
GEN-00951,Payment Attempt,2026-08-06T17:58:09Z
GEN-00951,Payment Received,2026-08-06T18:15:39Z
GEN-00951,Packed,2026-08-06T23:38:35Z
GEN-00951,Inspected,2026-08-07T00:03:53Z
GEN-00951,Shipped,2026-08-07T02:16:38Z
GEN-00951,Delivered,2026-08-07T06:11:23Z
GEN-00952,Order Created,2026-08-10T09:33:13Z
GEN-00952,Payment Received,2026-08-10T09:52:31Z
GEN-00952,Packed,2026-08-10T12:03:16Z
GEN-00952,Inspected,2026-08-10T12:29:00Z
GEN-00952,Shipped,2026-08-10T15:51:20Z
GEN-00952,Delivered,2026-08-10T19:40:26Z
GEN-00953,Order Created,2026-08-04T11:31:19Z
GEN-00953,Payment Received,2026-08-04T11:38:49Z
GEN-00953,Packed,2026-08-04T21:10:38Z
GEN-00953,Inspected,2026-08-04T21:51:45Z
GEN-00953,Shipped,2026-08-05T01:27:26Z
GEN-00953,Delivered,2026-08-05T03:18:50Z
GEN-00954,Order Created,2026-08-10T12:23:29Z
GEN-00954,Payment Attempt,2026-08-10T12:43:47Z
GEN-00954,Payment Received,2026-08-10T12:59:05Z
GEN-00954,Packed,2026-08-10T17:01:47Z
GEN-00954,Inspected,2026-08-10T17:57:08Z
GEN-00954,Packed,2026-08-10T19:02:31Z
GEN-00954,Inspected,2026-08-10T19:47:17Z
GEN-00954,Packed,2026-08-10T21:11:15Z
GEN-00954,Inspected,2026-08-10T21:49:32Z
GEN-00954,Shipped,2026-08-10T23:39:31Z
GEN-00954,Delivered,2026-08-11T02:24:47Z
GEN-00955,Order Created,2026-08-12T17:07:55Z
GEN-00955,Payment Attempt,2026-08-12T17:15:37Z
GEN-00955,Payment Received,2026-08-12T17:19:24Z
GEN-00955,Packed,2026-08-12T22:59:54Z
GEN-00955,Inspected,2026-08-12T23:25:40Z
GEN-00955,Shipped,2026-08-13T02:19:41Z
GEN-00955,Delivered,2026-08-13T05:55:22Z
GEN-00956,Order Created,2026-08-06T08:10:21Z
GEN-00956,Payment Received,2026-08-06T08:27:22Z
GEN-00956,Packed,2026-08-06T21:43:59Z
GEN-00956,Inspected,2026-08-06T22:38:57Z
GEN-00956,Shipped,2026-08-07T01:19:24Z
GEN-00956,Delivered,2026-08-07T06:32:54Z
GEN-00957,Order Created,2026-08-05T09:47:54Z
GEN-00957,Payment Received,2026-08-05T09:54:43Z
GEN-00957,Packed,2026-08-06T01:05:18Z
GEN-00957,Inspected,2026-08-06T01:46:56Z
GEN-00957,Shipped,2026-08-06T02:57:41Z
GEN-00957,Delivered,2026-08-06T06:30:58Z
GEN-00958,Order Created,2026-08-05T11:23:49Z
GEN-00958,Payment Received,2026-08-05T11:41:56Z
GEN-00958,Packed,2026-08-05T15:50:52Z
GEN-00958,Inspected,2026-08-05T16:11:26Z
GEN-00958,Packed,2026-08-05T18:58:42Z
GEN-00958,Inspected,2026-08-05T19:33:16Z
GEN-00958,Shipped,2026-08-05T23:13:11Z
GEN-00958,Delivered,2026-08-06T01:58:49Z
GEN-00959,Order Created,2026-08-14T17:25:35Z
GEN-00959,Payment Attempt,2026-08-14T17:34:57Z
GEN-00959,Payment Received,2026-08-14T17:50:23Z
GEN-00959,Packed,2026-08-15T02:30:10Z
GEN-00959,Inspected,2026-08-15T02:52:36Z
GEN-00959,Shipped,2026-08-15T06:34:17Z
GEN-00959,Delivered,2026-08-15T10:51:19Z
GEN-00960,Order Created,2026-08-06T13:48:42Z
GEN-00961,Order Created,2026-08-10T11:45:39Z
GEN-00962,Order Created,2026-08-14T19:41:00Z
GEN-00962,Payment Received,2026-08-14T19:47:14Z
GEN-00962,Packed,2026-08-15T11:43:02Z
GEN-00963,Order Created,2026-08-16T17:16:21Z
GEN-00963,Payment Received,2026-08-16T17:27:20Z
GEN-00963,Packed,2026-08-17T03:00:37Z
GEN-00963,Inspected,2026-08-17T03:59:13Z
GEN-00963,Shipped,2026-08-17T05:02:21Z
GEN-00963,Delivered,2026-08-17T07:32:27Z
GEN-00964,Order Created,2026-08-08T09:01:45Z
GEN-00964,Payment Received,2026-08-08T09:04:09Z
GEN-00964,Packed,2026-08-08T22:51:44Z
GEN-00964,Inspected,2026-08-08T23:14:06Z
GEN-00964,Packed,2026-08-09T01:40:57Z
GEN-00964,Inspected,2026-08-09T02:29:46Z
GEN-00964,Shipped,2026-08-09T06:01:23Z
GEN-00964,Delivered,2026-08-09T10:26:13Z
GEN-00965,Order Created,2026-08-13T17:22:28Z
GEN-00965,Payment Attempt,2026-08-13T17:47:21Z
GEN-00965,Payment Received,2026-08-13T17:56:21Z
GEN-00965,Packed,2026-08-14T08:37:22Z
GEN-00965,Inspected,2026-08-14T09:07:28Z
GEN-00965,Shipped,2026-08-14T11:13:39Z
GEN-00965,Delivered,2026-08-14T15:35:36Z
GEN-00966,Order Created,2026-08-13T09:43:37Z
GEN-00966,Payment Received,2026-08-13T09:57:41Z
GEN-00966,Packed,2026-08-13T15:55:12Z
GEN-00966,Inspected,2026-08-13T16:30:05Z
GEN-00966,Shipped,2026-08-13T20:15:47Z
GEN-00966,Delivered,2026-08-13T23:05:57Z
GEN-00967,Order Created,2026-08-10T17:08:16Z
GEN-00967,Payment Received,2026-08-10T17:22:36Z
GEN-00967,Packed,2026-08-11T00:52:56Z
GEN-00967,Inspected,2026-08-11T01:21:35Z
GEN-00967,Shipped,2026-08-11T04:41:48Z
GEN-00967,Delivered,2026-08-11T08:13:32Z
GEN-00968,Order Created,2026-08-14T18:03:22Z
GEN-00968,Payment Received,2026-08-14T18:17:16Z
GEN-00968,Packed,2026-08-14T21:15:36Z
GEN-00968,Inspected,2026-08-14T21:45:27Z
GEN-00968,Packed,2026-08-15T00:35:11Z
GEN-00968,Inspected,2026-08-15T00:55:30Z
GEN-00968,Shipped,2026-08-15T04:03:01Z
GEN-00968,Delivered,2026-08-15T07:37:50Z
GEN-00969,Order Created,2026-08-13T08:52:31Z
GEN-00969,Payment Received,2026-08-13T09:05:39Z
GEN-00969,Packed,2026-08-13T15:38:00Z
GEN-00969,Inspected,2026-08-13T16:12:59Z
GEN-00969,Packed,2026-08-13T19:06:19Z
GEN-00969,Inspected,2026-08-13T19:42:20Z
GEN-00969,Packed,2026-08-13T22:11:00Z
GEN-00969,Inspected,2026-08-13T23:01:59Z
GEN-00969,Shipped,2026-08-14T01:51:40Z
GEN-00970,Order Created,2026-08-13T11:26:41Z
GEN-00971,Order Created,2026-08-05T14:52:00Z
GEN-00971,Payment Received,2026-08-05T15:00:30Z
GEN-00971,Packed,2026-08-05T22:26:02Z
GEN-00971,Inspected,2026-08-05T23:14:58Z
GEN-00971,Shipped,2026-08-06T01:53:17Z
GEN-00971,Delivered,2026-08-06T03:16:41Z
GEN-00972,Order Created,2026-08-06T16:44:05Z
GEN-00972,Payment Attempt,2026-08-06T16:49:27Z
GEN-00972,Payment Attempt,2026-08-06T17:00:16Z
GEN-00972,Payment Received,2026-08-06T17:08:50Z
GEN-00972,Packed,2026-08-06T20:27:17Z
GEN-00972,Inspected,2026-08-06T20:57:59Z
GEN-00972,Shipped,2026-08-07T00:02:06Z
GEN-00972,Delivered,2026-08-07T02:31:35Z
GEN-00973,Order Created,2026-08-05T12:16:43Z
GEN-00973,Payment Received,2026-08-05T12:26:01Z
GEN-00973,Packed,2026-08-05T18:56:48Z
GEN-00973,Inspected,2026-08-05T19:27:01Z
GEN-00973,Shipped,2026-08-05T22:02:36Z
GEN-00973,Delivered,2026-08-06T01:55:24Z
GEN-00974,Order Created,2026-08-04T19:04:42Z
GEN-00974,Payment Received,2026-08-04T19:13:35Z
GEN-00974,Packed,2026-08-04T21:17:50Z
GEN-00974,Inspected,2026-08-04T21:39:19Z
GEN-00974,Shipped,2026-08-04T23:22:23Z
GEN-00974,Delivered,2026-08-05T01:04:45Z
GEN-00975,Order Created,2026-08-07T18:20:16Z
GEN-00975,Payment Received,2026-08-07T18:37:44Z
GEN-00975,Packed,2026-08-07T20:37:44Z
GEN-00975,Inspected,2026-08-07T21:31:28Z
GEN-00975,Shipped,2026-08-08T01:09:18Z
GEN-00975,Delivered,2026-08-08T05:51:42Z
GEN-00976,Order Created,2026-08-07T09:30:51Z
GEN-00976,Payment Received,2026-08-07T09:40:57Z
GEN-00976,Packed,2026-08-07T20:02:45Z
GEN-00976,Inspected,2026-08-07T20:46:24Z
GEN-00976,Shipped,2026-08-08T00:25:46Z
GEN-00976,Delivered,2026-08-08T03:07:50Z
GEN-00977,Order Created,2026-08-09T09:31:09Z
GEN-00977,Payment Received,2026-08-09T09:48:06Z
GEN-00977,Packed,2026-08-09T19:41:16Z
GEN-00977,Inspected,2026-08-09T20:34:34Z
GEN-00977,Shipped,2026-08-09T21:47:54Z
GEN-00977,Delivered,2026-08-10T01:10:00Z
GEN-00978,Order Created,2026-08-03T19:45:58Z
GEN-00978,Payment Received,2026-08-03T19:57:56Z
GEN-00978,Packed,2026-08-04T00:44:39Z
GEN-00978,Inspected,2026-08-04T01:27:24Z
GEN-00978,Shipped,2026-08-04T03:49:04Z
GEN-00978,Delivered,2026-08-04T05:43:43Z
GEN-00979,Order Created,2026-08-09T19:27:12Z
GEN-00979,Payment Received,2026-08-09T19:43:41Z
GEN-00979,Packed,2026-08-10T02:30:00Z
GEN-00979,Inspected,2026-08-10T03:07:00Z
GEN-00979,Shipped,2026-08-10T04:57:49Z
GEN-00979,Delivered,2026-08-10T12:22:42Z
GEN-00980,Order Created,2026-08-04T10:04:46Z
GEN-00980,Payment Received,2026-08-04T10:09:19Z
GEN-00980,Packed,2026-08-04T16:54:58Z
GEN-00980,Inspected,2026-08-04T17:28:15Z
GEN-00980,Shipped,2026-08-04T19:35:15Z
GEN-00980,Delivered,2026-08-04T21:28:12Z
GEN-00981,Order Created,2026-08-10T15:17:36Z
GEN-00981,Payment Received,2026-08-10T15:27:54Z
GEN-00981,Packed,2026-08-10T19:43:40Z
GEN-00981,Inspected,2026-08-10T20:07:05Z
GEN-00981,Shipped,2026-08-10T23:59:13Z
GEN-00981,Delivered,2026-08-11T02:00:40Z
GEN-00982,Order Created,2026-08-03T08:44:24Z
GEN-00982,Payment Received,2026-08-03T08:54:55Z
GEN-00982,Packed,2026-08-03T11:36:46Z
GEN-00982,Inspected,2026-08-03T12:21:41Z
GEN-00982,Shipped,2026-08-03T13:34:16Z
GEN-00982,Delivered,2026-08-03T16:56:28Z
GEN-00983,Order Created,2026-08-03T18:55:14Z
GEN-00983,Payment Received,2026-08-03T19:01:59Z
GEN-00983,Packed,2026-08-03T22:58:48Z
GEN-00983,Inspected,2026-08-03T23:31:09Z
GEN-00983,Shipped,2026-08-04T02:05:41Z
GEN-00983,Delivered,2026-08-04T04:02:04Z
GEN-00984,Order Created,2026-08-05T09:26:18Z
GEN-00984,Payment Received,2026-08-05T09:39:45Z
GEN-00984,Packed,2026-08-05T14:25:56Z
GEN-00984,Inspected,2026-08-05T15:17:00Z
GEN-00984,Shipped,2026-08-05T16:25:32Z
GEN-00984,Delivered,2026-08-05T18:45:10Z
GEN-00985,Order Created,2026-08-06T15:25:05Z
GEN-00985,Payment Received,2026-08-06T15:30:22Z
GEN-00985,Packed,2026-08-07T02:13:35Z
GEN-00985,Inspected,2026-08-07T02:49:12Z
GEN-00985,Packed,2026-08-07T04:30:33Z
GEN-00985,Inspected,2026-08-07T05:27:48Z
GEN-00985,Shipped,2026-08-07T08:07:17Z
GEN-00985,Delivered,2026-08-07T11:11:40Z
GEN-00986,Order Created,2026-08-03T19:44:53Z
GEN-00986,Payment Received,2026-08-03T19:53:55Z
GEN-00986,Packed,2026-08-04T02:20:43Z
GEN-00986,Inspected,2026-08-04T03:00:17Z
GEN-00986,Shipped,2026-08-04T05:13:17Z
GEN-00986,Delivered,2026-08-04T10:18:00Z
GEN-00987,Order Created,2026-08-04T08:46:56Z
GEN-00987,Payment Attempt,2026-08-04T09:07:47Z
GEN-00987,Payment Attempt,2026-08-04T09:22:02Z
GEN-00987,Payment Received,2026-08-04T09:25:25Z
GEN-00987,Packed,2026-08-04T13:44:12Z
GEN-00987,Inspected,2026-08-04T14:07:31Z
GEN-00987,Packed,2026-08-04T15:57:22Z
GEN-00987,Inspected,2026-08-04T16:51:16Z
GEN-00987,Shipped,2026-08-04T20:21:59Z
GEN-00987,Delivered,2026-08-05T02:04:26Z
GEN-00988,Order Created,2026-08-14T13:19:23Z
GEN-00988,Payment Received,2026-08-14T13:38:40Z
GEN-00988,Packed,2026-08-14T16:27:08Z
GEN-00988,Inspected,2026-08-14T16:58:51Z
GEN-00988,Shipped,2026-08-14T20:42:12Z
GEN-00988,Delivered,2026-08-14T23:00:05Z
GEN-00989,Order Created,2026-08-08T16:07:54Z
GEN-00989,Payment Received,2026-08-08T16:22:22Z
GEN-00989,Packed,2026-08-09T02:32:41Z
GEN-00989,Inspected,2026-08-09T03:04:56Z
GEN-00989,Packed,2026-08-09T04:47:37Z
GEN-00989,Inspected,2026-08-09T05:33:16Z
GEN-00989,Shipped,2026-08-09T08:04:31Z
GEN-00989,Delivered,2026-08-09T09:45:57Z
GEN-00990,Order Created,2026-08-14T13:10:00Z
GEN-00990,Payment Received,2026-08-14T13:27:01Z
GEN-00990,Packed,2026-08-14T18:31:21Z
GEN-00990,Inspected,2026-08-14T19:25:02Z
GEN-00990,Packed,2026-08-14T21:51:26Z
GEN-00990,Inspected,2026-08-14T22:30:45Z
GEN-00990,Shipped,2026-08-15T02:11:53Z
GEN-00990,Delivered,2026-08-15T08:04:44Z
GEN-00991,Order Created,2026-08-05T14:29:28Z
GEN-00991,Payment Attempt,2026-08-05T14:32:46Z
GEN-00991,Payment Attempt,2026-08-05T14:42:10Z
GEN-00991,Payment Received,2026-08-05T14:46:01Z
GEN-00991,Packed,2026-08-05T20:59:04Z
GEN-00991,Inspected,2026-08-05T21:24:13Z
GEN-00991,Shipped,2026-08-05T23:50:17Z
GEN-00991,Delivered,2026-08-06T07:05:11Z
GEN-00992,Order Created,2026-08-12T12:53:48Z
GEN-00992,Payment Received,2026-08-12T13:11:09Z
GEN-00992,Packed,2026-08-12T18:09:32Z
GEN-00992,Inspected,2026-08-12T18:50:58Z
GEN-00992,Packed,2026-08-12T21:28:47Z
GEN-00992,Inspected,2026-08-12T22:11:36Z
GEN-00992,Shipped,2026-08-12T23:20:05Z
GEN-00992,Delivered,2026-08-13T02:21:16Z
GEN-00993,Order Created,2026-08-03T10:09:17Z
GEN-00993,Payment Received,2026-08-03T10:24:23Z
GEN-00993,Packed,2026-08-03T19:18:03Z
GEN-00993,Inspected,2026-08-03T19:51:14Z
GEN-00993,Packed,2026-08-03T21:55:44Z
GEN-00993,Inspected,2026-08-03T22:30:17Z
GEN-00993,Packed,2026-08-04T00:54:51Z
GEN-00993,Inspected,2026-08-04T01:36:21Z
GEN-00993,Packed,2026-08-04T03:44:51Z
GEN-00993,Inspected,2026-08-04T04:29:23Z
GEN-00993,Shipped,2026-08-04T07:12:38Z
GEN-00993,Delivered,2026-08-04T10:17:20Z
GEN-00994,Order Created,2026-08-14T17:14:18Z
GEN-00994,Payment Attempt,2026-08-14T17:36:43Z
GEN-00994,Payment Attempt,2026-08-14T17:57:12Z
GEN-00994,Payment Received,2026-08-14T18:06:16Z
GEN-00994,Packed,2026-08-15T03:25:24Z
GEN-00994,Inspected,2026-08-15T03:50:00Z
GEN-00994,Shipped,2026-08-15T06:46:57Z
GEN-00994,Delivered,2026-08-15T11:25:39Z
GEN-00995,Order Created,2026-08-03T18:09:49Z
GEN-00995,Payment Received,2026-08-03T18:13:41Z
GEN-00995,Packed,2026-08-03T21:23:08Z
GEN-00995,Inspected,2026-08-03T22:22:42Z
GEN-00995,Shipped,2026-08-04T00:42:58Z
GEN-00996,Order Created,2026-08-04T15:15:01Z
GEN-00996,Payment Received,2026-08-04T15:24:13Z
GEN-00996,Packed,2026-08-05T01:24:10Z
GEN-00996,Inspected,2026-08-05T01:59:25Z
GEN-00996,Shipped,2026-08-05T04:41:55Z
GEN-00997,Order Created,2026-08-11T12:32:30Z
GEN-00997,Payment Received,2026-08-11T12:41:56Z
GEN-00997,Packed,2026-08-11T16:04:56Z
GEN-00997,Inspected,2026-08-11T16:43:06Z
GEN-00997,Shipped,2026-08-11T18:48:02Z
GEN-00997,Delivered,2026-08-11T22:35:38Z
GEN-00998,Order Created,2026-08-07T09:03:21Z
GEN-00998,Payment Received,2026-08-07T09:17:47Z
GEN-00998,Packed,2026-08-07T17:33:30Z
GEN-00998,Inspected,2026-08-07T17:55:51Z
GEN-00998,Shipped,2026-08-07T21:12:54Z
GEN-00998,Delivered,2026-08-08T00:52:44Z
GEN-00999,Order Created,2026-08-13T13:57:00Z
GEN-01000,Order Created,2026-08-09T09:35:01Z
GEN-01000,Payment Received,2026-08-09T09:44:06Z
GEN-01000,Packed,2026-08-09T17:50:12Z
GEN-01000,Inspected,2026-08-09T18:45:02Z
GEN-01000,Shipped,2026-08-09T19:56:52Z
GEN-01000,Delivered,2026-08-09T23:56:57Z
GEN-01001,Order Created,2026-08-14T08:48:07Z
GEN-01001,Payment Received,2026-08-14T09:01:22Z
GEN-01001,Packed,2026-08-14T15:39:30Z
GEN-01001,Inspected,2026-08-14T16:15:41Z
GEN-01001,Shipped,2026-08-14T17:51:40Z
GEN-01001,Delivered,2026-08-14T20:19:32Z
GEN-01002,Order Created,2026-08-03T09:43:50Z
GEN-01002,Payment Attempt,2026-08-03T10:02:51Z
GEN-01002,Payment Received,2026-08-03T10:10:15Z
GEN-01002,Packed,2026-08-03T19:12:35Z
GEN-01002,Inspected,2026-08-03T19:54:41Z
GEN-01002,Shipped,2026-08-03T23:13:28Z
GEN-01002,Delivered,2026-08-04T01:32:14Z
GEN-01003,Order Created,2026-08-09T15:43:46Z
GEN-01003,Payment Received,2026-08-09T16:00:24Z
GEN-01003,Packed,2026-08-10T02:32:17Z
GEN-01003,Inspected,2026-08-10T03:01:32Z
GEN-01003,Shipped,2026-08-10T04:04:18Z
GEN-01003,Delivered,2026-08-10T07:22:09Z
GEN-01004,Order Created,2026-08-11T15:59:22Z
GEN-01004,Payment Received,2026-08-11T16:11:29Z
GEN-01004,Packed,2026-08-12T07:42:04Z
GEN-01004,Inspected,2026-08-12T08:04:22Z
GEN-01004,Packed,2026-08-12T10:55:36Z
GEN-01004,Inspected,2026-08-12T11:31:50Z
GEN-01004,Shipped,2026-08-12T15:20:18Z
GEN-01004,Delivered,2026-08-12T19:21:12Z
GEN-01005,Order Created,2026-08-06T18:38:00Z
GEN-01005,Payment Received,2026-08-06T18:47:12Z
GEN-01005,Packed,2026-08-07T01:55:42Z
GEN-01006,Order Created,2026-08-16T17:41:21Z
GEN-01006,Payment Received,2026-08-16T17:56:38Z
GEN-01006,Packed,2026-08-17T11:29:07Z
GEN-01006,Inspected,2026-08-17T12:07:25Z
GEN-01006,Packed,2026-08-17T14:54:41Z
GEN-01006,Inspected,2026-08-17T15:26:30Z
GEN-01006,Shipped,2026-08-17T19:23:31Z
GEN-01006,Delivered,2026-08-17T22:17:27Z
GEN-01007,Order Created,2026-08-12T08:45:26Z
GEN-01007,Payment Received,2026-08-12T08:51:51Z
GEN-01007,Packed,2026-08-12T21:38:47Z
GEN-01007,Inspected,2026-08-12T22:02:55Z
GEN-01007,Shipped,2026-08-12T23:26:45Z
GEN-01007,Delivered,2026-08-13T03:28:14Z
GEN-01008,Order Created,2026-08-09T18:30:12Z
GEN-01008,Payment Received,2026-08-09T18:46:47Z
GEN-01008,Packed,2026-08-10T05:39:28Z
GEN-01008,Inspected,2026-08-10T06:37:24Z
GEN-01008,Packed,2026-08-10T07:45:15Z
GEN-01008,Inspected,2026-08-10T08:26:17Z
GEN-01008,Packed,2026-08-10T10:05:23Z
GEN-01008,Inspected,2026-08-10T10:29:33Z
GEN-01008,Shipped,2026-08-10T11:37:06Z
GEN-01008,Delivered,2026-08-10T16:46:32Z
GEN-01009,Order Created,2026-08-06T18:46:26Z
GEN-01009,Payment Attempt,2026-08-06T18:53:04Z
GEN-01009,Payment Attempt,2026-08-06T18:58:28Z
GEN-01009,Payment Received,2026-08-06T19:13:08Z
GEN-01009,Packed,2026-08-07T01:42:03Z
GEN-01009,Inspected,2026-08-07T02:23:40Z
GEN-01009,Shipped,2026-08-07T06:03:35Z
GEN-01009,Delivered,2026-08-07T12:10:16Z
GEN-01010,Order Created,2026-08-07T12:06:10Z
GEN-01010,Payment Received,2026-08-07T12:09:59Z
GEN-01010,Packed,2026-08-08T05:13:16Z
GEN-01010,Inspected,2026-08-08T05:45:54Z
GEN-01010,Shipped,2026-08-08T08:28:56Z
GEN-01010,Delivered,2026-08-08T10:16:02Z
GEN-01011,Order Created,2026-08-14T19:15:39Z
GEN-01011,Payment Received,2026-08-14T19:26:52Z
GEN-01011,Packed,2026-08-14T22:09:55Z
GEN-01011,Inspected,2026-08-14T22:57:39Z
GEN-01011,Packed,2026-08-15T01:41:18Z
GEN-01011,Inspected,2026-08-15T02:07:59Z
GEN-01011,Shipped,2026-08-15T04:56:35Z
GEN-01011,Delivered,2026-08-15T08:31:16Z
GEN-01012,Order Created,2026-08-16T19:26:05Z
GEN-01012,Payment Received,2026-08-16T19:31:54Z
GEN-01012,Packed,2026-08-17T12:52:00Z
GEN-01012,Inspected,2026-08-17T13:38:49Z
GEN-01012,Shipped,2026-08-17T16:34:04Z
GEN-01012,Delivered,2026-08-17T19:06:40Z
GEN-01013,Order Created,2026-08-06T10:28:17Z
GEN-01013,Payment Attempt,2026-08-06T10:33:28Z
GEN-01013,Payment Attempt,2026-08-06T10:42:10Z
GEN-01013,Payment Received,2026-08-06T10:56:00Z
GEN-01013,Packed,2026-08-06T12:41:06Z
GEN-01013,Inspected,2026-08-06T13:02:07Z
GEN-01013,Shipped,2026-08-06T15:14:15Z
GEN-01013,Delivered,2026-08-06T18:21:10Z
GEN-01014,Order Created,2026-08-15T13:45:26Z
GEN-01014,Payment Received,2026-08-15T13:53:24Z
GEN-01014,Packed,2026-08-16T00:00:20Z
GEN-01014,Inspected,2026-08-16T00:27:03Z
GEN-01014,Packed,2026-08-16T02:44:05Z
GEN-01014,Inspected,2026-08-16T03:34:14Z
GEN-01014,Shipped,2026-08-16T05:01:36Z
GEN-01014,Delivered,2026-08-16T07:52:44Z
GEN-01015,Order Created,2026-08-06T17:23:40Z
GEN-01015,Payment Received,2026-08-06T17:25:46Z
GEN-01015,Packed,2026-08-07T03:13:34Z
GEN-01015,Inspected,2026-08-07T03:43:08Z
GEN-01015,Shipped,2026-08-07T07:07:30Z
GEN-01015,Delivered,2026-08-07T09:23:36Z
GEN-01016,Order Created,2026-08-07T11:46:41Z
GEN-01016,Payment Received,2026-08-07T11:58:47Z
GEN-01016,Packed,2026-08-07T19:10:21Z
GEN-01016,Inspected,2026-08-07T20:07:19Z
GEN-01016,Shipped,2026-08-07T23:26:00Z
GEN-01016,Delivered,2026-08-08T01:14:54Z
GEN-01017,Order Created,2026-08-10T12:03:23Z
GEN-01017,Payment Received,2026-08-10T12:21:24Z
GEN-01017,Packed,2026-08-10T21:46:08Z
GEN-01017,Inspected,2026-08-10T22:28:16Z
GEN-01017,Shipped,2026-08-11T02:03:40Z
GEN-01017,Delivered,2026-08-11T05:38:46Z
GEN-01018,Order Created,2026-08-13T10:43:26Z
GEN-01018,Payment Received,2026-08-13T10:54:52Z
GEN-01018,Packed,2026-08-13T15:07:49Z
GEN-01018,Inspected,2026-08-13T15:59:48Z
GEN-01018,Shipped,2026-08-13T18:45:00Z
GEN-01018,Delivered,2026-08-13T23:06:55Z
GEN-01019,Order Created,2026-08-10T14:04:18Z
GEN-01019,Payment Received,2026-08-10T14:20:51Z
GEN-01019,Packed,2026-08-11T00:36:52Z
GEN-01019,Inspected,2026-08-11T00:59:18Z
GEN-01019,Packed,2026-08-11T02:39:24Z
GEN-01019,Inspected,2026-08-11T03:07:11Z
GEN-01019,Shipped,2026-08-11T07:03:16Z
GEN-01019,Delivered,2026-08-11T09:16:55Z
GEN-01020,Order Created,2026-08-10T13:35:41Z
GEN-01020,Payment Received,2026-08-10T13:47:26Z
GEN-01020,Packed,2026-08-11T02:07:43Z
GEN-01020,Inspected,2026-08-11T03:03:57Z
GEN-01020,Packed,2026-08-11T05:57:02Z
GEN-01020,Inspected,2026-08-11T06:23:34Z
GEN-01020,Shipped,2026-08-11T09:50:41Z
GEN-01020,Delivered,2026-08-11T13:14:32Z
GEN-01021,Order Created,2026-08-05T19:17:43Z
GEN-01022,Order Created,2026-08-10T19:05:59Z
GEN-01022,Payment Received,2026-08-10T19:19:49Z
GEN-01022,Packed,2026-08-10T21:47:24Z
GEN-01022,Inspected,2026-08-10T22:18:42Z
GEN-01022,Packed,2026-08-11T00:26:01Z
GEN-01022,Inspected,2026-08-11T01:14:25Z
GEN-01022,Packed,2026-08-11T03:37:09Z
GEN-01022,Inspected,2026-08-11T04:00:36Z
GEN-01022,Packed,2026-08-11T05:09:18Z
GEN-01022,Inspected,2026-08-11T05:48:29Z
GEN-01022,Shipped,2026-08-11T07:36:07Z
GEN-01022,Delivered,2026-08-11T09:42:27Z
GEN-01023,Order Created,2026-08-10T09:28:31Z
GEN-01023,Payment Attempt,2026-08-10T09:37:04Z
GEN-01023,Payment Received,2026-08-10T09:57:00Z
GEN-01023,Packed,2026-08-11T00:16:16Z
GEN-01023,Inspected,2026-08-11T01:11:20Z
GEN-01023,Shipped,2026-08-11T02:56:12Z
GEN-01023,Delivered,2026-08-11T04:45:40Z
GEN-01024,Order Created,2026-08-10T09:16:49Z
GEN-01025,Order Created,2026-08-13T13:41:49Z
GEN-01025,Payment Received,2026-08-13T13:55:09Z
GEN-01025,Packed,2026-08-13T17:58:48Z
GEN-01025,Inspected,2026-08-13T18:48:29Z
GEN-01025,Shipped,2026-08-13T22:25:28Z
GEN-01025,Delivered,2026-08-13T23:57:43Z
GEN-01026,Order Created,2026-08-05T15:07:23Z
GEN-01026,Payment Received,2026-08-05T15:20:22Z
GEN-01026,Packed,2026-08-05T19:04:37Z
GEN-01026,Inspected,2026-08-05T19:28:08Z
GEN-01026,Packed,2026-08-05T21:06:01Z
GEN-01026,Inspected,2026-08-05T21:29:50Z
GEN-01026,Shipped,2026-08-06T00:11:08Z
GEN-01026,Delivered,2026-08-06T02:11:53Z
GEN-01027,Order Created,2026-08-13T11:59:41Z
GEN-01027,Payment Attempt,2026-08-13T12:07:13Z
GEN-01027,Payment Received,2026-08-13T12:18:41Z
GEN-01027,Packed,2026-08-13T15:42:14Z
GEN-01027,Inspected,2026-08-13T16:14:41Z
GEN-01027,Packed,2026-08-13T19:04:28Z
GEN-01027,Inspected,2026-08-13T20:02:40Z
GEN-01027,Shipped,2026-08-13T23:14:14Z
GEN-01027,Delivered,2026-08-14T01:51:55Z
GEN-01028,Order Created,2026-08-10T14:59:06Z
GEN-01029,Order Created,2026-08-06T19:20:33Z
GEN-01029,Payment Received,2026-08-06T19:33:33Z
GEN-01029,Packed,2026-08-07T07:06:15Z
GEN-01029,Inspected,2026-08-07T08:05:12Z
GEN-01029,Shipped,2026-08-07T10:25:33Z
GEN-01029,Delivered,2026-08-07T12:12:32Z
GEN-01030,Order Created,2026-08-14T18:31:16Z
GEN-01030,Payment Received,2026-08-14T18:47:18Z
GEN-01030,Packed,2026-08-15T17:28:11Z
GEN-01030,Inspected,2026-08-15T17:54:00Z
GEN-01030,Shipped,2026-08-15T20:57:01Z
GEN-01030,Delivered,2026-08-15T22:33:54Z
GEN-01031,Order Created,2026-08-12T08:39:56Z
GEN-01031,Payment Received,2026-08-12T08:50:17Z
GEN-01031,Packed,2026-08-12T16:01:29Z
GEN-01031,Inspected,2026-08-12T16:30:33Z
GEN-01031,Shipped,2026-08-12T19:47:59Z
GEN-01031,Delivered,2026-08-13T00:01:38Z
GEN-01032,Order Created,2026-08-13T18:17:58Z
GEN-01032,Payment Attempt,2026-08-13T18:34:58Z
GEN-01032,Payment Received,2026-08-13T18:49:44Z
GEN-01032,Packed,2026-08-13T22:18:14Z
GEN-01032,Inspected,2026-08-13T23:11:15Z
GEN-01032,Shipped,2026-08-14T01:42:05Z
GEN-01032,Delivered,2026-08-14T04:24:22Z
GEN-01033,Order Created,2026-08-06T13:46:43Z
GEN-01033,Payment Received,2026-08-06T13:51:39Z
GEN-01033,Packed,2026-08-06T18:47:54Z
GEN-01033,Inspected,2026-08-06T19:35:14Z
GEN-01033,Packed,2026-08-06T20:42:32Z
GEN-01033,Inspected,2026-08-06T21:09:52Z
GEN-01033,Shipped,2026-08-06T22:12:32Z
GEN-01033,Delivered,2026-08-07T01:32:09Z
GEN-01034,Order Created,2026-08-13T09:47:26Z
GEN-01034,Payment Received,2026-08-13T09:56:56Z
GEN-01034,Packed,2026-08-13T14:46:57Z
GEN-01034,Inspected,2026-08-13T15:38:20Z
GEN-01034,Shipped,2026-08-13T16:44:49Z
GEN-01034,Delivered,2026-08-13T21:44:20Z
GEN-01035,Order Created,2026-08-10T12:48:10Z
GEN-01035,Payment Received,2026-08-10T12:56:09Z
GEN-01035,Packed,2026-08-10T15:50:47Z
GEN-01035,Inspected,2026-08-10T16:17:08Z
GEN-01035,Shipped,2026-08-10T18:34:41Z
GEN-01035,Delivered,2026-08-10T20:23:33Z
GEN-01036,Order Created,2026-08-12T10:45:09Z
GEN-01036,Payment Received,2026-08-12T10:47:16Z
GEN-01036,Packed,2026-08-12T16:01:02Z
GEN-01036,Inspected,2026-08-12T16:46:30Z
GEN-01036,Packed,2026-08-12T18:31:46Z
GEN-01036,Inspected,2026-08-12T18:53:49Z
GEN-01036,Packed,2026-08-12T21:30:10Z
GEN-01036,Inspected,2026-08-12T21:53:07Z
GEN-01036,Shipped,2026-08-12T23:05:34Z
GEN-01036,Delivered,2026-08-13T01:05:24Z
GEN-01037,Order Created,2026-08-14T16:11:43Z
GEN-01037,Payment Received,2026-08-14T16:27:02Z
GEN-01037,Packed,2026-08-14T21:46:37Z
GEN-01037,Inspected,2026-08-14T22:46:24Z
GEN-01037,Shipped,2026-08-15T02:15:41Z
GEN-01037,Delivered,2026-08-15T04:51:07Z
GEN-01038,Order Created,2026-08-12T14:10:32Z
GEN-01038,Payment Received,2026-08-12T14:24:46Z
GEN-01038,Packed,2026-08-12T17:06:50Z
GEN-01038,Inspected,2026-08-12T18:01:50Z
GEN-01038,Shipped,2026-08-12T21:37:47Z
GEN-01038,Delivered,2026-08-12T23:47:30Z
GEN-01039,Order Created,2026-08-11T18:30:50Z
GEN-01039,Payment Attempt,2026-08-11T18:47:51Z
GEN-01039,Payment Received,2026-08-11T19:00:45Z
GEN-01039,Packed,2026-08-12T00:30:39Z
GEN-01039,Inspected,2026-08-12T01:21:35Z
GEN-01039,Shipped,2026-08-12T04:36:58Z
GEN-01039,Delivered,2026-08-12T07:24:54Z
GEN-01040,Order Created,2026-08-04T11:29:02Z
GEN-01040,Payment Received,2026-08-04T11:47:31Z
GEN-01040,Packed,2026-08-04T15:39:04Z
GEN-01040,Inspected,2026-08-04T16:26:00Z
GEN-01040,Shipped,2026-08-04T19:46:15Z
GEN-01040,Delivered,2026-08-05T00:27:37Z
GEN-01041,Order Created,2026-08-10T15:19:52Z
GEN-01041,Payment Attempt,2026-08-10T15:37:50Z
GEN-01041,Payment Received,2026-08-10T15:54:08Z
GEN-01041,Packed,2026-08-10T20:48:38Z
GEN-01041,Inspected,2026-08-10T21:32:39Z
GEN-01041,Packed,2026-08-10T23:16:12Z
GEN-01041,Inspected,2026-08-11T00:13:03Z
GEN-01041,Packed,2026-08-11T02:54:19Z
GEN-01041,Inspected,2026-08-11T03:52:52Z
GEN-01041,Packed,2026-08-11T05:54:39Z
GEN-01041,Inspected,2026-08-11T06:33:15Z
GEN-01041,Shipped,2026-08-11T07:53:43Z
GEN-01041,Delivered,2026-08-11T11:04:45Z
GEN-01042,Order Created,2026-08-11T12:12:53Z
GEN-01042,Payment Received,2026-08-11T12:27:44Z
GEN-01042,Packed,2026-08-12T00:31:24Z
GEN-01042,Inspected,2026-08-12T00:53:40Z
GEN-01042,Shipped,2026-08-12T03:40:05Z
GEN-01042,Delivered,2026-08-12T06:25:48Z
GEN-01043,Order Created,2026-08-05T11:14:14Z
GEN-01043,Payment Attempt,2026-08-05T11:32:30Z
GEN-01043,Payment Received,2026-08-05T11:52:14Z
GEN-01043,Packed,2026-08-05T22:45:39Z
GEN-01043,Inspected,2026-08-05T23:35:30Z
GEN-01043,Shipped,2026-08-06T02:27:09Z
GEN-01043,Delivered,2026-08-06T05:24:51Z
GEN-01044,Order Created,2026-08-03T16:18:40Z
GEN-01044,Payment Attempt,2026-08-03T16:23:16Z
GEN-01044,Payment Attempt,2026-08-03T16:36:28Z
GEN-01044,Payment Received,2026-08-03T16:52:51Z
GEN-01044,Packed,2026-08-03T22:40:55Z
GEN-01044,Inspected,2026-08-03T23:26:36Z
GEN-01044,Packed,2026-08-04T01:19:12Z
GEN-01044,Inspected,2026-08-04T01:44:27Z
GEN-01044,Packed,2026-08-04T04:09:49Z
GEN-01044,Inspected,2026-08-04T04:38:20Z
GEN-01044,Packed,2026-08-04T06:51:37Z
GEN-01044,Inspected,2026-08-04T07:51:30Z
GEN-01044,Shipped,2026-08-04T11:24:41Z
GEN-01044,Delivered,2026-08-04T16:57:48Z
GEN-01045,Order Created,2026-08-06T19:21:20Z
GEN-01045,Payment Received,2026-08-06T19:35:11Z
GEN-01045,Packed,2026-08-07T09:01:09Z
GEN-01045,Inspected,2026-08-07T09:41:56Z
GEN-01045,Shipped,2026-08-07T11:56:06Z
GEN-01045,Delivered,2026-08-07T14:53:55Z
GEN-01046,Order Created,2026-08-10T15:08:16Z
GEN-01046,Payment Received,2026-08-10T15:18:12Z
GEN-01046,Packed,2026-08-11T06:42:15Z
GEN-01046,Inspected,2026-08-11T07:21:21Z
GEN-01046,Packed,2026-08-11T08:31:16Z
GEN-01046,Inspected,2026-08-11T09:26:51Z
GEN-01046,Shipped,2026-08-11T11:29:45Z
GEN-01046,Delivered,2026-08-11T13:30:46Z
GEN-01047,Order Created,2026-08-13T11:57:44Z
GEN-01047,Payment Attempt,2026-08-13T12:09:57Z
GEN-01047,Payment Attempt,2026-08-13T12:13:37Z
GEN-01047,Payment Received,2026-08-13T12:28:56Z
GEN-01047,Packed,2026-08-14T00:25:13Z
GEN-01047,Inspected,2026-08-14T01:23:52Z
GEN-01047,Shipped,2026-08-14T03:36:14Z
GEN-01047,Delivered,2026-08-14T06:49:33Z
GEN-01048,Order Created,2026-08-10T10:58:42Z
GEN-01048,Payment Received,2026-08-10T11:17:00Z
GEN-01048,Packed,2026-08-10T16:23:45Z
GEN-01048,Inspected,2026-08-10T17:04:08Z
GEN-01048,Packed,2026-08-10T18:42:25Z
GEN-01048,Inspected,2026-08-10T19:26:03Z
GEN-01048,Packed,2026-08-10T20:33:50Z
GEN-01048,Inspected,2026-08-10T21:15:52Z
GEN-01048,Shipped,2026-08-10T23:12:44Z
GEN-01048,Delivered,2026-08-11T01:00:25Z
GEN-01049,Order Created,2026-08-03T18:30:41Z
GEN-01049,Payment Received,2026-08-03T18:50:16Z
GEN-01049,Packed,2026-08-03T21:54:02Z
GEN-01049,Inspected,2026-08-03T22:46:57Z
GEN-01049,Shipped,2026-08-04T01:32:47Z
GEN-01049,Delivered,2026-08-04T07:05:23Z
GEN-01050,Order Created,2026-08-07T10:51:30Z
GEN-01050,Payment Received,2026-08-07T10:55:58Z
GEN-01050,Packed,2026-08-07T16:57:42Z
GEN-01050,Inspected,2026-08-07T17:45:54Z
GEN-01050,Shipped,2026-08-07T20:15:00Z
GEN-01050,Delivered,2026-08-07T22:58:57Z
GEN-01051,Order Created,2026-08-13T14:05:05Z
GEN-01051,Payment Received,2026-08-13T14:12:55Z
GEN-01051,Packed,2026-08-13T19:33:12Z
GEN-01051,Inspected,2026-08-13T20:19:30Z
GEN-01051,Shipped,2026-08-13T21:59:52Z
GEN-01051,Delivered,2026-08-14T00:48:34Z
GEN-01052,Order Created,2026-08-10T19:40:46Z
GEN-01052,Payment Received,2026-08-10T20:00:18Z
GEN-01052,Packed,2026-08-11T00:32:54Z
GEN-01052,Inspected,2026-08-11T01:26:09Z
GEN-01052,Shipped,2026-08-11T04:09:47Z
GEN-01052,Delivered,2026-08-11T08:57:36Z
GEN-01053,Order Created,2026-08-05T16:16:24Z
GEN-01053,Payment Received,2026-08-05T16:24:21Z
GEN-01053,Packed,2026-08-05T21:11:22Z
GEN-01053,Inspected,2026-08-05T21:47:26Z
GEN-01053,Packed,2026-08-06T00:22:19Z
GEN-01053,Inspected,2026-08-06T00:51:26Z
GEN-01053,Packed,2026-08-06T03:37:51Z
GEN-01053,Inspected,2026-08-06T04:14:22Z
GEN-01053,Shipped,2026-08-06T05:15:32Z
GEN-01053,Delivered,2026-08-06T11:13:29Z
GEN-01054,Order Created,2026-08-06T16:59:05Z
GEN-01054,Payment Received,2026-08-06T17:16:44Z
GEN-01054,Packed,2026-08-06T20:28:53Z
GEN-01054,Inspected,2026-08-06T21:27:23Z
GEN-01054,Shipped,2026-08-06T22:34:31Z
GEN-01054,Delivered,2026-08-07T01:28:47Z
GEN-01055,Order Created,2026-08-15T11:57:24Z
GEN-01055,Payment Received,2026-08-15T12:11:03Z
GEN-01055,Packed,2026-08-15T15:24:19Z
GEN-01055,Inspected,2026-08-15T16:17:12Z
GEN-01055,Shipped,2026-08-15T18:19:27Z
GEN-01055,Delivered,2026-08-15T20:51:38Z
GEN-01056,Order Created,2026-08-06T12:45:01Z
GEN-01056,Payment Attempt,2026-08-06T12:49:20Z
GEN-01056,Payment Received,2026-08-06T13:08:32Z
GEN-01056,Packed,2026-08-06T22:30:10Z
GEN-01056,Inspected,2026-08-06T23:06:14Z
GEN-01056,Shipped,2026-08-07T01:08:25Z
GEN-01056,Delivered,2026-08-07T05:43:25Z
GEN-01057,Order Created,2026-08-06T13:04:02Z
GEN-01057,Payment Received,2026-08-06T13:12:53Z
GEN-01057,Packed,2026-08-06T22:07:45Z
GEN-01057,Inspected,2026-08-06T22:45:03Z
GEN-01057,Shipped,2026-08-07T02:33:32Z
GEN-01057,Delivered,2026-08-07T03:54:37Z
GEN-01058,Order Created,2026-08-06T18:34:27Z
GEN-01059,Order Created,2026-08-13T14:17:10Z
GEN-01059,Payment Received,2026-08-13T14:27:19Z
GEN-01059,Packed,2026-08-13T20:15:19Z
GEN-01059,Inspected,2026-08-13T21:11:53Z
GEN-01059,Shipped,2026-08-14T01:08:49Z
GEN-01059,Delivered,2026-08-14T04:44:36Z
GEN-01060,Order Created,2026-08-14T13:31:58Z
GEN-01060,Payment Received,2026-08-14T13:37:57Z
GEN-01060,Packed,2026-08-15T06:22:27Z
GEN-01060,Inspected,2026-08-15T07:09:12Z
GEN-01060,Shipped,2026-08-15T09:04:58Z
GEN-01060,Delivered,2026-08-15T11:31:30Z
GEN-01061,Order Created,2026-08-07T08:32:47Z
GEN-01061,Payment Received,2026-08-07T08:39:55Z
GEN-01061,Packed,2026-08-07T16:00:07Z
GEN-01061,Inspected,2026-08-07T16:22:11Z
GEN-01061,Shipped,2026-08-07T17:44:38Z
GEN-01061,Delivered,2026-08-07T18:51:31Z
GEN-01062,Order Created,2026-08-16T19:12:35Z
GEN-01062,Payment Received,2026-08-16T19:20:31Z
GEN-01062,Packed,2026-08-17T06:20:30Z
GEN-01062,Inspected,2026-08-17T06:41:12Z
GEN-01062,Packed,2026-08-17T09:40:08Z
GEN-01062,Inspected,2026-08-17T10:08:24Z
GEN-01062,Packed,2026-08-17T12:56:05Z
GEN-01062,Inspected,2026-08-17T13:28:03Z
GEN-01062,Shipped,2026-08-17T17:24:45Z
GEN-01062,Delivered,2026-08-17T20:28:39Z
GEN-01063,Order Created,2026-08-03T18:21:14Z
GEN-01063,Payment Received,2026-08-03T18:29:38Z
GEN-01063,Packed,2026-08-03T22:59:42Z
GEN-01063,Inspected,2026-08-03T23:19:43Z
GEN-01063,Shipped,2026-08-04T01:58:34Z
GEN-01063,Delivered,2026-08-04T05:01:56Z
GEN-01064,Order Created,2026-08-03T17:23:32Z
GEN-01064,Payment Received,2026-08-03T17:40:22Z
GEN-01064,Packed,2026-08-03T23:39:24Z
GEN-01064,Inspected,2026-08-04T00:21:40Z
GEN-01064,Shipped,2026-08-04T03:44:35Z
GEN-01064,Delivered,2026-08-04T05:28:54Z
GEN-01065,Order Created,2026-08-10T12:12:53Z
GEN-01065,Payment Received,2026-08-10T12:26:03Z
GEN-01065,Packed,2026-08-10T15:46:20Z
GEN-01065,Inspected,2026-08-10T16:37:06Z
GEN-01065,Shipped,2026-08-10T17:37:27Z
GEN-01065,Delivered,2026-08-10T19:38:40Z
GEN-01066,Order Created,2026-08-04T09:22:33Z
GEN-01066,Payment Received,2026-08-04T09:33:33Z
GEN-01066,Packed,2026-08-04T18:02:38Z
GEN-01066,Inspected,2026-08-04T18:29:05Z
GEN-01066,Shipped,2026-08-04T20:40:57Z
GEN-01066,Delivered,2026-08-04T22:53:41Z
GEN-01067,Order Created,2026-08-06T12:01:12Z
GEN-01067,Payment Received,2026-08-06T12:11:08Z
GEN-01067,Packed,2026-08-06T17:07:10Z
GEN-01067,Inspected,2026-08-06T17:30:25Z
GEN-01067,Shipped,2026-08-06T19:59:35Z
GEN-01067,Delivered,2026-08-07T01:40:56Z
GEN-01068,Order Created,2026-08-11T18:11:01Z
GEN-01068,Payment Received,2026-08-11T18:21:53Z
GEN-01068,Packed,2026-08-11T22:49:44Z
GEN-01068,Inspected,2026-08-11T23:10:48Z
GEN-01068,Shipped,2026-08-12T01:38:02Z
GEN-01068,Delivered,2026-08-12T04:15:50Z
GEN-01069,Order Created,2026-08-07T18:53:03Z
GEN-01069,Payment Received,2026-08-07T19:09:06Z
GEN-01069,Packed,2026-08-08T02:12:59Z
GEN-01069,Inspected,2026-08-08T02:47:09Z
GEN-01069,Shipped,2026-08-08T06:04:08Z
GEN-01069,Delivered,2026-08-08T07:58:11Z
GEN-01070,Order Created,2026-08-10T15:03:27Z
GEN-01070,Payment Received,2026-08-10T15:13:29Z
GEN-01070,Packed,2026-08-10T18:49:38Z
GEN-01071,Order Created,2026-08-06T10:35:35Z
GEN-01071,Payment Attempt,2026-08-06T10:58:03Z
GEN-01071,Payment Attempt,2026-08-06T11:04:11Z
GEN-01071,Payment Received,2026-08-06T11:12:16Z
GEN-01071,Packed,2026-08-06T15:55:55Z
GEN-01071,Inspected,2026-08-06T16:49:11Z
GEN-01071,Shipped,2026-08-06T19:50:55Z
GEN-01071,Delivered,2026-08-06T21:17:37Z
GEN-01072,Order Created,2026-08-12T10:32:26Z
GEN-01072,Payment Received,2026-08-12T10:36:34Z
GEN-01072,Packed,2026-08-12T19:27:00Z
GEN-01072,Inspected,2026-08-12T20:18:46Z
GEN-01072,Shipped,2026-08-12T21:20:33Z
GEN-01072,Delivered,2026-08-12T23:58:45Z
GEN-01073,Order Created,2026-08-11T13:51:02Z
GEN-01073,Payment Received,2026-08-11T13:53:21Z
GEN-01073,Packed,2026-08-11T19:16:14Z
GEN-01073,Inspected,2026-08-11T19:44:38Z
GEN-01073,Shipped,2026-08-11T21:43:52Z
GEN-01073,Delivered,2026-08-12T00:52:37Z
GEN-01074,Order Created,2026-08-10T09:47:51Z
GEN-01074,Payment Received,2026-08-10T09:54:49Z
GEN-01074,Packed,2026-08-10T14:53:18Z
GEN-01074,Inspected,2026-08-10T15:48:53Z
GEN-01074,Shipped,2026-08-10T18:06:10Z
GEN-01074,Delivered,2026-08-10T22:10:01Z
GEN-01075,Order Created,2026-08-09T10:09:33Z
GEN-01075,Payment Received,2026-08-09T10:15:18Z
GEN-01075,Packed,2026-08-09T17:52:27Z
GEN-01075,Inspected,2026-08-09T18:37:35Z
GEN-01075,Shipped,2026-08-09T20:52:46Z
GEN-01075,Delivered,2026-08-09T22:56:21Z
GEN-01076,Order Created,2026-08-14T19:57:46Z
GEN-01076,Payment Received,2026-08-14T20:04:12Z
GEN-01076,Packed,2026-08-15T04:15:24Z
GEN-01076,Inspected,2026-08-15T05:11:07Z
GEN-01076,Shipped,2026-08-15T06:17:05Z
GEN-01076,Delivered,2026-08-15T07:52:47Z
GEN-01077,Order Created,2026-08-14T09:37:19Z
GEN-01077,Payment Received,2026-08-14T09:56:38Z
GEN-01077,Packed,2026-08-14T13:12:59Z
GEN-01078,Order Created,2026-08-12T14:00:33Z
GEN-01078,Payment Attempt,2026-08-12T14:07:47Z
GEN-01078,Payment Received,2026-08-12T14:18:31Z
GEN-01078,Packed,2026-08-12T21:57:48Z
GEN-01078,Inspected,2026-08-12T22:55:32Z
GEN-01078,Packed,2026-08-13T00:26:48Z
GEN-01078,Inspected,2026-08-13T01:24:36Z
GEN-01078,Packed,2026-08-13T03:40:43Z
GEN-01078,Inspected,2026-08-13T04:24:18Z
GEN-01078,Packed,2026-08-13T06:09:51Z
GEN-01078,Inspected,2026-08-13T06:30:49Z
GEN-01078,Shipped,2026-08-13T08:32:15Z
GEN-01078,Delivered,2026-08-13T15:40:18Z
GEN-01079,Order Created,2026-08-13T10:29:53Z
GEN-01079,Payment Received,2026-08-13T10:38:41Z
GEN-01079,Packed,2026-08-13T18:08:54Z
GEN-01079,Inspected,2026-08-13T18:30:03Z
GEN-01079,Shipped,2026-08-13T21:40:33Z
GEN-01079,Delivered,2026-08-14T02:30:16Z
GEN-01080,Order Created,2026-08-08T12:37:54Z
GEN-01080,Payment Received,2026-08-08T12:57:18Z
GEN-01080,Packed,2026-08-08T22:33:37Z
GEN-01080,Inspected,2026-08-08T23:27:43Z
GEN-01080,Shipped,2026-08-09T03:00:39Z
GEN-01080,Delivered,2026-08-09T05:02:41Z
GEN-01081,Order Created,2026-08-10T17:35:59Z
GEN-01081,Payment Received,2026-08-10T17:49:27Z
GEN-01081,Packed,2026-08-10T21:35:24Z
GEN-01082,Order Created,2026-08-03T14:18:06Z
GEN-01082,Payment Received,2026-08-03T14:23:48Z
GEN-01082,Packed,2026-08-03T22:28:42Z
GEN-01082,Inspected,2026-08-03T23:02:29Z
GEN-01082,Packed,2026-08-04T00:21:46Z
GEN-01082,Inspected,2026-08-04T01:02:19Z
GEN-01082,Shipped,2026-08-04T04:40:11Z
GEN-01082,Delivered,2026-08-04T10:05:56Z
GEN-01083,Order Created,2026-08-04T15:59:45Z
GEN-01083,Payment Attempt,2026-08-04T16:17:39Z
GEN-01083,Payment Received,2026-08-04T16:31:39Z
GEN-01083,Packed,2026-08-05T01:33:30Z
GEN-01083,Inspected,2026-08-05T02:33:23Z
GEN-01083,Shipped,2026-08-05T05:14:52Z
GEN-01083,Delivered,2026-08-05T09:44:47Z
GEN-01084,Order Created,2026-08-04T16:18:05Z
GEN-01084,Payment Received,2026-08-04T16:23:43Z
GEN-01084,Packed,2026-08-04T22:13:58Z
GEN-01084,Inspected,2026-08-04T23:04:51Z
GEN-01084,Packed,2026-08-05T02:01:54Z
GEN-01084,Inspected,2026-08-05T02:51:08Z
GEN-01084,Shipped,2026-08-05T06:05:51Z
GEN-01084,Delivered,2026-08-05T10:05:34Z
GEN-01085,Order Created,2026-08-14T16:09:57Z
GEN-01085,Payment Received,2026-08-14T16:19:17Z
GEN-01085,Packed,2026-08-15T03:05:33Z
GEN-01085,Inspected,2026-08-15T03:35:32Z
GEN-01085,Packed,2026-08-15T05:33:38Z
GEN-01085,Inspected,2026-08-15T06:00:59Z
GEN-01085,Shipped,2026-08-15T08:48:20Z
GEN-01085,Delivered,2026-08-15T10:36:04Z
GEN-01086,Order Created,2026-08-04T12:41:06Z
GEN-01086,Payment Received,2026-08-04T12:54:42Z
GEN-01086,Packed,2026-08-05T00:40:58Z
GEN-01086,Inspected,2026-08-05T01:11:09Z
GEN-01086,Shipped,2026-08-05T05:00:35Z
GEN-01086,Delivered,2026-08-05T08:15:38Z
GEN-01087,Order Created,2026-08-16T19:25:36Z
GEN-01087,Payment Attempt,2026-08-16T19:47:28Z
GEN-01087,Payment Received,2026-08-16T19:59:24Z
GEN-01087,Packed,2026-08-16T23:17:31Z
GEN-01087,Inspected,2026-08-17T00:09:31Z
GEN-01087,Shipped,2026-08-17T02:47:54Z
GEN-01087,Delivered,2026-08-17T07:00:38Z
GEN-01088,Order Created,2026-08-03T14:26:16Z
GEN-01088,Payment Received,2026-08-03T14:39:04Z
GEN-01088,Packed,2026-08-04T00:15:38Z
GEN-01088,Inspected,2026-08-04T01:10:59Z
GEN-01088,Shipped,2026-08-04T03:15:26Z
GEN-01088,Delivered,2026-08-04T07:15:11Z
GEN-01089,Order Created,2026-08-07T08:40:29Z
GEN-01089,Payment Received,2026-08-07T08:54:39Z
GEN-01089,Packed,2026-08-07T15:35:31Z
GEN-01089,Inspected,2026-08-07T16:13:17Z
GEN-01089,Shipped,2026-08-07T17:20:01Z
GEN-01089,Delivered,2026-08-07T19:23:09Z
GEN-01090,Order Created,2026-08-15T15:06:14Z
GEN-01090,Payment Attempt,2026-08-15T15:14:56Z
GEN-01090,Payment Attempt,2026-08-15T15:23:10Z
GEN-01090,Payment Received,2026-08-15T15:30:31Z
GEN-01090,Packed,2026-08-15T22:35:50Z
GEN-01090,Inspected,2026-08-15T23:35:33Z
GEN-01090,Shipped,2026-08-16T02:45:30Z
GEN-01091,Order Created,2026-08-10T10:00:57Z
GEN-01091,Payment Received,2026-08-10T10:06:19Z
GEN-01091,Packed,2026-08-10T13:51:10Z
GEN-01091,Inspected,2026-08-10T14:36:34Z
GEN-01091,Shipped,2026-08-10T16:56:01Z
GEN-01091,Delivered,2026-08-10T20:57:54Z
GEN-01092,Order Created,2026-08-08T15:59:17Z
GEN-01092,Payment Received,2026-08-08T16:07:29Z
GEN-01092,Packed,2026-08-09T01:47:49Z
GEN-01092,Inspected,2026-08-09T02:35:55Z
GEN-01092,Shipped,2026-08-09T04:11:03Z
GEN-01093,Order Created,2026-08-06T12:31:00Z
GEN-01093,Payment Attempt,2026-08-06T12:52:28Z
GEN-01093,Payment Received,2026-08-06T13:06:55Z
GEN-01093,Packed,2026-08-06T16:49:03Z
GEN-01093,Inspected,2026-08-06T17:36:31Z
GEN-01093,Shipped,2026-08-06T21:12:11Z
GEN-01093,Delivered,2026-08-07T01:25:32Z
GEN-01094,Order Created,2026-08-11T16:34:31Z
GEN-01094,Payment Received,2026-08-11T16:46:08Z
GEN-01094,Packed,2026-08-12T01:41:32Z
GEN-01094,Inspected,2026-08-12T02:15:44Z
GEN-01094,Shipped,2026-08-12T04:58:04Z
GEN-01094,Delivered,2026-08-12T07:57:46Z
GEN-01095,Order Created,2026-08-11T16:29:11Z
GEN-01095,Payment Received,2026-08-11T16:39:40Z
GEN-01095,Packed,2026-08-12T05:39:45Z
GEN-01095,Inspected,2026-08-12T06:20:48Z
GEN-01095,Packed,2026-08-12T08:39:23Z
GEN-01095,Inspected,2026-08-12T09:38:30Z
GEN-01095,Shipped,2026-08-12T12:00:06Z
GEN-01095,Delivered,2026-08-12T15:00:57Z
GEN-01096,Order Created,2026-08-03T13:14:24Z
GEN-01096,Payment Received,2026-08-03T13:31:55Z
GEN-01096,Packed,2026-08-04T00:26:33Z
GEN-01096,Inspected,2026-08-04T00:58:25Z
GEN-01096,Shipped,2026-08-04T04:17:48Z
GEN-01097,Order Created,2026-08-04T18:56:17Z
GEN-01097,Payment Received,2026-08-04T19:00:53Z
GEN-01097,Packed,2026-08-04T22:31:49Z
GEN-01097,Inspected,2026-08-04T23:12:21Z
GEN-01097,Shipped,2026-08-05T03:05:27Z
GEN-01097,Delivered,2026-08-05T06:15:00Z
GEN-01098,Order Created,2026-08-04T11:53:42Z
GEN-01098,Payment Received,2026-08-04T12:07:28Z
GEN-01098,Packed,2026-08-04T22:05:01Z
GEN-01098,Inspected,2026-08-04T22:47:02Z
GEN-01098,Shipped,2026-08-05T02:25:20Z
GEN-01098,Delivered,2026-08-05T07:14:06Z
GEN-01099,Order Created,2026-08-05T14:12:55Z
GEN-01099,Payment Received,2026-08-05T14:21:03Z
GEN-01099,Packed,2026-08-06T05:43:43Z
GEN-01099,Inspected,2026-08-06T06:16:38Z
GEN-01099,Shipped,2026-08-06T07:44:33Z
GEN-01099,Delivered,2026-08-06T09:44:32Z
GEN-01100,Order Created,2026-08-10T11:27:50Z
GEN-01100,Payment Received,2026-08-10T11:33:57Z
GEN-01100,Packed,2026-08-10T16:12:53Z
GEN-01100,Inspected,2026-08-10T16:59:13Z
GEN-01100,Packed,2026-08-10T18:55:48Z
GEN-01100,Inspected,2026-08-10T19:35:08Z
GEN-01100,Shipped,2026-08-10T21:27:31Z
GEN-01100,Delivered,2026-08-11T00:22:04Z
GEN-01101,Order Created,2026-08-05T18:50:57Z
GEN-01101,Payment Received,2026-08-05T18:56:57Z
GEN-01101,Packed,2026-08-06T00:20:02Z
GEN-01101,Inspected,2026-08-06T01:16:52Z
GEN-01101,Shipped,2026-08-06T04:37:39Z
GEN-01101,Delivered,2026-08-06T07:38:56Z
GEN-01102,Order Created,2026-08-13T09:19:25Z
GEN-01102,Payment Received,2026-08-13T09:24:30Z
GEN-01102,Packed,2026-08-13T14:55:45Z
GEN-01102,Inspected,2026-08-13T15:41:29Z
GEN-01102,Shipped,2026-08-13T17:30:23Z
GEN-01102,Delivered,2026-08-13T21:05:53Z
GEN-01103,Order Created,2026-08-04T14:15:43Z
GEN-01103,Payment Received,2026-08-04T14:28:11Z
GEN-01103,Packed,2026-08-05T03:07:03Z
GEN-01103,Inspected,2026-08-05T03:34:52Z
GEN-01103,Shipped,2026-08-05T06:26:54Z
GEN-01103,Delivered,2026-08-05T08:38:45Z
GEN-01104,Order Created,2026-08-04T18:08:29Z
GEN-01104,Payment Received,2026-08-04T18:17:13Z
GEN-01104,Packed,2026-08-05T02:21:45Z
GEN-01104,Inspected,2026-08-05T03:20:40Z
GEN-01104,Shipped,2026-08-05T05:56:42Z
GEN-01104,Delivered,2026-08-05T08:14:34Z
GEN-01105,Order Created,2026-08-04T19:44:55Z
GEN-01105,Payment Attempt,2026-08-04T19:55:12Z
GEN-01105,Payment Received,2026-08-04T20:08:43Z
GEN-01105,Packed,2026-08-04T23:09:10Z
GEN-01105,Inspected,2026-08-04T23:43:57Z
GEN-01105,Packed,2026-08-05T02:03:36Z
GEN-01105,Inspected,2026-08-05T02:33:58Z
GEN-01105,Shipped,2026-08-05T05:32:11Z
GEN-01105,Delivered,2026-08-05T08:19:19Z
GEN-01106,Order Created,2026-08-09T16:29:33Z
GEN-01106,Payment Received,2026-08-09T16:36:33Z
GEN-01106,Packed,2026-08-10T03:12:20Z
GEN-01106,Inspected,2026-08-10T04:01:10Z
GEN-01106,Shipped,2026-08-10T05:26:47Z
GEN-01106,Delivered,2026-08-10T08:38:07Z
GEN-01107,Order Created,2026-08-13T12:44:11Z
GEN-01107,Payment Received,2026-08-13T12:48:53Z
GEN-01107,Packed,2026-08-13T20:57:56Z
GEN-01107,Inspected,2026-08-13T21:57:54Z
GEN-01107,Packed,2026-08-13T23:47:59Z
GEN-01107,Inspected,2026-08-14T00:10:19Z
GEN-01107,Shipped,2026-08-14T03:20:12Z
GEN-01107,Delivered,2026-08-14T10:35:20Z
GEN-01108,Order Created,2026-08-10T14:49:42Z
GEN-01108,Payment Received,2026-08-10T14:58:49Z
GEN-01108,Packed,2026-08-10T19:59:06Z
GEN-01108,Inspected,2026-08-10T20:55:37Z
GEN-01108,Shipped,2026-08-10T22:06:53Z
GEN-01108,Delivered,2026-08-11T01:23:55Z
GEN-01109,Order Created,2026-08-05T13:04:33Z
GEN-01109,Payment Received,2026-08-05T13:09:18Z
GEN-01109,Packed,2026-08-06T00:59:17Z
GEN-01109,Inspected,2026-08-06T01:43:27Z
GEN-01109,Shipped,2026-08-06T03:26:21Z
GEN-01109,Delivered,2026-08-06T05:06:51Z
GEN-01110,Order Created,2026-08-07T19:10:28Z
GEN-01110,Payment Received,2026-08-07T19:16:25Z
GEN-01110,Packed,2026-08-07T23:43:19Z
GEN-01110,Inspected,2026-08-08T00:03:23Z
GEN-01110,Shipped,2026-08-08T01:47:52Z
GEN-01110,Delivered,2026-08-08T04:25:37Z
GEN-01111,Order Created,2026-08-12T14:59:50Z
GEN-01111,Payment Attempt,2026-08-12T15:08:27Z
GEN-01111,Payment Received,2026-08-12T15:19:41Z
GEN-01111,Packed,2026-08-12T22:35:07Z
GEN-01111,Inspected,2026-08-12T23:22:53Z
GEN-01111,Shipped,2026-08-13T01:08:31Z
GEN-01111,Delivered,2026-08-13T03:17:02Z
GEN-01112,Order Created,2026-08-06T08:55:05Z
GEN-01112,Payment Received,2026-08-06T09:00:01Z
GEN-01112,Packed,2026-08-06T10:41:08Z
GEN-01112,Inspected,2026-08-06T11:05:36Z
GEN-01112,Shipped,2026-08-06T13:33:50Z
GEN-01112,Delivered,2026-08-06T15:31:00Z
GEN-01113,Order Created,2026-08-14T09:43:53Z
GEN-01113,Payment Received,2026-08-14T09:46:40Z
GEN-01113,Packed,2026-08-14T20:33:29Z
GEN-01113,Inspected,2026-08-14T20:57:21Z
GEN-01113,Shipped,2026-08-14T23:16:17Z
GEN-01113,Delivered,2026-08-15T04:31:08Z
GEN-01114,Order Created,2026-08-10T15:57:16Z
GEN-01114,Payment Received,2026-08-10T16:09:06Z
GEN-01114,Packed,2026-08-10T21:18:24Z
GEN-01114,Inspected,2026-08-10T21:39:22Z
GEN-01114,Shipped,2026-08-10T23:06:10Z
GEN-01114,Delivered,2026-08-11T00:24:58Z
GEN-01115,Order Created,2026-08-12T15:32:47Z
GEN-01115,Payment Received,2026-08-12T15:51:47Z
GEN-01115,Packed,2026-08-12T22:09:58Z
GEN-01115,Inspected,2026-08-12T22:59:57Z
GEN-01115,Shipped,2026-08-13T01:08:32Z
GEN-01115,Delivered,2026-08-13T06:53:31Z
GEN-01116,Order Created,2026-08-06T12:14:45Z
GEN-01116,Payment Received,2026-08-06T12:22:37Z
GEN-01116,Packed,2026-08-06T17:39:32Z
GEN-01116,Inspected,2026-08-06T18:20:22Z
GEN-01116,Packed,2026-08-06T19:50:05Z
GEN-01116,Inspected,2026-08-06T20:32:38Z
GEN-01116,Shipped,2026-08-07T00:26:25Z
GEN-01116,Delivered,2026-08-07T04:50:22Z
GEN-01117,Order Created,2026-08-10T17:47:54Z
GEN-01117,Payment Received,2026-08-10T17:50:24Z
GEN-01117,Packed,2026-08-11T01:23:32Z
GEN-01117,Inspected,2026-08-11T01:49:04Z
GEN-01117,Packed,2026-08-11T02:56:52Z
GEN-01117,Inspected,2026-08-11T03:50:47Z
GEN-01117,Shipped,2026-08-11T07:15:35Z
GEN-01117,Delivered,2026-08-11T09:42:48Z
GEN-01118,Order Created,2026-08-14T15:59:38Z
GEN-01118,Payment Attempt,2026-08-14T16:14:55Z
GEN-01118,Payment Received,2026-08-14T16:19:18Z
GEN-01118,Packed,2026-08-15T00:04:53Z
GEN-01118,Inspected,2026-08-15T00:58:51Z
GEN-01118,Shipped,2026-08-15T02:13:03Z
GEN-01118,Delivered,2026-08-15T04:50:21Z
GEN-01119,Order Created,2026-08-12T15:03:25Z
GEN-01119,Payment Received,2026-08-12T15:17:57Z
GEN-01119,Packed,2026-08-12T18:24:58Z
GEN-01119,Inspected,2026-08-12T19:00:23Z
GEN-01119,Packed,2026-08-12T21:20:45Z
GEN-01119,Inspected,2026-08-12T22:14:50Z
GEN-01119,Shipped,2026-08-13T00:22:42Z
GEN-01119,Delivered,2026-08-13T03:55:36Z
GEN-01120,Order Created,2026-08-03T18:36:41Z
GEN-01120,Payment Attempt,2026-08-03T18:41:17Z
GEN-01120,Payment Received,2026-08-03T18:56:23Z
GEN-01120,Packed,2026-08-04T01:04:02Z
GEN-01120,Inspected,2026-08-04T01:46:08Z
GEN-01120,Packed,2026-08-04T04:30:34Z
GEN-01120,Inspected,2026-08-04T05:05:13Z
GEN-01120,Shipped,2026-08-04T07:18:08Z
GEN-01120,Delivered,2026-08-04T10:08:18Z
GEN-01121,Order Created,2026-08-11T14:58:18Z
GEN-01121,Payment Received,2026-08-11T15:14:43Z
GEN-01121,Packed,2026-08-11T18:17:49Z
GEN-01121,Inspected,2026-08-11T18:54:57Z
GEN-01121,Shipped,2026-08-11T21:50:16Z
GEN-01121,Delivered,2026-08-12T00:51:19Z
GEN-01122,Order Created,2026-08-10T15:20:55Z
GEN-01122,Payment Received,2026-08-10T15:36:56Z
GEN-01122,Packed,2026-08-10T21:33:49Z
GEN-01122,Inspected,2026-08-10T21:56:50Z
GEN-01122,Shipped,2026-08-11T00:52:20Z
GEN-01122,Delivered,2026-08-11T07:14:31Z
GEN-01123,Order Created,2026-08-05T19:00:20Z
GEN-01124,Order Created,2026-08-11T14:18:55Z
GEN-01124,Payment Received,2026-08-11T14:27:40Z
GEN-01124,Packed,2026-08-12T01:09:07Z
GEN-01124,Inspected,2026-08-12T01:54:15Z
GEN-01124,Shipped,2026-08-12T05:45:20Z
GEN-01124,Delivered,2026-08-12T08:16:13Z
GEN-01125,Order Created,2026-08-03T17:18:27Z
GEN-01125,Payment Received,2026-08-03T17:21:02Z
GEN-01125,Packed,2026-08-03T21:53:51Z
GEN-01125,Inspected,2026-08-03T22:21:49Z
GEN-01125,Shipped,2026-08-04T01:17:41Z
GEN-01125,Delivered,2026-08-04T03:33:35Z
GEN-01126,Order Created,2026-08-13T09:32:43Z
GEN-01126,Payment Received,2026-08-13T09:39:32Z
GEN-01126,Packed,2026-08-14T12:09:07Z
GEN-01126,Inspected,2026-08-14T12:38:47Z
GEN-01126,Shipped,2026-08-14T14:33:53Z
GEN-01126,Delivered,2026-08-14T16:56:59Z
GEN-01127,Order Created,2026-08-07T09:02:25Z
GEN-01127,Payment Attempt,2026-08-07T09:07:36Z
GEN-01127,Payment Received,2026-08-07T09:17:30Z
GEN-01127,Packed,2026-08-07T11:43:20Z
GEN-01127,Inspected,2026-08-07T12:32:35Z
GEN-01127,Shipped,2026-08-07T15:08:43Z
GEN-01127,Delivered,2026-08-07T17:28:49Z
GEN-01128,Order Created,2026-08-07T13:02:37Z
GEN-01128,Payment Received,2026-08-07T13:13:23Z
GEN-01128,Packed,2026-08-07T17:04:23Z
GEN-01128,Inspected,2026-08-07T17:35:22Z
GEN-01128,Shipped,2026-08-07T20:23:13Z
GEN-01128,Delivered,2026-08-08T00:14:14Z
GEN-01129,Order Created,2026-08-16T08:49:43Z
GEN-01129,Payment Received,2026-08-16T08:55:50Z
GEN-01129,Packed,2026-08-16T11:21:59Z
GEN-01129,Inspected,2026-08-16T12:17:29Z
GEN-01129,Shipped,2026-08-16T15:20:56Z
GEN-01129,Delivered,2026-08-16T18:42:01Z
GEN-01130,Order Created,2026-08-14T14:17:03Z
GEN-01130,Payment Received,2026-08-14T14:33:36Z
GEN-01130,Packed,2026-08-14T21:19:41Z
GEN-01130,Inspected,2026-08-14T21:57:24Z
GEN-01130,Shipped,2026-08-14T23:09:30Z
GEN-01130,Delivered,2026-08-15T01:34:20Z
GEN-01131,Order Created,2026-08-14T12:20:24Z
GEN-01131,Payment Attempt,2026-08-14T12:29:14Z
GEN-01131,Payment Attempt,2026-08-14T12:49:26Z
GEN-01131,Payment Received,2026-08-14T12:56:44Z
GEN-01131,Packed,2026-08-14T18:32:06Z
GEN-01131,Inspected,2026-08-14T19:19:40Z
GEN-01131,Shipped,2026-08-14T23:11:12Z
GEN-01131,Delivered,2026-08-15T02:04:51Z
GEN-01132,Order Created,2026-08-16T12:04:08Z
GEN-01132,Payment Attempt,2026-08-16T12:24:24Z
GEN-01132,Payment Received,2026-08-16T12:26:30Z
GEN-01132,Packed,2026-08-16T19:11:09Z
GEN-01132,Inspected,2026-08-16T19:47:28Z
GEN-01132,Shipped,2026-08-16T20:55:33Z
GEN-01132,Delivered,2026-08-16T22:38:02Z
GEN-01133,Order Created,2026-08-03T11:57:31Z
GEN-01133,Payment Received,2026-08-03T12:13:03Z
GEN-01133,Packed,2026-08-03T18:17:47Z
GEN-01133,Inspected,2026-08-03T19:12:29Z
GEN-01133,Packed,2026-08-03T21:14:56Z
GEN-01133,Inspected,2026-08-03T21:46:42Z
GEN-01133,Shipped,2026-08-04T00:21:09Z
GEN-01133,Delivered,2026-08-04T02:26:21Z
GEN-01134,Order Created,2026-08-12T11:26:03Z
GEN-01134,Payment Received,2026-08-12T11:31:23Z
GEN-01134,Packed,2026-08-12T19:35:01Z
GEN-01134,Inspected,2026-08-12T20:17:45Z
GEN-01134,Shipped,2026-08-12T21:31:50Z
GEN-01134,Delivered,2026-08-13T02:35:05Z
GEN-01135,Order Created,2026-08-16T15:32:50Z
GEN-01135,Payment Received,2026-08-16T15:45:30Z
GEN-01135,Packed,2026-08-16T21:47:29Z
GEN-01135,Inspected,2026-08-16T22:35:53Z
GEN-01135,Shipped,2026-08-17T01:39:00Z
GEN-01136,Order Created,2026-08-05T10:19:53Z
GEN-01136,Payment Attempt,2026-08-05T10:32:08Z
GEN-01136,Payment Received,2026-08-05T10:43:23Z
GEN-01136,Packed,2026-08-05T12:45:01Z
GEN-01136,Inspected,2026-08-05T13:14:58Z
GEN-01136,Packed,2026-08-05T14:18:14Z
GEN-01136,Inspected,2026-08-05T14:58:04Z
GEN-01136,Shipped,2026-08-05T17:37:53Z
GEN-01136,Delivered,2026-08-05T21:05:47Z
GEN-01137,Order Created,2026-08-10T19:01:41Z
GEN-01137,Payment Attempt,2026-08-10T19:25:56Z
GEN-01137,Payment Received,2026-08-10T19:36:44Z
GEN-01137,Packed,2026-08-11T03:29:25Z
GEN-01137,Inspected,2026-08-11T04:26:31Z
GEN-01137,Shipped,2026-08-11T06:37:14Z
GEN-01137,Delivered,2026-08-11T07:39:42Z
GEN-01138,Order Created,2026-08-08T19:00:01Z
GEN-01138,Payment Attempt,2026-08-08T19:13:51Z
GEN-01138,Payment Attempt,2026-08-08T19:19:23Z
GEN-01138,Payment Received,2026-08-08T19:36:04Z
GEN-01138,Packed,2026-08-09T10:09:11Z
GEN-01138,Inspected,2026-08-09T11:06:57Z
GEN-01138,Packed,2026-08-09T12:45:37Z
GEN-01138,Inspected,2026-08-09T13:22:23Z
GEN-01138,Shipped,2026-08-09T14:26:01Z
GEN-01138,Delivered,2026-08-09T16:40:07Z
GEN-01139,Order Created,2026-08-12T18:54:46Z
GEN-01139,Payment Attempt,2026-08-12T19:17:27Z
GEN-01139,Payment Received,2026-08-12T19:24:06Z
GEN-01139,Packed,2026-08-12T22:58:41Z
GEN-01139,Inspected,2026-08-12T23:58:01Z
GEN-01139,Shipped,2026-08-13T03:42:00Z
GEN-01139,Delivered,2026-08-13T05:20:32Z
GEN-01140,Order Created,2026-08-03T08:03:57Z
GEN-01140,Payment Received,2026-08-03T08:09:17Z
GEN-01140,Packed,2026-08-03T11:47:58Z
GEN-01140,Inspected,2026-08-03T12:21:42Z
GEN-01140,Shipped,2026-08-03T14:33:01Z
GEN-01140,Delivered,2026-08-03T16:19:01Z
GEN-01141,Order Created,2026-08-14T12:05:47Z
GEN-01141,Payment Attempt,2026-08-14T12:20:33Z
GEN-01141,Payment Received,2026-08-14T12:34:08Z
GEN-01141,Packed,2026-08-14T23:09:54Z
GEN-01141,Inspected,2026-08-14T23:54:06Z
GEN-01141,Shipped,2026-08-15T03:01:26Z
GEN-01141,Delivered,2026-08-15T06:48:48Z
GEN-01142,Order Created,2026-08-05T13:33:55Z
GEN-01142,Payment Received,2026-08-05T13:49:31Z
GEN-01142,Packed,2026-08-06T00:05:35Z
GEN-01142,Inspected,2026-08-06T00:56:27Z
GEN-01142,Shipped,2026-08-06T03:09:14Z
GEN-01142,Delivered,2026-08-06T07:11:42Z
GEN-01143,Order Created,2026-08-14T18:55:43Z
GEN-01143,Payment Received,2026-08-14T19:14:54Z
GEN-01143,Packed,2026-08-15T01:39:01Z
GEN-01143,Inspected,2026-08-15T02:10:25Z
GEN-01143,Shipped,2026-08-15T03:45:28Z
GEN-01143,Delivered,2026-08-15T07:17:32Z
GEN-01144,Order Created,2026-08-11T15:24:16Z
GEN-01144,Payment Received,2026-08-11T15:27:41Z
GEN-01144,Packed,2026-08-12T01:40:33Z
GEN-01144,Inspected,2026-08-12T02:33:30Z
GEN-01144,Packed,2026-08-12T04:07:35Z
GEN-01144,Inspected,2026-08-12T04:52:48Z
GEN-01144,Packed,2026-08-12T07:39:32Z
GEN-01144,Inspected,2026-08-12T08:24:03Z
GEN-01144,Packed,2026-08-12T09:28:19Z
GEN-01144,Inspected,2026-08-12T10:06:12Z
GEN-01144,Shipped,2026-08-12T12:47:23Z
GEN-01144,Delivered,2026-08-12T14:33:31Z
GEN-01145,Order Created,2026-08-03T09:57:47Z
GEN-01145,Payment Received,2026-08-03T10:12:38Z
GEN-01145,Packed,2026-08-03T23:02:27Z
GEN-01145,Inspected,2026-08-03T23:28:23Z
GEN-01145,Packed,2026-08-04T02:02:20Z
GEN-01145,Inspected,2026-08-04T02:47:03Z
GEN-01145,Shipped,2026-08-04T05:17:45Z
GEN-01146,Order Created,2026-08-06T13:22:36Z
GEN-01146,Payment Received,2026-08-06T13:28:56Z
GEN-01146,Packed,2026-08-06T19:39:10Z
GEN-01146,Inspected,2026-08-06T20:32:46Z
GEN-01146,Shipped,2026-08-06T23:28:00Z
GEN-01146,Delivered,2026-08-07T01:15:28Z
GEN-01147,Order Created,2026-08-10T14:02:03Z
GEN-01147,Payment Received,2026-08-10T14:14:46Z
GEN-01147,Packed,2026-08-10T21:20:29Z
GEN-01147,Inspected,2026-08-10T22:14:55Z
GEN-01147,Shipped,2026-08-11T01:50:37Z
GEN-01147,Delivered,2026-08-11T03:35:22Z
GEN-01148,Order Created,2026-08-06T16:56:10Z
GEN-01148,Payment Received,2026-08-06T17:08:20Z
GEN-01148,Packed,2026-08-07T00:04:40Z
GEN-01148,Inspected,2026-08-07T00:56:36Z
GEN-01148,Shipped,2026-08-07T02:07:03Z
GEN-01148,Delivered,2026-08-07T05:07:54Z
GEN-01149,Order Created,2026-08-10T10:48:47Z
GEN-01149,Payment Received,2026-08-10T11:02:34Z
GEN-01149,Packed,2026-08-10T20:54:15Z
GEN-01149,Inspected,2026-08-10T21:29:33Z
GEN-01149,Packed,2026-08-10T23:29:31Z
GEN-01149,Inspected,2026-08-10T23:58:53Z
GEN-01149,Shipped,2026-08-11T02:27:21Z
GEN-01149,Delivered,2026-08-11T03:58:06Z
GEN-01150,Order Created,2026-08-07T19:26:11Z
GEN-01150,Payment Received,2026-08-07T19:36:58Z
GEN-01150,Packed,2026-08-08T01:49:18Z
GEN-01150,Inspected,2026-08-08T02:12:53Z
GEN-01150,Shipped,2026-08-08T04:33:01Z
GEN-01150,Delivered,2026-08-08T06:43:57Z
GEN-01151,Order Created,2026-08-11T08:44:08Z
GEN-01151,Payment Received,2026-08-11T08:54:59Z
GEN-01151,Packed,2026-08-11T22:12:15Z
GEN-01151,Inspected,2026-08-11T22:48:34Z
GEN-01151,Shipped,2026-08-12T02:22:35Z
GEN-01151,Delivered,2026-08-12T03:57:59Z
GEN-01152,Order Created,2026-08-06T10:38:51Z
GEN-01152,Payment Received,2026-08-06T10:44:35Z
GEN-01152,Packed,2026-08-06T12:32:13Z
GEN-01152,Inspected,2026-08-06T12:57:49Z
GEN-01152,Packed,2026-08-06T14:46:33Z
GEN-01152,Inspected,2026-08-06T15:31:13Z
GEN-01152,Packed,2026-08-06T18:30:11Z
GEN-01152,Inspected,2026-08-06T19:29:45Z
GEN-01152,Shipped,2026-08-06T21:45:38Z
GEN-01152,Delivered,2026-08-06T23:56:08Z
GEN-01153,Order Created,2026-08-14T08:37:09Z
GEN-01153,Payment Received,2026-08-14T08:56:04Z
GEN-01153,Packed,2026-08-14T12:22:58Z
GEN-01153,Inspected,2026-08-14T13:03:05Z
GEN-01153,Shipped,2026-08-14T16:41:29Z
GEN-01153,Delivered,2026-08-14T18:07:54Z
GEN-01154,Order Created,2026-08-07T11:19:34Z
GEN-01154,Payment Received,2026-08-07T11:27:08Z
GEN-01154,Packed,2026-08-08T04:09:44Z
GEN-01154,Inspected,2026-08-08T04:59:10Z
GEN-01154,Shipped,2026-08-08T07:03:21Z
GEN-01154,Delivered,2026-08-08T11:24:36Z
GEN-01155,Order Created,2026-08-10T16:02:56Z
GEN-01155,Payment Attempt,2026-08-10T16:18:14Z
GEN-01155,Payment Received,2026-08-10T16:36:23Z
GEN-01155,Packed,2026-08-10T22:58:20Z
GEN-01155,Inspected,2026-08-10T23:40:24Z
GEN-01155,Shipped,2026-08-11T01:23:16Z
GEN-01156,Order Created,2026-08-03T08:37:57Z
GEN-01156,Payment Received,2026-08-03T08:53:50Z
GEN-01156,Packed,2026-08-03T13:16:12Z
GEN-01156,Inspected,2026-08-03T13:53:42Z
GEN-01156,Shipped,2026-08-03T15:58:38Z
GEN-01156,Delivered,2026-08-03T20:57:02Z
GEN-01157,Order Created,2026-08-11T10:03:45Z
GEN-01157,Payment Received,2026-08-11T10:16:48Z
GEN-01157,Packed,2026-08-12T00:12:20Z
GEN-01157,Inspected,2026-08-12T00:59:16Z
GEN-01157,Shipped,2026-08-12T03:44:41Z
GEN-01157,Delivered,2026-08-12T05:02:03Z
GEN-01158,Order Created,2026-08-16T19:12:00Z
GEN-01158,Payment Received,2026-08-16T19:31:31Z
GEN-01158,Packed,2026-08-17T04:00:35Z
GEN-01158,Inspected,2026-08-17T04:56:49Z
GEN-01158,Shipped,2026-08-17T07:10:48Z
GEN-01158,Delivered,2026-08-17T11:56:11Z
GEN-01159,Order Created,2026-08-16T09:47:12Z
GEN-01159,Payment Received,2026-08-16T10:02:43Z
GEN-01159,Packed,2026-08-17T08:27:47Z
GEN-01159,Inspected,2026-08-17T09:09:50Z
GEN-01159,Shipped,2026-08-17T11:10:06Z
GEN-01159,Delivered,2026-08-17T13:42:51Z
GEN-01160,Order Created,2026-08-03T08:54:14Z
GEN-01160,Payment Received,2026-08-03T08:57:13Z
GEN-01160,Packed,2026-08-03T12:22:25Z
GEN-01160,Inspected,2026-08-03T12:52:40Z
GEN-01160,Shipped,2026-08-03T16:47:07Z
GEN-01160,Delivered,2026-08-03T18:51:32Z
GEN-01161,Order Created,2026-08-11T17:29:03Z
GEN-01161,Payment Received,2026-08-11T17:44:26Z
GEN-01161,Packed,2026-08-12T00:52:48Z
GEN-01161,Inspected,2026-08-12T01:37:37Z
GEN-01161,Packed,2026-08-12T03:38:38Z
GEN-01161,Inspected,2026-08-12T04:23:09Z
GEN-01161,Shipped,2026-08-12T06:20:11Z
GEN-01161,Delivered,2026-08-12T08:49:23Z
GEN-01162,Order Created,2026-08-10T17:03:23Z
GEN-01162,Payment Received,2026-08-10T17:14:01Z
GEN-01162,Packed,2026-08-10T21:36:21Z
GEN-01162,Inspected,2026-08-10T22:05:26Z
GEN-01162,Shipped,2026-08-11T01:23:06Z
GEN-01162,Delivered,2026-08-11T04:18:24Z
GEN-01163,Order Created,2026-08-03T15:05:13Z
GEN-01163,Payment Attempt,2026-08-03T15:29:23Z
GEN-01163,Payment Attempt,2026-08-03T15:47:34Z
GEN-01163,Payment Received,2026-08-03T16:00:21Z
GEN-01163,Packed,2026-08-03T19:33:04Z
GEN-01163,Inspected,2026-08-03T20:26:53Z
GEN-01163,Packed,2026-08-03T23:05:15Z
GEN-01163,Inspected,2026-08-04T00:04:09Z
GEN-01163,Shipped,2026-08-04T01:10:23Z
GEN-01163,Delivered,2026-08-04T05:41:52Z
GEN-01164,Order Created,2026-08-16T12:31:59Z
GEN-01164,Payment Received,2026-08-16T12:51:20Z
GEN-01164,Packed,2026-08-16T21:50:27Z
GEN-01164,Inspected,2026-08-16T22:26:11Z
GEN-01164,Shipped,2026-08-17T00:29:00Z
GEN-01164,Delivered,2026-08-17T03:16:54Z
GEN-01165,Order Created,2026-08-12T19:00:04Z
GEN-01165,Payment Received,2026-08-12T19:17:40Z
GEN-01165,Packed,2026-08-13T01:01:52Z
GEN-01165,Inspected,2026-08-13T01:47:03Z
GEN-01165,Shipped,2026-08-13T05:20:09Z
GEN-01165,Delivered,2026-08-13T07:42:22Z
GEN-01166,Order Created,2026-08-04T19:49:53Z
GEN-01166,Payment Attempt,2026-08-04T19:59:00Z
GEN-01166,Payment Attempt,2026-08-04T20:20:02Z
GEN-01166,Payment Received,2026-08-04T20:31:40Z
GEN-01166,Packed,2026-08-05T01:12:05Z
GEN-01166,Inspected,2026-08-05T02:07:05Z
GEN-01166,Shipped,2026-08-05T05:47:49Z
GEN-01166,Delivered,2026-08-05T11:44:49Z
GEN-01167,Order Created,2026-08-13T09:05:42Z
GEN-01167,Payment Received,2026-08-13T09:18:38Z
GEN-01167,Packed,2026-08-13T11:47:51Z
GEN-01167,Inspected,2026-08-13T12:25:39Z
GEN-01167,Shipped,2026-08-13T16:06:49Z
GEN-01168,Order Created,2026-08-06T15:01:02Z
GEN-01168,Payment Received,2026-08-06T15:09:58Z
GEN-01168,Packed,2026-08-07T00:40:07Z
GEN-01168,Inspected,2026-08-07T01:16:59Z
GEN-01168,Shipped,2026-08-07T04:54:21Z
GEN-01168,Delivered,2026-08-07T06:32:47Z
GEN-01169,Order Created,2026-08-13T10:56:24Z
GEN-01169,Payment Received,2026-08-13T11:00:54Z
GEN-01169,Packed,2026-08-13T12:56:40Z
GEN-01169,Inspected,2026-08-13T13:23:57Z
GEN-01169,Shipped,2026-08-13T16:27:29Z
GEN-01169,Delivered,2026-08-13T19:40:26Z
GEN-01170,Order Created,2026-08-07T16:50:38Z
GEN-01170,Payment Attempt,2026-08-07T17:05:37Z
GEN-01170,Payment Received,2026-08-07T17:10:25Z
GEN-01170,Packed,2026-08-08T00:45:20Z
GEN-01170,Inspected,2026-08-08T01:26:58Z
GEN-01170,Packed,2026-08-08T02:56:47Z
GEN-01170,Inspected,2026-08-08T03:37:46Z
GEN-01170,Packed,2026-08-08T05:33:45Z
GEN-01170,Inspected,2026-08-08T06:32:01Z
GEN-01170,Packed,2026-08-08T09:10:20Z
GEN-01170,Inspected,2026-08-08T09:30:34Z
GEN-01170,Shipped,2026-08-08T12:48:26Z
GEN-01170,Delivered,2026-08-08T16:10:50Z
GEN-01171,Order Created,2026-08-08T19:22:04Z
GEN-01171,Payment Attempt,2026-08-08T19:40:12Z
GEN-01171,Payment Received,2026-08-08T19:44:13Z
GEN-01171,Packed,2026-08-09T22:52:46Z
GEN-01171,Inspected,2026-08-09T23:41:05Z
GEN-01171,Shipped,2026-08-10T01:15:35Z
GEN-01171,Delivered,2026-08-10T03:39:50Z
GEN-01172,Order Created,2026-08-11T10:11:57Z
GEN-01172,Payment Attempt,2026-08-11T10:30:06Z
GEN-01172,Payment Received,2026-08-11T10:41:33Z
GEN-01172,Packed,2026-08-11T21:15:57Z
GEN-01172,Inspected,2026-08-11T22:01:40Z
GEN-01172,Shipped,2026-08-12T01:53:58Z
GEN-01172,Delivered,2026-08-12T04:00:30Z
GEN-01173,Order Created,2026-08-04T11:14:10Z
GEN-01173,Payment Received,2026-08-04T11:33:24Z
GEN-01173,Packed,2026-08-04T21:52:32Z
GEN-01173,Inspected,2026-08-04T22:51:19Z
GEN-01173,Shipped,2026-08-05T02:44:59Z
GEN-01173,Delivered,2026-08-05T07:31:01Z
GEN-01174,Order Created,2026-08-03T12:55:32Z
GEN-01174,Payment Received,2026-08-03T13:06:38Z
GEN-01174,Packed,2026-08-03T15:45:26Z
GEN-01174,Inspected,2026-08-03T16:41:56Z
GEN-01174,Shipped,2026-08-03T17:51:43Z
GEN-01174,Delivered,2026-08-03T22:19:35Z
GEN-01175,Order Created,2026-08-07T17:42:35Z
GEN-01175,Payment Received,2026-08-07T17:55:10Z
GEN-01175,Packed,2026-08-08T10:58:18Z
GEN-01175,Inspected,2026-08-08T11:47:45Z
GEN-01175,Shipped,2026-08-08T15:22:44Z
GEN-01175,Delivered,2026-08-08T16:59:02Z
GEN-01176,Order Created,2026-08-03T17:51:10Z
GEN-01176,Payment Received,2026-08-03T18:02:48Z
GEN-01176,Packed,2026-08-03T23:51:40Z
GEN-01176,Inspected,2026-08-04T00:12:12Z
GEN-01176,Shipped,2026-08-04T04:01:31Z
GEN-01176,Delivered,2026-08-04T06:33:41Z
GEN-01177,Order Created,2026-08-04T15:36:47Z
GEN-01177,Payment Received,2026-08-04T15:45:21Z
GEN-01177,Packed,2026-08-04T21:25:20Z
GEN-01177,Inspected,2026-08-04T22:10:26Z
GEN-01177,Shipped,2026-08-05T01:28:08Z
GEN-01177,Delivered,2026-08-05T08:36:59Z
GEN-01178,Order Created,2026-08-12T09:42:41Z
GEN-01178,Payment Received,2026-08-12T09:52:32Z
GEN-01178,Packed,2026-08-12T15:58:06Z
GEN-01178,Inspected,2026-08-12T16:38:58Z
GEN-01178,Shipped,2026-08-12T19:50:45Z
GEN-01178,Delivered,2026-08-13T00:24:04Z
GEN-01179,Order Created,2026-08-14T13:02:51Z
GEN-01179,Payment Received,2026-08-14T13:18:04Z
GEN-01179,Packed,2026-08-14T17:10:45Z
GEN-01179,Inspected,2026-08-14T17:56:46Z
GEN-01179,Shipped,2026-08-14T19:59:55Z
GEN-01179,Delivered,2026-08-14T23:23:26Z
GEN-01180,Order Created,2026-08-13T12:22:56Z
GEN-01180,Payment Received,2026-08-13T12:37:02Z
GEN-01180,Packed,2026-08-13T17:26:50Z
GEN-01180,Inspected,2026-08-13T18:04:07Z
GEN-01180,Shipped,2026-08-13T19:20:15Z
GEN-01180,Delivered,2026-08-14T01:27:01Z
GEN-01181,Order Created,2026-08-06T08:03:37Z
GEN-01181,Payment Received,2026-08-06T08:13:56Z
GEN-01181,Packed,2026-08-06T15:41:28Z
GEN-01181,Inspected,2026-08-06T16:02:54Z
GEN-01181,Shipped,2026-08-06T19:50:50Z
GEN-01181,Delivered,2026-08-06T22:29:01Z
GEN-01182,Order Created,2026-08-13T18:39:29Z
GEN-01182,Payment Received,2026-08-13T18:56:10Z
GEN-01182,Packed,2026-08-14T08:32:00Z
GEN-01182,Inspected,2026-08-14T09:06:49Z
GEN-01182,Shipped,2026-08-14T11:19:36Z
GEN-01182,Delivered,2026-08-14T13:53:18Z
GEN-01183,Order Created,2026-08-11T17:18:37Z
GEN-01183,Payment Received,2026-08-11T17:31:28Z
GEN-01183,Packed,2026-08-11T23:18:43Z
GEN-01183,Inspected,2026-08-12T00:02:11Z
GEN-01183,Shipped,2026-08-12T03:54:13Z
GEN-01183,Delivered,2026-08-12T07:31:21Z
GEN-01184,Order Created,2026-08-03T17:36:08Z
GEN-01184,Payment Received,2026-08-03T17:47:42Z
GEN-01184,Packed,2026-08-04T01:43:44Z
GEN-01184,Inspected,2026-08-04T02:25:21Z
GEN-01184,Shipped,2026-08-04T05:30:49Z
GEN-01184,Delivered,2026-08-04T08:57:03Z
GEN-01185,Order Created,2026-08-11T09:01:41Z
GEN-01185,Payment Received,2026-08-11T09:19:56Z
GEN-01185,Packed,2026-08-11T15:14:55Z
GEN-01185,Inspected,2026-08-11T15:57:59Z
GEN-01185,Shipped,2026-08-11T18:31:22Z
GEN-01185,Delivered,2026-08-11T20:41:59Z
GEN-01186,Order Created,2026-08-04T12:53:37Z
GEN-01186,Payment Received,2026-08-04T13:08:08Z
GEN-01186,Packed,2026-08-04T17:19:11Z
GEN-01186,Inspected,2026-08-04T18:10:22Z
GEN-01186,Shipped,2026-08-04T21:00:27Z
GEN-01186,Delivered,2026-08-04T23:21:14Z
GEN-01187,Order Created,2026-08-14T17:22:27Z
GEN-01187,Payment Received,2026-08-14T17:27:10Z
GEN-01187,Packed,2026-08-14T20:20:32Z
GEN-01187,Inspected,2026-08-14T21:17:47Z
GEN-01187,Shipped,2026-08-15T00:21:43Z
GEN-01187,Delivered,2026-08-15T04:35:51Z
GEN-01188,Order Created,2026-08-11T13:11:51Z
GEN-01188,Payment Received,2026-08-11T13:20:39Z
GEN-01188,Packed,2026-08-11T23:45:22Z
GEN-01188,Inspected,2026-08-12T00:26:50Z
GEN-01188,Shipped,2026-08-12T03:04:38Z
GEN-01188,Delivered,2026-08-12T05:08:05Z
GEN-01189,Order Created,2026-08-09T16:01:58Z
GEN-01189,Payment Received,2026-08-09T16:20:09Z
GEN-01189,Packed,2026-08-10T03:01:56Z
GEN-01189,Inspected,2026-08-10T03:35:34Z
GEN-01189,Shipped,2026-08-10T05:50:21Z
GEN-01189,Delivered,2026-08-10T09:59:59Z
GEN-01190,Order Created,2026-08-13T09:24:29Z
GEN-01190,Payment Attempt,2026-08-13T09:44:00Z
GEN-01190,Payment Received,2026-08-13T09:46:55Z
GEN-01190,Packed,2026-08-13T21:57:18Z
GEN-01190,Inspected,2026-08-13T22:27:37Z
GEN-01190,Shipped,2026-08-13T23:27:41Z
GEN-01190,Delivered,2026-08-14T02:43:55Z
GEN-01191,Order Created,2026-08-06T16:17:12Z
GEN-01191,Payment Received,2026-08-06T16:29:00Z
GEN-01191,Packed,2026-08-06T23:55:06Z
GEN-01191,Inspected,2026-08-07T00:16:24Z
GEN-01191,Shipped,2026-08-07T03:13:15Z
GEN-01191,Delivered,2026-08-07T04:59:02Z
GEN-01192,Order Created,2026-08-16T11:23:55Z
GEN-01192,Payment Received,2026-08-16T11:35:02Z
GEN-01192,Packed,2026-08-17T14:27:33Z
GEN-01192,Inspected,2026-08-17T15:18:53Z
GEN-01192,Shipped,2026-08-17T19:03:06Z
GEN-01192,Delivered,2026-08-18T00:29:50Z
GEN-01193,Order Created,2026-08-10T15:01:54Z
GEN-01193,Payment Received,2026-08-10T15:20:33Z
GEN-01193,Packed,2026-08-10T17:38:25Z
GEN-01193,Inspected,2026-08-10T18:27:58Z
GEN-01193,Packed,2026-08-10T20:25:22Z
GEN-01193,Inspected,2026-08-10T21:05:16Z
GEN-01193,Shipped,2026-08-10T22:45:23Z
GEN-01193,Delivered,2026-08-11T02:53:05Z
GEN-01194,Order Created,2026-08-03T11:25:00Z
GEN-01194,Payment Received,2026-08-03T11:31:28Z
GEN-01194,Packed,2026-08-03T17:47:26Z
GEN-01194,Inspected,2026-08-03T18:10:12Z
GEN-01194,Packed,2026-08-03T20:40:08Z
GEN-01194,Inspected,2026-08-03T21:21:08Z
GEN-01194,Shipped,2026-08-03T22:35:48Z
GEN-01194,Delivered,2026-08-04T02:18:33Z
GEN-01195,Order Created,2026-08-10T18:55:24Z
GEN-01195,Payment Received,2026-08-10T18:59:36Z
GEN-01195,Packed,2026-08-11T00:43:37Z
GEN-01195,Inspected,2026-08-11T01:09:52Z
GEN-01195,Shipped,2026-08-11T02:32:18Z
GEN-01195,Delivered,2026-08-11T05:25:17Z
GEN-01196,Order Created,2026-08-07T11:13:17Z
GEN-01196,Payment Received,2026-08-07T11:20:10Z
GEN-01196,Packed,2026-08-07T14:32:33Z
GEN-01196,Inspected,2026-08-07T15:20:30Z
GEN-01196,Shipped,2026-08-07T19:06:40Z
GEN-01196,Delivered,2026-08-08T01:26:14Z
GEN-01197,Order Created,2026-08-07T15:31:03Z
GEN-01197,Payment Attempt,2026-08-07T15:45:33Z
GEN-01197,Payment Attempt,2026-08-07T16:06:49Z
GEN-01197,Payment Received,2026-08-07T16:15:54Z
GEN-01197,Packed,2026-08-08T02:08:35Z
GEN-01197,Inspected,2026-08-08T03:00:30Z
GEN-01197,Shipped,2026-08-08T05:12:00Z
GEN-01197,Delivered,2026-08-08T08:33:49Z
GEN-01198,Order Created,2026-08-16T12:12:30Z
GEN-01198,Payment Attempt,2026-08-16T12:33:27Z
GEN-01198,Payment Received,2026-08-16T12:40:21Z
GEN-01198,Packed,2026-08-17T00:31:35Z
GEN-01198,Inspected,2026-08-17T01:01:08Z
GEN-01198,Packed,2026-08-17T03:34:24Z
GEN-01198,Inspected,2026-08-17T04:00:50Z
GEN-01198,Packed,2026-08-17T06:21:01Z
GEN-01198,Inspected,2026-08-17T06:45:39Z
GEN-01198,Shipped,2026-08-17T08:59:27Z
GEN-01198,Delivered,2026-08-17T16:00:22Z
GEN-01199,Order Created,2026-08-13T11:39:54Z
GEN-01199,Payment Attempt,2026-08-13T12:03:39Z
GEN-01199,Payment Received,2026-08-13T12:08:40Z
GEN-01199,Packed,2026-08-13T20:57:45Z
GEN-01199,Inspected,2026-08-13T21:38:15Z
GEN-01199,Packed,2026-08-13T23:51:03Z
GEN-01199,Inspected,2026-08-14T00:49:54Z
GEN-01199,Packed,2026-08-14T03:41:53Z
GEN-01199,Inspected,2026-08-14T04:02:31Z
GEN-01199,Shipped,2026-08-14T07:50:48Z
GEN-01199,Delivered,2026-08-14T09:37:32Z
GEN-01200,Order Created,2026-08-12T14:54:34Z
GEN-01200,Payment Received,2026-08-12T15:13:05Z
GEN-01200,Packed,2026-08-12T18:51:25Z
GEN-01200,Inspected,2026-08-12T19:36:52Z
GEN-01200,Shipped,2026-08-12T22:48:43Z
GEN-01200,Delivered,2026-08-13T00:42:42Z
GEN-01201,Order Created,2026-08-13T17:48:57Z
GEN-01201,Payment Received,2026-08-13T17:57:52Z
GEN-01201,Packed,2026-08-14T15:08:50Z
GEN-01201,Inspected,2026-08-14T15:34:01Z
GEN-01201,Shipped,2026-08-14T18:40:13Z
GEN-01201,Delivered,2026-08-14T20:45:43Z
GEN-01202,Order Created,2026-08-13T11:15:18Z
GEN-01202,Payment Received,2026-08-13T11:20:14Z
GEN-01202,Packed,2026-08-13T21:16:46Z
GEN-01203,Order Created,2026-08-12T12:48:35Z
GEN-01203,Payment Received,2026-08-12T13:07:43Z
GEN-01203,Packed,2026-08-12T16:56:37Z
GEN-01203,Inspected,2026-08-12T17:20:29Z
GEN-01203,Shipped,2026-08-12T18:30:57Z
GEN-01203,Delivered,2026-08-12T21:29:46Z
GEN-01204,Order Created,2026-08-03T16:55:22Z
GEN-01204,Payment Received,2026-08-03T17:14:32Z
GEN-01204,Packed,2026-08-04T01:24:07Z
GEN-01204,Inspected,2026-08-04T01:59:03Z
GEN-01204,Shipped,2026-08-04T05:10:47Z
GEN-01204,Delivered,2026-08-04T08:55:39Z
GEN-01205,Order Created,2026-08-03T19:19:10Z
GEN-01205,Payment Attempt,2026-08-03T19:36:47Z
GEN-01205,Payment Attempt,2026-08-03T19:57:03Z
GEN-01205,Payment Received,2026-08-03T20:02:14Z
GEN-01205,Packed,2026-08-04T01:22:21Z
GEN-01205,Inspected,2026-08-04T02:14:46Z
GEN-01205,Shipped,2026-08-04T05:45:23Z
GEN-01205,Delivered,2026-08-04T08:12:51Z
GEN-01206,Order Created,2026-08-15T12:10:23Z
GEN-01206,Payment Received,2026-08-15T12:28:56Z
GEN-01206,Packed,2026-08-16T02:12:17Z
GEN-01206,Inspected,2026-08-16T03:05:36Z
GEN-01206,Shipped,2026-08-16T05:48:12Z
GEN-01206,Delivered,2026-08-16T07:01:43Z
GEN-01207,Order Created,2026-08-07T12:18:40Z
GEN-01207,Payment Received,2026-08-07T12:38:21Z
GEN-01207,Packed,2026-08-07T17:14:52Z
GEN-01207,Inspected,2026-08-07T17:59:44Z
GEN-01207,Packed,2026-08-07T20:20:18Z
GEN-01207,Inspected,2026-08-07T20:41:59Z
GEN-01207,Shipped,2026-08-07T22:48:54Z
GEN-01208,Order Created,2026-08-06T19:49:27Z
GEN-01208,Payment Received,2026-08-06T20:08:37Z
GEN-01208,Packed,2026-08-07T01:33:05Z
GEN-01208,Inspected,2026-08-07T01:54:39Z
GEN-01208,Packed,2026-08-07T04:44:58Z
GEN-01208,Inspected,2026-08-07T05:13:53Z
GEN-01208,Packed,2026-08-07T06:49:53Z
GEN-01208,Inspected,2026-08-07T07:25:44Z
GEN-01208,Shipped,2026-08-07T10:51:08Z
GEN-01208,Delivered,2026-08-07T14:11:18Z
GEN-01209,Order Created,2026-08-14T17:13:05Z
GEN-01209,Payment Received,2026-08-14T17:27:51Z
GEN-01209,Packed,2026-08-15T09:38:48Z
GEN-01209,Inspected,2026-08-15T10:18:16Z
GEN-01209,Packed,2026-08-15T11:29:25Z
GEN-01209,Inspected,2026-08-15T12:25:00Z
GEN-01209,Shipped,2026-08-15T15:20:58Z
GEN-01209,Delivered,2026-08-15T18:25:20Z
GEN-01210,Order Created,2026-08-03T08:26:33Z
GEN-01210,Payment Received,2026-08-03T08:43:12Z
GEN-01210,Packed,2026-08-04T00:44:27Z
GEN-01210,Inspected,2026-08-04T01:43:01Z
GEN-01210,Shipped,2026-08-04T05:42:14Z
GEN-01211,Order Created,2026-08-07T09:45:26Z
GEN-01211,Payment Attempt,2026-08-07T10:09:36Z
GEN-01211,Payment Received,2026-08-07T10:15:47Z
GEN-01211,Packed,2026-08-07T13:07:40Z
GEN-01211,Inspected,2026-08-07T14:03:03Z
GEN-01211,Shipped,2026-08-07T16:07:48Z
GEN-01211,Delivered,2026-08-07T18:37:07Z
GEN-01212,Order Created,2026-08-07T17:16:44Z
GEN-01212,Payment Received,2026-08-07T17:35:41Z
GEN-01212,Packed,2026-08-08T02:58:34Z
GEN-01212,Inspected,2026-08-08T03:39:24Z
GEN-01212,Shipped,2026-08-08T05:59:38Z
GEN-01212,Delivered,2026-08-08T07:59:32Z
GEN-01213,Order Created,2026-08-07T09:45:28Z
GEN-01213,Payment Received,2026-08-07T09:59:53Z
GEN-01213,Packed,2026-08-07T19:27:40Z
GEN-01214,Order Created,2026-08-03T17:20:29Z
GEN-01214,Payment Attempt,2026-08-03T17:40:31Z
GEN-01214,Payment Received,2026-08-03T17:44:17Z
GEN-01214,Packed,2026-08-04T02:04:31Z
GEN-01214,Inspected,2026-08-04T02:51:08Z
GEN-01214,Shipped,2026-08-04T06:30:22Z
GEN-01214,Delivered,2026-08-04T08:07:08Z
GEN-01215,Order Created,2026-08-04T13:11:58Z
GEN-01215,Payment Received,2026-08-04T13:19:28Z
GEN-01215,Packed,2026-08-04T21:42:02Z
GEN-01215,Inspected,2026-08-04T22:02:50Z
GEN-01215,Shipped,2026-08-05T00:25:24Z
GEN-01215,Delivered,2026-08-05T07:29:00Z
GEN-01216,Order Created,2026-08-09T16:26:29Z
GEN-01216,Payment Received,2026-08-09T16:44:37Z
GEN-01216,Packed,2026-08-10T01:59:25Z
GEN-01216,Inspected,2026-08-10T02:24:46Z
GEN-01216,Shipped,2026-08-10T06:01:52Z
GEN-01216,Delivered,2026-08-10T09:34:33Z
GEN-01217,Order Created,2026-08-03T11:46:44Z
GEN-01217,Payment Received,2026-08-03T11:57:38Z
GEN-01217,Packed,2026-08-03T22:33:09Z
GEN-01217,Inspected,2026-08-03T23:08:10Z
GEN-01217,Shipped,2026-08-04T01:55:45Z
GEN-01217,Delivered,2026-08-04T03:42:20Z
GEN-01218,Order Created,2026-08-09T14:25:26Z
GEN-01218,Payment Received,2026-08-09T14:36:02Z
GEN-01218,Packed,2026-08-09T23:31:12Z
GEN-01218,Inspected,2026-08-10T00:03:58Z
GEN-01218,Shipped,2026-08-10T01:30:15Z
GEN-01218,Delivered,2026-08-10T08:25:13Z
GEN-01219,Order Created,2026-08-04T13:39:03Z
GEN-01219,Payment Received,2026-08-04T13:41:05Z
GEN-01219,Packed,2026-08-05T01:21:27Z
GEN-01219,Inspected,2026-08-05T02:14:34Z
GEN-01219,Shipped,2026-08-05T03:45:51Z
GEN-01219,Delivered,2026-08-05T07:15:30Z
GEN-01220,Order Created,2026-08-06T13:54:00Z
GEN-01220,Payment Received,2026-08-06T14:13:51Z
GEN-01220,Packed,2026-08-06T17:25:57Z
GEN-01220,Inspected,2026-08-06T18:25:13Z
GEN-01220,Shipped,2026-08-06T22:19:56Z
GEN-01220,Delivered,2026-08-06T23:40:31Z
GEN-01221,Order Created,2026-08-07T10:19:38Z
GEN-01221,Payment Attempt,2026-08-07T10:29:11Z
GEN-01221,Payment Attempt,2026-08-07T10:47:10Z
GEN-01221,Payment Received,2026-08-07T10:50:25Z
GEN-01221,Packed,2026-08-07T16:03:48Z
GEN-01222,Order Created,2026-08-05T12:34:27Z
GEN-01222,Payment Received,2026-08-05T12:42:50Z
GEN-01222,Packed,2026-08-05T16:05:53Z
GEN-01222,Inspected,2026-08-05T16:41:16Z
GEN-01222,Shipped,2026-08-05T18:18:56Z
GEN-01222,Delivered,2026-08-05T21:56:28Z
GEN-01223,Order Created,2026-08-10T16:50:27Z
GEN-01223,Payment Attempt,2026-08-10T16:59:37Z
GEN-01223,Payment Received,2026-08-10T17:09:45Z
GEN-01223,Packed,2026-08-11T03:43:21Z
GEN-01223,Inspected,2026-08-11T04:16:04Z
GEN-01223,Shipped,2026-08-11T07:13:39Z
GEN-01223,Delivered,2026-08-11T08:36:37Z
GEN-01224,Order Created,2026-08-04T16:20:57Z
GEN-01224,Payment Received,2026-08-04T16:35:48Z
GEN-01224,Packed,2026-08-04T19:52:45Z
GEN-01224,Inspected,2026-08-04T20:44:49Z
GEN-01224,Shipped,2026-08-04T23:44:09Z
GEN-01224,Delivered,2026-08-05T03:03:41Z
GEN-01225,Order Created,2026-08-04T13:58:51Z
GEN-01225,Payment Received,2026-08-04T14:05:49Z
GEN-01225,Packed,2026-08-04T18:57:07Z
GEN-01225,Inspected,2026-08-04T19:52:20Z
GEN-01225,Shipped,2026-08-04T22:18:34Z
GEN-01225,Delivered,2026-08-05T01:56:41Z
GEN-01226,Order Created,2026-08-11T18:42:48Z
GEN-01226,Payment Received,2026-08-11T19:02:30Z
GEN-01226,Packed,2026-08-12T01:09:42Z
GEN-01226,Inspected,2026-08-12T01:53:02Z
GEN-01226,Shipped,2026-08-12T05:25:51Z
GEN-01226,Delivered,2026-08-12T06:39:03Z
GEN-01227,Order Created,2026-08-13T19:56:02Z
GEN-01227,Payment Attempt,2026-08-13T19:59:08Z
GEN-01227,Payment Attempt,2026-08-13T20:22:40Z
GEN-01227,Payment Received,2026-08-13T20:39:41Z
GEN-01227,Packed,2026-08-14T06:35:38Z
GEN-01228,Order Created,2026-08-07T15:08:19Z
GEN-01228,Payment Received,2026-08-07T15:27:36Z
GEN-01228,Packed,2026-08-07T23:21:02Z
GEN-01228,Inspected,2026-08-07T23:59:06Z
GEN-01228,Shipped,2026-08-08T01:05:56Z
GEN-01228,Delivered,2026-08-08T04:24:36Z
GEN-01229,Order Created,2026-08-06T18:10:15Z
GEN-01229,Payment Attempt,2026-08-06T18:21:41Z
GEN-01229,Payment Received,2026-08-06T18:28:02Z
GEN-01229,Packed,2026-08-07T04:03:35Z
GEN-01229,Inspected,2026-08-07T05:03:23Z
GEN-01229,Shipped,2026-08-07T08:21:36Z
GEN-01229,Delivered,2026-08-07T11:38:40Z
GEN-01230,Order Created,2026-08-10T14:51:09Z
GEN-01230,Payment Attempt,2026-08-10T14:59:12Z
GEN-01230,Payment Received,2026-08-10T15:17:51Z
GEN-01230,Packed,2026-08-10T22:09:21Z
GEN-01230,Inspected,2026-08-10T22:56:33Z
GEN-01230,Shipped,2026-08-11T00:07:17Z
GEN-01230,Delivered,2026-08-11T04:08:07Z
GEN-01231,Order Created,2026-08-07T16:12:34Z
GEN-01231,Payment Attempt,2026-08-07T16:26:54Z
GEN-01231,Payment Received,2026-08-07T16:46:16Z
GEN-01231,Packed,2026-08-08T00:51:25Z
GEN-01231,Inspected,2026-08-08T01:40:58Z
GEN-01231,Shipped,2026-08-08T02:50:00Z
GEN-01231,Delivered,2026-08-08T05:01:14Z
GEN-01232,Order Created,2026-08-10T11:42:56Z
GEN-01232,Payment Received,2026-08-10T11:54:34Z
GEN-01232,Packed,2026-08-10T18:40:45Z
GEN-01232,Inspected,2026-08-10T19:21:05Z
GEN-01232,Shipped,2026-08-10T21:48:43Z
GEN-01232,Delivered,2026-08-10T23:25:17Z
GEN-01233,Order Created,2026-08-07T14:25:58Z
GEN-01233,Payment Received,2026-08-07T14:28:45Z
GEN-01233,Packed,2026-08-07T18:17:30Z
GEN-01233,Inspected,2026-08-07T18:44:47Z
GEN-01233,Shipped,2026-08-07T20:09:48Z
GEN-01234,Order Created,2026-08-16T16:11:30Z
GEN-01234,Payment Received,2026-08-16T16:29:22Z
GEN-01234,Packed,2026-08-16T22:09:52Z
GEN-01234,Inspected,2026-08-16T22:52:35Z
GEN-01234,Shipped,2026-08-17T00:45:41Z
GEN-01234,Delivered,2026-08-17T04:26:45Z
GEN-01235,Order Created,2026-08-12T08:17:15Z
GEN-01235,Payment Received,2026-08-12T08:24:50Z
GEN-01235,Packed,2026-08-12T09:57:02Z
GEN-01235,Inspected,2026-08-12T10:41:25Z
GEN-01235,Shipped,2026-08-12T14:37:53Z
GEN-01236,Order Created,2026-08-11T12:51:50Z
GEN-01236,Payment Received,2026-08-11T13:09:57Z
GEN-01236,Packed,2026-08-11T19:31:11Z
GEN-01236,Inspected,2026-08-11T20:03:12Z
GEN-01236,Shipped,2026-08-11T21:14:53Z
GEN-01236,Delivered,2026-08-12T02:16:15Z
GEN-01237,Order Created,2026-08-04T18:03:55Z
GEN-01237,Payment Attempt,2026-08-04T18:17:42Z
GEN-01237,Payment Received,2026-08-04T18:28:13Z
GEN-01237,Packed,2026-08-04T23:29:24Z
GEN-01237,Inspected,2026-08-05T00:15:54Z
GEN-01237,Shipped,2026-08-05T04:12:17Z
GEN-01237,Delivered,2026-08-05T07:06:30Z
GEN-01238,Order Created,2026-08-04T16:39:38Z
GEN-01238,Payment Received,2026-08-04T16:43:50Z
GEN-01238,Packed,2026-08-05T02:42:24Z
GEN-01238,Inspected,2026-08-05T03:34:08Z
GEN-01238,Shipped,2026-08-05T04:53:49Z
GEN-01238,Delivered,2026-08-05T07:25:14Z
GEN-01239,Order Created,2026-08-07T09:14:19Z
GEN-01239,Payment Attempt,2026-08-07T09:37:53Z
GEN-01239,Payment Received,2026-08-07T09:42:11Z
GEN-01239,Packed,2026-08-09T17:02:26Z
GEN-01239,Inspected,2026-08-09T17:40:27Z
GEN-01239,Shipped,2026-08-09T20:55:49Z
GEN-01240,Order Created,2026-08-11T12:37:48Z
GEN-01240,Payment Attempt,2026-08-11T13:00:40Z
GEN-01240,Payment Received,2026-08-11T13:08:53Z
GEN-01240,Packed,2026-08-11T16:30:24Z
GEN-01240,Inspected,2026-08-11T17:09:57Z
GEN-01240,Shipped,2026-08-11T19:14:57Z
GEN-01240,Delivered,2026-08-12T00:23:49Z
GEN-01241,Order Created,2026-08-16T08:44:48Z
GEN-01241,Payment Received,2026-08-16T08:50:35Z
GEN-01241,Packed,2026-08-16T22:17:38Z
GEN-01241,Inspected,2026-08-16T23:03:07Z
GEN-01241,Shipped,2026-08-17T00:28:03Z
GEN-01241,Delivered,2026-08-17T03:56:51Z
GEN-01242,Order Created,2026-08-13T09:16:48Z
GEN-01242,Payment Received,2026-08-13T09:31:22Z
GEN-01242,Packed,2026-08-13T12:21:09Z
GEN-01242,Inspected,2026-08-13T12:41:46Z
GEN-01242,Shipped,2026-08-13T15:10:44Z
GEN-01242,Delivered,2026-08-13T17:21:26Z
GEN-01243,Order Created,2026-08-16T17:38:02Z
GEN-01243,Payment Received,2026-08-16T17:53:58Z
GEN-01243,Packed,2026-08-17T03:53:45Z
GEN-01243,Inspected,2026-08-17T04:19:11Z
GEN-01243,Shipped,2026-08-17T07:55:36Z
GEN-01243,Delivered,2026-08-17T11:03:03Z
GEN-01244,Order Created,2026-08-14T11:43:44Z
GEN-01244,Payment Attempt,2026-08-14T11:50:05Z
GEN-01244,Payment Received,2026-08-14T12:09:16Z
GEN-01244,Packed,2026-08-14T21:25:51Z
GEN-01244,Inspected,2026-08-14T21:56:39Z
GEN-01244,Shipped,2026-08-14T23:28:27Z
GEN-01244,Delivered,2026-08-15T02:03:05Z
GEN-01245,Order Created,2026-08-03T18:43:59Z
GEN-01245,Payment Received,2026-08-03T19:03:54Z
GEN-01245,Packed,2026-08-03T23:49:37Z
GEN-01245,Inspected,2026-08-04T00:41:11Z
GEN-01245,Shipped,2026-08-04T03:04:49Z
GEN-01245,Delivered,2026-08-04T08:31:21Z
GEN-01246,Order Created,2026-08-14T19:38:14Z
GEN-01246,Payment Received,2026-08-14T19:54:23Z
GEN-01246,Packed,2026-08-15T03:30:58Z
GEN-01246,Inspected,2026-08-15T04:01:36Z
GEN-01246,Shipped,2026-08-15T05:52:44Z
GEN-01246,Delivered,2026-08-15T09:41:51Z
GEN-01247,Order Created,2026-08-07T11:52:41Z
GEN-01247,Payment Received,2026-08-07T11:59:21Z
GEN-01247,Packed,2026-08-07T23:25:26Z
GEN-01247,Inspected,2026-08-08T00:21:25Z
GEN-01247,Packed,2026-08-08T02:35:37Z
GEN-01247,Inspected,2026-08-08T03:24:40Z
GEN-01247,Shipped,2026-08-08T06:52:54Z
GEN-01247,Delivered,2026-08-08T09:43:18Z
GEN-01248,Order Created,2026-08-12T08:56:30Z
GEN-01248,Payment Attempt,2026-08-12T09:19:45Z
GEN-01248,Payment Attempt,2026-08-12T09:30:24Z
GEN-01248,Payment Received,2026-08-12T09:45:39Z
GEN-01248,Packed,2026-08-12T21:54:35Z
GEN-01248,Inspected,2026-08-12T22:28:03Z
GEN-01248,Packed,2026-08-13T01:14:48Z
GEN-01248,Inspected,2026-08-13T02:11:51Z
GEN-01248,Shipped,2026-08-13T05:37:57Z
GEN-01248,Delivered,2026-08-13T07:00:03Z
GEN-01249,Order Created,2026-08-10T12:14:22Z
GEN-01249,Payment Received,2026-08-10T12:23:15Z
GEN-01249,Packed,2026-08-10T23:56:16Z
GEN-01249,Inspected,2026-08-11T00:52:26Z
GEN-01249,Shipped,2026-08-11T02:44:33Z
GEN-01249,Delivered,2026-08-11T04:53:08Z
GEN-01250,Order Created,2026-08-14T14:45:29Z
GEN-01250,Payment Received,2026-08-14T15:02:35Z
GEN-01250,Packed,2026-08-14T18:10:10Z
GEN-01250,Inspected,2026-08-14T18:45:29Z
GEN-01250,Shipped,2026-08-14T21:54:37Z
GEN-01250,Delivered,2026-08-15T00:40:34Z
GEN-01251,Order Created,2026-08-10T18:24:22Z
GEN-01251,Payment Received,2026-08-10T18:35:12Z
GEN-01251,Packed,2026-08-11T07:24:39Z
GEN-01251,Inspected,2026-08-11T07:46:56Z
GEN-01251,Shipped,2026-08-11T10:47:16Z
GEN-01251,Delivered,2026-08-11T14:41:09Z
GEN-01252,Order Created,2026-08-13T08:42:46Z
GEN-01252,Payment Received,2026-08-13T08:50:16Z
GEN-01252,Packed,2026-08-13T18:04:44Z
GEN-01253,Order Created,2026-08-15T13:48:19Z
GEN-01253,Payment Received,2026-08-15T14:04:37Z
GEN-01253,Packed,2026-08-15T20:46:23Z
GEN-01253,Inspected,2026-08-15T21:22:01Z
GEN-01253,Shipped,2026-08-15T23:15:25Z
GEN-01253,Delivered,2026-08-16T01:55:05Z
GEN-01254,Order Created,2026-08-06T18:35:58Z
GEN-01254,Payment Received,2026-08-06T18:46:12Z
GEN-01254,Packed,2026-08-06T22:15:26Z
GEN-01254,Inspected,2026-08-06T22:46:45Z
GEN-01254,Shipped,2026-08-07T00:07:15Z
GEN-01254,Delivered,2026-08-07T02:26:48Z
GEN-01255,Order Created,2026-08-10T18:49:41Z
GEN-01255,Payment Received,2026-08-10T18:56:31Z
GEN-01255,Packed,2026-08-10T23:03:06Z
GEN-01255,Inspected,2026-08-10T23:39:17Z
GEN-01255,Shipped,2026-08-11T01:54:46Z
GEN-01255,Delivered,2026-08-11T04:36:01Z
GEN-01256,Order Created,2026-08-05T13:55:12Z
GEN-01256,Payment Received,2026-08-05T13:59:28Z
GEN-01256,Packed,2026-08-05T21:47:17Z
GEN-01256,Inspected,2026-08-05T22:38:27Z
GEN-01256,Shipped,2026-08-06T00:24:02Z
GEN-01256,Delivered,2026-08-06T02:10:50Z
GEN-01257,Order Created,2026-08-14T18:31:12Z
GEN-01257,Payment Received,2026-08-14T18:44:55Z
GEN-01257,Packed,2026-08-15T02:29:35Z
GEN-01257,Inspected,2026-08-15T03:17:14Z
GEN-01257,Packed,2026-08-15T06:01:45Z
GEN-01257,Inspected,2026-08-15T06:40:10Z
GEN-01257,Shipped,2026-08-15T09:09:49Z
GEN-01257,Delivered,2026-08-15T12:50:33Z
GEN-01258,Order Created,2026-08-16T11:06:12Z
GEN-01258,Payment Attempt,2026-08-16T11:23:12Z
GEN-01258,Payment Received,2026-08-16T11:41:17Z
GEN-01258,Packed,2026-08-16T18:44:04Z
GEN-01258,Inspected,2026-08-16T19:16:53Z
GEN-01258,Shipped,2026-08-16T21:32:12Z
GEN-01258,Delivered,2026-08-17T00:16:27Z
GEN-01259,Order Created,2026-08-13T11:05:29Z
GEN-01259,Payment Attempt,2026-08-13T11:12:42Z
GEN-01259,Payment Received,2026-08-13T11:32:42Z
GEN-01259,Packed,2026-08-13T19:17:20Z
GEN-01259,Inspected,2026-08-13T19:44:53Z
GEN-01259,Shipped,2026-08-13T21:42:30Z
GEN-01259,Delivered,2026-08-14T00:21:56Z
GEN-01260,Order Created,2026-08-08T08:29:38Z
GEN-01260,Payment Received,2026-08-08T08:49:34Z
GEN-01260,Packed,2026-08-08T17:58:29Z
GEN-01260,Inspected,2026-08-08T18:53:37Z
GEN-01260,Shipped,2026-08-08T22:19:23Z
GEN-01260,Delivered,2026-08-09T07:26:33Z
GEN-01261,Order Created,2026-08-14T08:13:59Z
GEN-01261,Payment Received,2026-08-14T08:27:31Z
GEN-01261,Packed,2026-08-14T15:17:02Z
GEN-01261,Inspected,2026-08-14T16:04:37Z
GEN-01261,Shipped,2026-08-14T17:22:18Z
GEN-01262,Order Created,2026-08-03T18:49:29Z
GEN-01262,Payment Received,2026-08-03T19:03:26Z
GEN-01262,Packed,2026-08-04T05:09:49Z
GEN-01262,Inspected,2026-08-04T05:36:38Z
GEN-01262,Packed,2026-08-04T07:50:35Z
GEN-01262,Inspected,2026-08-04T08:25:09Z
GEN-01262,Packed,2026-08-04T11:00:41Z
GEN-01262,Inspected,2026-08-04T11:37:33Z
GEN-01262,Shipped,2026-08-04T12:54:37Z
GEN-01262,Delivered,2026-08-04T14:23:43Z
GEN-01263,Order Created,2026-08-10T13:19:01Z
GEN-01263,Payment Received,2026-08-10T13:23:24Z
GEN-01263,Packed,2026-08-10T23:34:44Z
GEN-01264,Order Created,2026-08-09T09:50:23Z
GEN-01264,Payment Received,2026-08-09T10:04:33Z
GEN-01264,Packed,2026-08-09T17:08:50Z
GEN-01264,Inspected,2026-08-09T17:32:21Z
GEN-01264,Shipped,2026-08-09T20:20:54Z
GEN-01264,Delivered,2026-08-09T22:05:04Z
GEN-01265,Order Created,2026-08-15T17:51:12Z
GEN-01265,Payment Received,2026-08-15T18:01:58Z
GEN-01265,Packed,2026-08-16T17:35:36Z
GEN-01265,Inspected,2026-08-16T18:24:03Z
GEN-01265,Shipped,2026-08-16T20:00:39Z
GEN-01265,Delivered,2026-08-16T22:34:54Z
GEN-01266,Order Created,2026-08-06T13:17:26Z
GEN-01266,Payment Received,2026-08-06T13:35:41Z
GEN-01266,Packed,2026-08-06T15:55:00Z
GEN-01266,Inspected,2026-08-06T16:50:44Z
GEN-01266,Shipped,2026-08-06T20:19:26Z
GEN-01266,Delivered,2026-08-07T02:01:27Z
GEN-01267,Order Created,2026-08-08T11:48:32Z
GEN-01267,Payment Received,2026-08-08T12:03:53Z
GEN-01267,Packed,2026-08-08T21:17:22Z
GEN-01268,Order Created,2026-08-10T16:25:37Z
GEN-01268,Payment Attempt,2026-08-10T16:46:49Z
GEN-01268,Payment Received,2026-08-10T17:03:55Z
GEN-01268,Packed,2026-08-10T20:39:50Z
GEN-01268,Inspected,2026-08-10T21:21:14Z
GEN-01268,Shipped,2026-08-11T00:03:26Z
GEN-01268,Delivered,2026-08-11T03:06:33Z
GEN-01269,Order Created,2026-08-03T16:50:28Z
GEN-01269,Payment Received,2026-08-03T17:07:09Z
GEN-01269,Packed,2026-08-03T22:25:24Z
GEN-01269,Inspected,2026-08-03T22:54:42Z
GEN-01269,Shipped,2026-08-04T00:16:47Z
GEN-01269,Delivered,2026-08-04T03:22:43Z
GEN-01270,Order Created,2026-08-06T12:02:55Z
GEN-01270,Payment Attempt,2026-08-06T12:27:15Z
GEN-01270,Payment Attempt,2026-08-06T12:45:02Z
GEN-01270,Payment Received,2026-08-06T12:51:15Z
GEN-01270,Packed,2026-08-06T16:32:37Z
GEN-01270,Inspected,2026-08-06T16:59:46Z
GEN-01270,Shipped,2026-08-06T20:08:12Z
GEN-01270,Delivered,2026-08-06T22:36:23Z
GEN-01271,Order Created,2026-08-13T11:28:23Z
GEN-01271,Payment Received,2026-08-13T11:30:34Z
GEN-01271,Packed,2026-08-13T15:26:30Z
GEN-01271,Inspected,2026-08-13T16:02:31Z
GEN-01271,Packed,2026-08-13T18:00:23Z
GEN-01271,Inspected,2026-08-13T18:40:55Z
GEN-01271,Shipped,2026-08-13T20:27:40Z
GEN-01271,Delivered,2026-08-14T00:13:21Z
GEN-01272,Order Created,2026-08-10T10:58:18Z
GEN-01272,Payment Received,2026-08-10T11:01:29Z
GEN-01272,Packed,2026-08-10T17:55:14Z
GEN-01272,Inspected,2026-08-10T18:28:13Z
GEN-01272,Shipped,2026-08-10T19:40:38Z
GEN-01272,Delivered,2026-08-11T00:49:00Z
GEN-01273,Order Created,2026-08-04T17:39:47Z
GEN-01273,Payment Received,2026-08-04T17:48:00Z
GEN-01273,Packed,2026-08-05T02:59:12Z
GEN-01273,Inspected,2026-08-05T03:53:03Z
GEN-01273,Shipped,2026-08-05T06:10:20Z
GEN-01273,Delivered,2026-08-05T09:07:12Z
GEN-01274,Order Created,2026-08-05T19:03:00Z
GEN-01274,Payment Received,2026-08-05T19:16:14Z
GEN-01274,Packed,2026-08-05T21:06:26Z
GEN-01274,Inspected,2026-08-05T21:34:40Z
GEN-01274,Packed,2026-08-06T00:16:16Z
GEN-01274,Inspected,2026-08-06T01:15:29Z
GEN-01274,Shipped,2026-08-06T04:49:58Z
GEN-01274,Delivered,2026-08-06T09:24:55Z
GEN-01275,Order Created,2026-08-06T13:53:26Z
GEN-01275,Payment Received,2026-08-06T14:10:10Z
GEN-01275,Packed,2026-08-06T19:46:46Z
GEN-01275,Inspected,2026-08-06T20:08:33Z
GEN-01275,Shipped,2026-08-06T22:07:10Z
GEN-01275,Delivered,2026-08-06T23:52:03Z
GEN-01276,Order Created,2026-08-11T14:18:17Z
GEN-01276,Payment Received,2026-08-11T14:27:14Z
GEN-01276,Packed,2026-08-12T02:23:18Z
GEN-01276,Inspected,2026-08-12T02:57:51Z
GEN-01276,Packed,2026-08-12T05:45:37Z
GEN-01276,Inspected,2026-08-12T06:31:22Z
GEN-01276,Shipped,2026-08-12T09:02:24Z
GEN-01276,Delivered,2026-08-12T09:59:29Z
GEN-01277,Order Created,2026-08-06T10:40:35Z
GEN-01277,Payment Received,2026-08-06T10:54:08Z
GEN-01277,Packed,2026-08-07T01:45:30Z
GEN-01277,Inspected,2026-08-07T02:45:10Z
GEN-01277,Shipped,2026-08-07T05:09:33Z
GEN-01277,Delivered,2026-08-07T08:50:06Z
GEN-01278,Order Created,2026-08-05T10:29:51Z
GEN-01278,Payment Received,2026-08-05T10:36:42Z
GEN-01278,Packed,2026-08-05T17:16:49Z
GEN-01278,Inspected,2026-08-05T18:00:42Z
GEN-01278,Packed,2026-08-05T20:52:41Z
GEN-01278,Inspected,2026-08-05T21:12:43Z
GEN-01278,Packed,2026-08-05T22:28:06Z
GEN-01278,Inspected,2026-08-05T23:01:36Z
GEN-01278,Packed,2026-08-06T01:05:56Z
GEN-01278,Inspected,2026-08-06T01:56:04Z
GEN-01278,Shipped,2026-08-06T05:41:57Z
GEN-01278,Delivered,2026-08-06T11:18:46Z
GEN-01279,Order Created,2026-08-10T08:00:01Z
GEN-01279,Payment Received,2026-08-10T08:03:56Z
GEN-01279,Packed,2026-08-10T16:01:50Z
GEN-01279,Inspected,2026-08-10T16:26:07Z
GEN-01279,Shipped,2026-08-10T19:47:17Z
GEN-01279,Delivered,2026-08-10T22:38:45Z
GEN-01280,Order Created,2026-08-04T14:49:35Z
GEN-01280,Payment Attempt,2026-08-04T14:56:52Z
GEN-01280,Payment Received,2026-08-04T15:05:56Z
GEN-01280,Packed,2026-08-05T10:17:37Z
GEN-01280,Inspected,2026-08-05T11:07:15Z
GEN-01280,Shipped,2026-08-05T12:23:50Z
GEN-01280,Delivered,2026-08-05T16:21:41Z
GEN-01281,Order Created,2026-08-03T08:31:04Z
GEN-01281,Payment Received,2026-08-03T08:36:43Z
GEN-01281,Packed,2026-08-03T17:19:31Z
GEN-01281,Inspected,2026-08-03T18:05:57Z
GEN-01281,Shipped,2026-08-03T20:16:33Z
GEN-01281,Delivered,2026-08-03T22:52:28Z
GEN-01282,Order Created,2026-08-07T09:23:51Z
GEN-01282,Payment Received,2026-08-07T09:28:04Z
GEN-01282,Packed,2026-08-07T19:37:01Z
GEN-01283,Order Created,2026-08-03T14:35:25Z
GEN-01283,Payment Received,2026-08-03T14:43:17Z
GEN-01283,Packed,2026-08-03T19:58:45Z
GEN-01283,Inspected,2026-08-03T20:24:54Z
GEN-01283,Packed,2026-08-03T22:59:36Z
GEN-01283,Inspected,2026-08-03T23:39:20Z
GEN-01283,Shipped,2026-08-04T02:29:46Z
GEN-01283,Delivered,2026-08-04T07:20:01Z
GEN-01284,Order Created,2026-08-12T10:47:30Z
GEN-01284,Payment Attempt,2026-08-12T11:00:07Z
GEN-01284,Payment Received,2026-08-12T11:18:49Z
GEN-01284,Packed,2026-08-12T14:41:13Z
GEN-01284,Inspected,2026-08-12T15:27:22Z
GEN-01284,Shipped,2026-08-12T17:21:13Z
GEN-01284,Delivered,2026-08-12T21:26:27Z
GEN-01285,Order Created,2026-08-04T10:05:11Z
GEN-01285,Payment Received,2026-08-04T10:12:31Z
GEN-01285,Packed,2026-08-04T17:29:02Z
GEN-01285,Inspected,2026-08-04T17:57:23Z
GEN-01285,Shipped,2026-08-04T19:38:01Z
GEN-01285,Delivered,2026-08-04T22:57:49Z
GEN-01286,Order Created,2026-08-03T14:42:58Z
GEN-01286,Payment Received,2026-08-03T14:49:12Z
GEN-01286,Packed,2026-08-03T19:25:16Z
GEN-01286,Inspected,2026-08-03T20:12:12Z
GEN-01286,Shipped,2026-08-03T23:30:03Z
GEN-01286,Delivered,2026-08-04T00:50:26Z
GEN-01287,Order Created,2026-08-06T15:46:17Z
GEN-01287,Payment Attempt,2026-08-06T16:07:46Z
GEN-01287,Payment Received,2026-08-06T16:15:08Z
GEN-01287,Packed,2026-08-07T00:33:12Z
GEN-01287,Inspected,2026-08-07T01:00:04Z
GEN-01287,Shipped,2026-08-07T03:45:48Z
GEN-01287,Delivered,2026-08-07T06:04:51Z
GEN-01288,Order Created,2026-08-09T15:08:34Z
GEN-01288,Payment Received,2026-08-09T15:13:54Z
GEN-01288,Packed,2026-08-10T03:57:18Z
GEN-01288,Inspected,2026-08-10T04:39:46Z
GEN-01288,Packed,2026-08-10T07:12:19Z
GEN-01288,Inspected,2026-08-10T08:10:00Z
GEN-01288,Packed,2026-08-10T10:02:21Z
GEN-01288,Inspected,2026-08-10T10:35:08Z
GEN-01288,Packed,2026-08-10T11:48:26Z
GEN-01288,Inspected,2026-08-10T12:27:21Z
GEN-01288,Shipped,2026-08-10T13:55:38Z
GEN-01288,Delivered,2026-08-10T17:05:20Z
GEN-01289,Order Created,2026-08-10T17:07:50Z
GEN-01289,Payment Received,2026-08-10T17:10:17Z
GEN-01289,Packed,2026-08-11T02:24:33Z
GEN-01289,Inspected,2026-08-11T03:18:10Z
GEN-01289,Shipped,2026-08-11T07:06:29Z
GEN-01289,Delivered,2026-08-11T11:13:41Z
GEN-01290,Order Created,2026-08-03T12:50:30Z
GEN-01290,Payment Received,2026-08-03T12:58:36Z
GEN-01290,Packed,2026-08-03T17:46:07Z
GEN-01290,Inspected,2026-08-03T18:18:36Z
GEN-01290,Packed,2026-08-03T20:56:00Z
GEN-01290,Inspected,2026-08-03T21:23:31Z
GEN-01290,Shipped,2026-08-04T00:18:56Z
GEN-01290,Delivered,2026-08-04T03:46:37Z
GEN-01291,Order Created,2026-08-14T18:14:54Z
GEN-01291,Payment Received,2026-08-14T18:29:10Z
GEN-01291,Packed,2026-08-14T22:18:44Z
GEN-01291,Inspected,2026-08-14T22:39:12Z
GEN-01291,Shipped,2026-08-15T02:02:58Z
GEN-01291,Delivered,2026-08-15T05:24:31Z
GEN-01292,Order Created,2026-08-11T12:41:27Z
GEN-01292,Payment Received,2026-08-11T12:45:42Z
GEN-01292,Packed,2026-08-12T00:29:02Z
GEN-01292,Inspected,2026-08-12T00:57:01Z
GEN-01292,Shipped,2026-08-12T03:54:31Z
GEN-01292,Delivered,2026-08-12T06:48:58Z
GEN-01293,Order Created,2026-08-11T13:16:18Z
GEN-01293,Payment Attempt,2026-08-11T13:27:08Z
GEN-01293,Payment Received,2026-08-11T13:46:14Z
GEN-01293,Packed,2026-08-11T18:48:53Z
GEN-01293,Inspected,2026-08-11T19:11:10Z
GEN-01293,Packed,2026-08-11T21:26:07Z
GEN-01293,Inspected,2026-08-11T22:13:27Z
GEN-01293,Shipped,2026-08-11T23:35:35Z
GEN-01293,Delivered,2026-08-12T04:30:28Z
GEN-01294,Order Created,2026-08-06T14:23:32Z
GEN-01294,Payment Received,2026-08-06T14:27:56Z
GEN-01294,Packed,2026-08-06T19:45:34Z
GEN-01294,Inspected,2026-08-06T20:14:18Z
GEN-01294,Shipped,2026-08-06T22:08:59Z
GEN-01294,Delivered,2026-08-07T00:23:27Z
GEN-01295,Order Created,2026-08-06T17:36:26Z
GEN-01295,Payment Received,2026-08-06T17:48:33Z
GEN-01295,Packed,2026-08-07T02:03:16Z
GEN-01295,Inspected,2026-08-07T02:48:20Z
GEN-01295,Shipped,2026-08-07T04:25:15Z
GEN-01295,Delivered,2026-08-07T06:53:46Z
GEN-01296,Order Created,2026-08-09T11:38:21Z
GEN-01296,Payment Received,2026-08-09T11:54:09Z
GEN-01296,Packed,2026-08-10T02:56:08Z
GEN-01296,Inspected,2026-08-10T03:34:13Z
GEN-01296,Shipped,2026-08-10T06:48:29Z
GEN-01296,Delivered,2026-08-10T09:48:01Z
GEN-01297,Order Created,2026-08-16T19:16:22Z
GEN-01297,Payment Received,2026-08-16T19:22:15Z
GEN-01297,Packed,2026-08-17T10:55:58Z
GEN-01297,Inspected,2026-08-17T11:53:19Z
GEN-01297,Shipped,2026-08-17T15:09:39Z
GEN-01297,Delivered,2026-08-17T18:27:44Z
GEN-01298,Order Created,2026-08-12T09:42:08Z
GEN-01298,Payment Attempt,2026-08-12T10:06:12Z
GEN-01298,Payment Received,2026-08-12T10:20:55Z
GEN-01298,Packed,2026-08-12T19:04:51Z
GEN-01298,Inspected,2026-08-12T19:27:44Z
GEN-01298,Shipped,2026-08-12T22:02:00Z
GEN-01298,Delivered,2026-08-13T03:21:07Z
GEN-01299,Order Created,2026-08-14T14:31:10Z
GEN-01299,Payment Received,2026-08-14T14:49:35Z
GEN-01299,Packed,2026-08-14T22:18:51Z
GEN-01299,Inspected,2026-08-14T23:09:25Z
GEN-01299,Shipped,2026-08-15T00:18:41Z
GEN-01299,Delivered,2026-08-15T05:07:17Z
GEN-01300,Order Created,2026-08-12T09:32:15Z
GEN-01300,Payment Attempt,2026-08-12T09:36:48Z
GEN-01300,Payment Received,2026-08-12T09:46:40Z
GEN-01300,Packed,2026-08-12T23:37:27Z
GEN-01300,Inspected,2026-08-13T00:32:57Z
GEN-01300,Packed,2026-08-13T02:38:20Z
GEN-01300,Inspected,2026-08-13T03:10:33Z
GEN-01300,Shipped,2026-08-13T05:44:38Z
GEN-01300,Delivered,2026-08-13T09:57:31Z
GEN-01301,Order Created,2026-08-06T10:26:25Z
GEN-01301,Payment Received,2026-08-06T10:34:39Z
GEN-01301,Packed,2026-08-06T15:24:01Z
GEN-01301,Inspected,2026-08-06T16:03:28Z
GEN-01301,Shipped,2026-08-06T18:59:39Z
GEN-01301,Delivered,2026-08-06T21:15:24Z
GEN-01302,Order Created,2026-08-11T18:40:47Z
GEN-01302,Payment Received,2026-08-11T18:54:35Z
GEN-01302,Packed,2026-08-12T11:40:49Z
GEN-01302,Inspected,2026-08-12T12:17:06Z
GEN-01302,Shipped,2026-08-12T13:58:20Z
GEN-01303,Order Created,2026-08-12T19:31:40Z
GEN-01303,Payment Attempt,2026-08-12T19:43:20Z
GEN-01303,Payment Attempt,2026-08-12T19:46:40Z
GEN-01303,Payment Received,2026-08-12T20:04:33Z
GEN-01303,Packed,2026-08-13T04:13:33Z
GEN-01303,Inspected,2026-08-13T04:38:16Z
GEN-01303,Shipped,2026-08-13T08:01:04Z
GEN-01303,Delivered,2026-08-13T12:02:24Z
GEN-01304,Order Created,2026-08-13T11:26:32Z
GEN-01304,Payment Received,2026-08-13T11:37:21Z
GEN-01304,Packed,2026-08-13T14:43:46Z
GEN-01304,Inspected,2026-08-13T15:16:33Z
GEN-01304,Packed,2026-08-13T16:28:15Z
GEN-01304,Inspected,2026-08-13T17:00:04Z
GEN-01304,Shipped,2026-08-13T18:40:15Z
GEN-01304,Delivered,2026-08-13T22:27:49Z
GEN-01305,Order Created,2026-08-03T12:15:23Z
GEN-01305,Payment Received,2026-08-03T12:31:25Z
GEN-01305,Packed,2026-08-03T23:55:42Z
GEN-01306,Order Created,2026-08-06T12:32:13Z
GEN-01306,Payment Received,2026-08-06T12:48:23Z
GEN-01306,Packed,2026-08-06T20:41:01Z
GEN-01306,Inspected,2026-08-06T21:07:55Z
GEN-01306,Packed,2026-08-06T22:18:55Z
GEN-01306,Inspected,2026-08-06T23:18:01Z
GEN-01306,Shipped,2026-08-07T00:22:51Z
GEN-01306,Delivered,2026-08-07T02:48:18Z
GEN-01307,Order Created,2026-08-03T19:14:55Z
GEN-01307,Payment Received,2026-08-03T19:29:03Z
GEN-01307,Packed,2026-08-04T05:34:25Z
GEN-01307,Inspected,2026-08-04T06:26:21Z
GEN-01307,Shipped,2026-08-04T09:07:40Z
GEN-01307,Delivered,2026-08-04T11:40:25Z
GEN-01308,Order Created,2026-08-13T14:44:17Z
GEN-01308,Payment Received,2026-08-13T15:03:03Z
GEN-01308,Packed,2026-08-13T18:28:46Z
GEN-01308,Inspected,2026-08-13T18:49:34Z
GEN-01308,Shipped,2026-08-13T20:17:49Z
GEN-01308,Delivered,2026-08-13T21:53:26Z
GEN-01309,Order Created,2026-08-04T08:02:32Z
GEN-01309,Payment Received,2026-08-04T08:18:26Z
GEN-01309,Packed,2026-08-04T11:07:37Z
GEN-01309,Inspected,2026-08-04T12:02:36Z
GEN-01309,Shipped,2026-08-04T14:49:01Z
GEN-01309,Delivered,2026-08-04T19:05:23Z
GEN-01310,Order Created,2026-08-05T12:15:41Z
GEN-01310,Payment Received,2026-08-05T12:17:54Z
GEN-01310,Packed,2026-08-05T15:27:15Z
GEN-01310,Inspected,2026-08-05T16:05:28Z
GEN-01310,Packed,2026-08-05T18:06:59Z
GEN-01310,Inspected,2026-08-05T18:44:25Z
GEN-01310,Packed,2026-08-05T20:26:04Z
GEN-01310,Inspected,2026-08-05T20:53:44Z
GEN-01310,Packed,2026-08-05T23:51:31Z
GEN-01310,Inspected,2026-08-06T00:20:22Z
GEN-01310,Shipped,2026-08-06T03:03:24Z
GEN-01310,Delivered,2026-08-06T07:09:59Z
GEN-01311,Order Created,2026-08-05T09:36:53Z
GEN-01311,Payment Received,2026-08-05T09:51:36Z
GEN-01311,Packed,2026-08-05T12:15:40Z
GEN-01311,Inspected,2026-08-05T12:51:45Z
GEN-01311,Packed,2026-08-05T14:46:41Z
GEN-01311,Inspected,2026-08-05T15:06:48Z
GEN-01311,Shipped,2026-08-05T18:14:27Z
GEN-01311,Delivered,2026-08-05T19:02:52Z
GEN-01312,Order Created,2026-08-14T17:17:10Z
GEN-01312,Payment Attempt,2026-08-14T17:40:45Z
GEN-01312,Payment Attempt,2026-08-14T18:04:05Z
GEN-01312,Payment Received,2026-08-14T18:13:47Z
GEN-01312,Packed,2026-08-15T00:06:28Z
GEN-01312,Inspected,2026-08-15T00:28:13Z
GEN-01312,Shipped,2026-08-15T01:45:45Z
GEN-01312,Delivered,2026-08-15T04:44:14Z
GEN-01313,Order Created,2026-08-14T17:58:28Z
GEN-01313,Payment Received,2026-08-14T18:15:59Z
GEN-01313,Packed,2026-08-15T04:32:28Z
GEN-01313,Inspected,2026-08-15T05:01:11Z
GEN-01313,Shipped,2026-08-15T06:22:33Z
GEN-01313,Delivered,2026-08-15T09:37:38Z
GEN-01314,Order Created,2026-08-10T09:21:34Z
GEN-01314,Payment Received,2026-08-10T09:24:04Z
GEN-01314,Packed,2026-08-10T14:45:48Z
GEN-01314,Inspected,2026-08-10T15:14:33Z
GEN-01314,Shipped,2026-08-10T18:48:16Z
GEN-01314,Delivered,2026-08-10T22:12:18Z
GEN-01315,Order Created,2026-08-11T17:04:13Z
GEN-01315,Payment Received,2026-08-11T17:15:02Z
GEN-01315,Packed,2026-08-11T19:31:49Z
GEN-01315,Inspected,2026-08-11T20:14:14Z
GEN-01315,Shipped,2026-08-11T22:58:45Z
GEN-01315,Delivered,2026-08-12T03:15:17Z
GEN-01316,Order Created,2026-08-12T18:15:13Z
GEN-01316,Payment Received,2026-08-12T18:34:33Z
GEN-01316,Packed,2026-08-12T23:54:08Z
GEN-01316,Inspected,2026-08-13T00:24:24Z
GEN-01316,Shipped,2026-08-13T03:16:21Z
GEN-01316,Delivered,2026-08-13T05:56:02Z
GEN-01317,Order Created,2026-08-04T17:27:10Z
GEN-01317,Payment Received,2026-08-04T17:40:54Z
GEN-01317,Packed,2026-08-04T21:47:56Z
GEN-01317,Inspected,2026-08-04T22:20:46Z
GEN-01317,Shipped,2026-08-04T23:47:19Z
GEN-01317,Delivered,2026-08-05T04:08:28Z
GEN-01318,Order Created,2026-08-13T16:32:11Z
GEN-01318,Payment Received,2026-08-13T16:36:39Z
GEN-01318,Packed,2026-08-14T02:09:58Z
GEN-01318,Inspected,2026-08-14T02:43:37Z
GEN-01318,Shipped,2026-08-14T04:12:16Z
GEN-01318,Delivered,2026-08-14T06:17:29Z
GEN-01319,Order Created,2026-08-11T16:19:29Z
GEN-01319,Payment Received,2026-08-11T16:30:12Z
GEN-01319,Packed,2026-08-12T05:27:49Z
GEN-01319,Inspected,2026-08-12T06:27:13Z
GEN-01319,Packed,2026-08-12T08:25:49Z
GEN-01319,Inspected,2026-08-12T09:14:55Z
GEN-01319,Packed,2026-08-12T11:58:23Z
GEN-01319,Inspected,2026-08-12T12:55:45Z
GEN-01319,Shipped,2026-08-12T16:31:41Z
GEN-01319,Delivered,2026-08-12T20:45:05Z
GEN-01320,Order Created,2026-08-13T08:15:36Z
GEN-01320,Payment Received,2026-08-13T08:23:10Z
GEN-01320,Packed,2026-08-13T11:31:58Z
GEN-01320,Inspected,2026-08-13T12:09:07Z
GEN-01320,Packed,2026-08-13T13:15:10Z
GEN-01320,Inspected,2026-08-13T13:41:06Z
GEN-01320,Shipped,2026-08-13T16:48:13Z
GEN-01320,Delivered,2026-08-13T21:25:16Z
GEN-01321,Order Created,2026-08-03T12:10:51Z
GEN-01321,Payment Received,2026-08-03T12:27:22Z
GEN-01321,Packed,2026-08-03T20:07:39Z
GEN-01321,Inspected,2026-08-03T20:43:10Z
GEN-01321,Shipped,2026-08-03T23:01:01Z
GEN-01321,Delivered,2026-08-04T08:02:56Z
GEN-01322,Order Created,2026-08-14T10:06:00Z
GEN-01322,Payment Attempt,2026-08-14T10:27:44Z
GEN-01322,Payment Received,2026-08-14T10:46:32Z
GEN-01322,Packed,2026-08-14T15:17:39Z
GEN-01322,Inspected,2026-08-14T16:04:22Z
GEN-01322,Shipped,2026-08-14T19:39:18Z
GEN-01322,Delivered,2026-08-14T21:08:22Z
GEN-01323,Order Created,2026-08-06T19:22:25Z
GEN-01323,Payment Received,2026-08-06T19:37:19Z
GEN-01323,Packed,2026-08-07T01:44:54Z
GEN-01323,Inspected,2026-08-07T02:21:47Z
GEN-01323,Shipped,2026-08-07T04:21:05Z
GEN-01323,Delivered,2026-08-07T07:23:58Z
GEN-01324,Order Created,2026-08-06T08:04:53Z
GEN-01324,Payment Attempt,2026-08-06T08:25:06Z
GEN-01324,Payment Received,2026-08-06T08:44:19Z
GEN-01324,Packed,2026-08-06T12:10:26Z
GEN-01324,Inspected,2026-08-06T13:09:19Z
GEN-01324,Shipped,2026-08-06T14:38:05Z
GEN-01324,Delivered,2026-08-06T17:12:54Z
GEN-01325,Order Created,2026-08-14T09:01:53Z
GEN-01325,Payment Attempt,2026-08-14T09:16:48Z
GEN-01325,Payment Received,2026-08-14T09:28:45Z
GEN-01325,Packed,2026-08-14T17:03:12Z
GEN-01325,Inspected,2026-08-14T17:37:22Z
GEN-01325,Shipped,2026-08-14T19:07:09Z
GEN-01325,Delivered,2026-08-14T22:33:51Z
GEN-01326,Order Created,2026-08-07T12:43:13Z
GEN-01326,Payment Received,2026-08-07T12:49:29Z
GEN-01326,Packed,2026-08-07T20:42:09Z
GEN-01326,Inspected,2026-08-07T21:02:41Z
GEN-01326,Shipped,2026-08-08T00:21:35Z
GEN-01326,Delivered,2026-08-08T03:12:11Z
GEN-01327,Order Created,2026-08-06T17:22:03Z
GEN-01327,Payment Received,2026-08-06T17:30:47Z
GEN-01327,Packed,2026-08-06T23:04:10Z
GEN-01327,Inspected,2026-08-06T23:37:53Z
GEN-01327,Shipped,2026-08-07T01:34:17Z
GEN-01327,Delivered,2026-08-07T06:02:27Z
GEN-01328,Order Created,2026-08-14T13:30:53Z
GEN-01328,Payment Received,2026-08-14T13:37:49Z
GEN-01328,Packed,2026-08-14T15:48:34Z
GEN-01328,Inspected,2026-08-14T16:44:19Z
GEN-01328,Shipped,2026-08-14T19:31:30Z
GEN-01328,Delivered,2026-08-14T21:07:56Z
GEN-01329,Order Created,2026-08-06T13:58:33Z
GEN-01329,Payment Received,2026-08-06T14:08:06Z
GEN-01329,Packed,2026-08-06T19:13:47Z
GEN-01329,Inspected,2026-08-06T19:55:13Z
GEN-01329,Shipped,2026-08-06T21:48:42Z
GEN-01329,Delivered,2026-08-06T23:31:47Z
GEN-01330,Order Created,2026-08-03T17:52:26Z
GEN-01330,Payment Received,2026-08-03T18:08:42Z
GEN-01330,Packed,2026-08-04T01:32:13Z
GEN-01330,Inspected,2026-08-04T02:28:21Z
GEN-01330,Shipped,2026-08-04T05:23:12Z
GEN-01330,Delivered,2026-08-04T08:56:55Z
GEN-01331,Order Created,2026-08-03T12:49:58Z
GEN-01331,Payment Received,2026-08-03T12:56:12Z
GEN-01331,Packed,2026-08-03T17:32:06Z
GEN-01331,Inspected,2026-08-03T18:13:42Z
GEN-01331,Shipped,2026-08-03T21:28:49Z
GEN-01332,Order Created,2026-08-14T14:32:25Z
GEN-01332,Payment Received,2026-08-14T14:40:44Z
GEN-01332,Packed,2026-08-15T04:23:16Z
GEN-01332,Inspected,2026-08-15T04:52:00Z
GEN-01332,Packed,2026-08-15T06:29:00Z
GEN-01332,Inspected,2026-08-15T07:07:43Z
GEN-01332,Packed,2026-08-15T09:57:54Z
GEN-01332,Inspected,2026-08-15T10:41:03Z
GEN-01332,Shipped,2026-08-15T12:30:51Z
GEN-01332,Delivered,2026-08-15T14:54:36Z
GEN-01333,Order Created,2026-08-10T15:39:37Z
GEN-01333,Payment Received,2026-08-10T15:52:48Z
GEN-01333,Packed,2026-08-10T20:29:15Z
GEN-01333,Inspected,2026-08-10T21:29:10Z
GEN-01333,Packed,2026-08-10T22:48:56Z
GEN-01333,Inspected,2026-08-10T23:26:44Z
GEN-01333,Packed,2026-08-11T00:41:58Z
GEN-01333,Inspected,2026-08-11T01:06:09Z
GEN-01333,Packed,2026-08-11T03:20:35Z
GEN-01333,Inspected,2026-08-11T04:15:36Z
GEN-01333,Shipped,2026-08-11T07:15:12Z
GEN-01333,Delivered,2026-08-11T09:45:25Z
GEN-01334,Order Created,2026-08-08T12:16:45Z
GEN-01334,Payment Received,2026-08-08T12:22:38Z
GEN-01334,Packed,2026-08-08T19:58:33Z
GEN-01334,Inspected,2026-08-08T20:22:29Z
GEN-01334,Shipped,2026-08-08T23:00:53Z
GEN-01334,Delivered,2026-08-09T02:58:11Z
GEN-01335,Order Created,2026-08-03T14:13:24Z
GEN-01335,Payment Received,2026-08-03T14:16:10Z
GEN-01335,Packed,2026-08-03T18:36:01Z
GEN-01335,Inspected,2026-08-03T18:58:23Z
GEN-01335,Packed,2026-08-03T21:43:43Z
GEN-01335,Inspected,2026-08-03T22:40:25Z
GEN-01335,Shipped,2026-08-04T01:27:18Z
GEN-01335,Delivered,2026-08-04T08:09:43Z
GEN-01336,Order Created,2026-08-08T18:56:06Z
GEN-01336,Payment Received,2026-08-08T19:13:21Z
GEN-01336,Packed,2026-08-09T02:07:26Z
GEN-01336,Inspected,2026-08-09T02:36:16Z
GEN-01336,Shipped,2026-08-09T03:45:26Z
GEN-01336,Delivered,2026-08-09T06:28:03Z
GEN-01337,Order Created,2026-08-07T13:10:41Z
GEN-01337,Payment Received,2026-08-07T13:19:29Z
GEN-01337,Packed,2026-08-07T15:30:47Z
GEN-01337,Inspected,2026-08-07T16:00:09Z
GEN-01337,Shipped,2026-08-07T17:20:16Z
GEN-01337,Delivered,2026-08-07T20:36:00Z
GEN-01338,Order Created,2026-08-10T11:38:29Z
GEN-01338,Payment Received,2026-08-10T11:51:03Z
GEN-01338,Packed,2026-08-10T15:51:45Z
GEN-01338,Inspected,2026-08-10T16:14:46Z
GEN-01338,Shipped,2026-08-10T18:37:16Z
GEN-01338,Delivered,2026-08-10T21:34:51Z
GEN-01339,Order Created,2026-08-11T09:12:47Z
GEN-01339,Payment Received,2026-08-11T09:16:51Z
GEN-01339,Packed,2026-08-11T16:29:49Z
GEN-01339,Inspected,2026-08-11T17:11:56Z
GEN-01339,Shipped,2026-08-11T18:31:22Z
GEN-01339,Delivered,2026-08-12T02:10:32Z
GEN-01340,Order Created,2026-08-11T12:16:06Z
GEN-01340,Payment Received,2026-08-11T12:29:00Z
GEN-01340,Packed,2026-08-11T21:03:50Z
GEN-01340,Inspected,2026-08-11T21:39:25Z
GEN-01340,Shipped,2026-08-11T22:44:27Z
GEN-01340,Delivered,2026-08-12T00:54:58Z
GEN-01341,Order Created,2026-08-10T17:22:08Z
GEN-01341,Payment Received,2026-08-10T17:24:59Z
GEN-01341,Packed,2026-08-10T23:06:17Z
GEN-01341,Inspected,2026-08-11T00:00:47Z
GEN-01341,Shipped,2026-08-11T02:26:28Z
GEN-01341,Delivered,2026-08-11T05:10:59Z
GEN-01342,Order Created,2026-08-10T18:03:52Z
GEN-01342,Payment Received,2026-08-10T18:11:37Z
GEN-01342,Packed,2026-08-10T22:28:00Z
GEN-01342,Inspected,2026-08-10T23:02:06Z
GEN-01342,Shipped,2026-08-11T01:29:14Z
GEN-01343,Order Created,2026-08-11T19:18:25Z
GEN-01343,Payment Received,2026-08-11T19:37:49Z
GEN-01343,Packed,2026-08-12T07:08:14Z
GEN-01343,Inspected,2026-08-12T07:43:54Z
GEN-01343,Shipped,2026-08-12T09:06:41Z
GEN-01343,Delivered,2026-08-12T11:29:37Z
GEN-01344,Order Created,2026-08-10T12:10:04Z
GEN-01344,Payment Attempt,2026-08-10T12:30:34Z
GEN-01344,Payment Received,2026-08-10T12:33:22Z
GEN-01344,Packed,2026-08-10T18:42:23Z
GEN-01344,Inspected,2026-08-10T19:36:02Z
GEN-01344,Shipped,2026-08-10T22:58:07Z
GEN-01344,Delivered,2026-08-11T01:34:27Z
GEN-01345,Order Created,2026-08-14T11:24:15Z
GEN-01345,Payment Received,2026-08-14T11:28:42Z
GEN-01345,Packed,2026-08-14T13:13:26Z
GEN-01345,Inspected,2026-08-14T13:41:37Z
GEN-01345,Shipped,2026-08-14T17:05:47Z
GEN-01345,Delivered,2026-08-14T20:30:21Z
GEN-01346,Order Created,2026-08-04T16:59:34Z
GEN-01346,Payment Received,2026-08-04T17:13:37Z
GEN-01346,Packed,2026-08-04T20:19:39Z
GEN-01346,Inspected,2026-08-04T21:02:43Z
GEN-01346,Shipped,2026-08-04T23:27:37Z
GEN-01346,Delivered,2026-08-05T01:10:09Z
GEN-01347,Order Created,2026-08-07T10:37:11Z
GEN-01347,Payment Received,2026-08-07T10:55:28Z
GEN-01347,Packed,2026-08-07T19:30:56Z
GEN-01347,Inspected,2026-08-07T19:55:45Z
GEN-01347,Shipped,2026-08-07T21:57:53Z
GEN-01347,Delivered,2026-08-08T00:50:25Z
GEN-01348,Order Created,2026-08-13T16:18:14Z
GEN-01348,Payment Received,2026-08-13T16:27:49Z
GEN-01348,Packed,2026-08-13T20:20:32Z
GEN-01348,Inspected,2026-08-13T21:17:27Z
GEN-01348,Shipped,2026-08-13T22:44:46Z
GEN-01348,Delivered,2026-08-14T02:08:39Z
GEN-01349,Order Created,2026-08-05T11:21:50Z
GEN-01350,Order Created,2026-08-07T14:23:34Z
GEN-01350,Payment Received,2026-08-07T14:33:46Z
GEN-01350,Packed,2026-08-07T19:44:16Z
GEN-01350,Inspected,2026-08-07T20:20:24Z
GEN-01350,Packed,2026-08-07T21:21:54Z
GEN-01350,Inspected,2026-08-07T22:05:55Z
GEN-01350,Shipped,2026-08-08T01:16:32Z
GEN-01350,Delivered,2026-08-08T04:56:27Z
GEN-01351,Order Created,2026-08-06T14:17:13Z
GEN-01351,Payment Received,2026-08-06T14:34:17Z
GEN-01351,Packed,2026-08-07T00:28:24Z
GEN-01351,Inspected,2026-08-07T01:21:03Z
GEN-01351,Shipped,2026-08-07T04:07:35Z
GEN-01351,Delivered,2026-08-07T08:13:32Z
GEN-01352,Order Created,2026-08-14T17:01:56Z
GEN-01352,Payment Received,2026-08-14T17:05:23Z
GEN-01352,Packed,2026-08-15T01:52:20Z
GEN-01352,Inspected,2026-08-15T02:35:46Z
GEN-01352,Shipped,2026-08-15T06:30:16Z
GEN-01352,Delivered,2026-08-15T08:26:10Z
GEN-01353,Order Created,2026-08-16T09:53:03Z
GEN-01353,Payment Received,2026-08-16T10:03:14Z
GEN-01353,Packed,2026-08-16T14:44:50Z
GEN-01353,Inspected,2026-08-16T15:09:31Z
GEN-01353,Packed,2026-08-16T17:18:20Z
GEN-01353,Inspected,2026-08-16T17:51:48Z
GEN-01353,Shipped,2026-08-16T20:10:57Z
GEN-01353,Delivered,2026-08-16T23:12:02Z
GEN-01354,Order Created,2026-08-07T08:55:30Z
GEN-01354,Payment Received,2026-08-07T09:06:14Z
GEN-01354,Packed,2026-08-07T17:50:26Z
GEN-01354,Inspected,2026-08-07T18:34:04Z
GEN-01354,Shipped,2026-08-07T19:35:34Z
GEN-01354,Delivered,2026-08-08T00:19:51Z
GEN-01355,Order Created,2026-08-07T18:35:14Z
GEN-01355,Payment Received,2026-08-07T18:53:58Z
GEN-01355,Packed,2026-08-08T00:12:39Z
GEN-01355,Inspected,2026-08-08T01:01:12Z
GEN-01355,Packed,2026-08-08T02:34:19Z
GEN-01355,Inspected,2026-08-08T03:00:50Z
GEN-01355,Packed,2026-08-08T04:44:39Z
GEN-01355,Inspected,2026-08-08T05:34:20Z
GEN-01355,Shipped,2026-08-08T06:43:13Z
GEN-01355,Delivered,2026-08-08T10:49:04Z
GEN-01356,Order Created,2026-08-13T11:12:49Z
GEN-01356,Payment Received,2026-08-13T11:27:42Z
GEN-01356,Packed,2026-08-13T15:14:19Z
GEN-01356,Inspected,2026-08-13T16:08:51Z
GEN-01356,Shipped,2026-08-13T18:48:21Z
GEN-01356,Delivered,2026-08-13T20:20:53Z
GEN-01357,Order Created,2026-08-04T18:35:04Z
GEN-01357,Payment Received,2026-08-04T18:46:03Z
GEN-01357,Packed,2026-08-05T00:15:48Z
GEN-01357,Inspected,2026-08-05T01:13:34Z
GEN-01357,Shipped,2026-08-05T03:52:01Z
GEN-01357,Delivered,2026-08-05T05:53:37Z
GEN-01358,Order Created,2026-08-14T18:25:25Z
GEN-01358,Payment Attempt,2026-08-14T18:45:25Z
GEN-01358,Payment Received,2026-08-14T18:57:56Z
GEN-01358,Packed,2026-08-15T02:28:35Z
GEN-01358,Inspected,2026-08-15T03:15:54Z
GEN-01358,Shipped,2026-08-15T04:23:53Z
GEN-01358,Delivered,2026-08-15T09:52:57Z
GEN-01359,Order Created,2026-08-04T17:55:01Z
GEN-01359,Payment Received,2026-08-04T17:59:16Z
GEN-01359,Packed,2026-08-04T23:06:22Z
GEN-01359,Inspected,2026-08-04T23:27:35Z
GEN-01359,Shipped,2026-08-05T03:13:19Z
GEN-01359,Delivered,2026-08-05T06:15:15Z
GEN-01360,Order Created,2026-08-15T15:37:43Z
GEN-01360,Payment Received,2026-08-15T15:56:06Z
GEN-01360,Packed,2026-08-16T08:46:54Z
GEN-01360,Inspected,2026-08-16T09:22:14Z
GEN-01360,Shipped,2026-08-16T11:25:29Z
GEN-01360,Delivered,2026-08-16T13:44:32Z
GEN-01361,Order Created,2026-08-13T09:07:50Z
GEN-01361,Payment Received,2026-08-13T09:16:13Z
GEN-01361,Packed,2026-08-13T13:24:44Z
GEN-01361,Inspected,2026-08-13T14:09:05Z
GEN-01361,Shipped,2026-08-13T15:43:10Z
GEN-01361,Delivered,2026-08-13T17:33:47Z
GEN-01362,Order Created,2026-08-07T14:07:20Z
GEN-01362,Payment Attempt,2026-08-07T14:18:29Z
GEN-01362,Payment Received,2026-08-07T14:26:38Z
GEN-01362,Packed,2026-08-07T17:36:47Z
GEN-01362,Inspected,2026-08-07T18:29:20Z
GEN-01362,Shipped,2026-08-07T21:28:45Z
GEN-01362,Delivered,2026-08-07T22:38:17Z
GEN-01363,Order Created,2026-08-04T10:33:54Z
GEN-01363,Payment Received,2026-08-04T10:40:35Z
GEN-01363,Packed,2026-08-04T18:01:50Z
GEN-01363,Inspected,2026-08-04T18:50:54Z
GEN-01363,Shipped,2026-08-04T22:09:52Z
GEN-01363,Delivered,2026-08-05T00:15:19Z
GEN-01364,Order Created,2026-08-07T08:40:44Z
GEN-01364,Payment Attempt,2026-08-07T09:01:02Z
GEN-01364,Payment Received,2026-08-07T09:16:22Z
GEN-01364,Packed,2026-08-07T13:43:05Z
GEN-01364,Inspected,2026-08-07T14:31:49Z
GEN-01364,Shipped,2026-08-07T15:51:11Z
GEN-01364,Delivered,2026-08-07T18:35:15Z
GEN-01365,Order Created,2026-08-04T15:14:01Z
GEN-01365,Payment Received,2026-08-04T15:17:05Z
GEN-01365,Packed,2026-08-04T22:59:50Z
GEN-01365,Inspected,2026-08-04T23:54:16Z
GEN-01365,Packed,2026-08-05T01:58:56Z
GEN-01365,Inspected,2026-08-05T02:36:41Z
GEN-01365,Packed,2026-08-05T04:06:45Z
GEN-01365,Inspected,2026-08-05T04:48:37Z
GEN-01365,Packed,2026-08-05T07:20:43Z
GEN-01365,Inspected,2026-08-05T08:20:27Z
GEN-01365,Shipped,2026-08-05T10:55:06Z
GEN-01365,Delivered,2026-08-05T13:59:24Z
GEN-01366,Order Created,2026-08-07T12:08:26Z
GEN-01366,Payment Attempt,2026-08-07T12:30:25Z
GEN-01366,Payment Received,2026-08-07T12:35:58Z
GEN-01366,Packed,2026-08-07T17:22:29Z
GEN-01366,Inspected,2026-08-07T18:14:37Z
GEN-01366,Shipped,2026-08-07T20:42:39Z
GEN-01366,Delivered,2026-08-07T23:23:09Z
GEN-01367,Order Created,2026-08-06T17:06:22Z
GEN-01367,Payment Received,2026-08-06T17:25:39Z
GEN-01367,Packed,2026-08-07T19:07:10Z
GEN-01367,Inspected,2026-08-07T19:43:00Z
GEN-01367,Shipped,2026-08-07T20:47:44Z
GEN-01367,Delivered,2026-08-07T23:02:30Z
GEN-01368,Order Created,2026-08-10T19:08:13Z
GEN-01368,Payment Received,2026-08-10T19:18:12Z
GEN-01368,Packed,2026-08-10T23:30:37Z
GEN-01368,Inspected,2026-08-10T23:56:12Z
GEN-01368,Shipped,2026-08-11T01:36:39Z
GEN-01368,Delivered,2026-08-11T05:45:26Z
GEN-01369,Order Created,2026-08-08T18:26:26Z
GEN-01369,Payment Received,2026-08-08T18:39:48Z
GEN-01369,Packed,2026-08-09T16:43:33Z
GEN-01369,Inspected,2026-08-09T17:13:59Z
GEN-01369,Shipped,2026-08-09T20:52:06Z
GEN-01369,Delivered,2026-08-09T23:58:15Z
GEN-01370,Order Created,2026-08-10T17:38:51Z
GEN-01370,Payment Received,2026-08-10T17:52:41Z
GEN-01370,Packed,2026-08-11T03:31:05Z
GEN-01370,Inspected,2026-08-11T04:25:37Z
GEN-01370,Shipped,2026-08-11T07:36:34Z
GEN-01370,Delivered,2026-08-11T11:49:29Z
GEN-01371,Order Created,2026-08-06T13:57:56Z
GEN-01371,Payment Received,2026-08-06T14:14:34Z
GEN-01371,Packed,2026-08-06T19:00:54Z
GEN-01372,Order Created,2026-08-12T09:09:51Z
GEN-01372,Payment Received,2026-08-12T09:28:25Z
GEN-01372,Packed,2026-08-12T12:27:36Z
GEN-01372,Inspected,2026-08-12T13:22:46Z
GEN-01372,Packed,2026-08-12T15:21:43Z
GEN-01372,Inspected,2026-08-12T15:44:38Z
GEN-01372,Packed,2026-08-12T17:05:07Z
GEN-01372,Inspected,2026-08-12T17:34:10Z
GEN-01372,Packed,2026-08-12T19:27:16Z
GEN-01372,Inspected,2026-08-12T19:55:55Z
GEN-01372,Shipped,2026-08-12T22:32:11Z
GEN-01372,Delivered,2026-08-13T01:38:23Z
GEN-01373,Order Created,2026-08-11T17:59:30Z
GEN-01373,Payment Received,2026-08-11T18:08:49Z
GEN-01373,Packed,2026-08-11T21:17:36Z
GEN-01373,Inspected,2026-08-11T21:51:02Z
GEN-01373,Shipped,2026-08-11T23:24:02Z
GEN-01373,Delivered,2026-08-12T02:25:41Z
GEN-01374,Order Created,2026-08-10T09:12:56Z
GEN-01374,Payment Received,2026-08-10T09:32:23Z
GEN-01374,Packed,2026-08-10T12:28:49Z
GEN-01374,Inspected,2026-08-10T13:05:31Z
GEN-01374,Packed,2026-08-10T14:14:30Z
GEN-01374,Inspected,2026-08-10T14:50:37Z
GEN-01374,Packed,2026-08-10T17:25:25Z
GEN-01374,Inspected,2026-08-10T17:51:41Z
GEN-01374,Shipped,2026-08-10T20:37:03Z
GEN-01374,Delivered,2026-08-10T22:53:30Z
GEN-01375,Order Created,2026-08-05T11:44:01Z
GEN-01375,Payment Received,2026-08-05T11:55:08Z
GEN-01375,Packed,2026-08-05T17:37:16Z
GEN-01375,Inspected,2026-08-05T17:57:42Z
GEN-01375,Packed,2026-08-05T19:20:38Z
GEN-01375,Inspected,2026-08-05T19:41:02Z
GEN-01375,Packed,2026-08-05T21:58:54Z
GEN-01375,Inspected,2026-08-05T22:49:10Z
GEN-01375,Shipped,2026-08-06T02:08:28Z
GEN-01375,Delivered,2026-08-06T04:54:47Z
GEN-01376,Order Created,2026-08-06T14:58:30Z
GEN-01376,Payment Received,2026-08-06T15:16:02Z
GEN-01376,Packed,2026-08-06T19:17:15Z
GEN-01376,Inspected,2026-08-06T20:02:00Z
GEN-01376,Shipped,2026-08-06T21:33:06Z
GEN-01376,Delivered,2026-08-07T01:38:04Z
GEN-01377,Order Created,2026-08-12T08:16:05Z
GEN-01377,Payment Received,2026-08-12T08:19:19Z
GEN-01377,Packed,2026-08-12T17:30:14Z
GEN-01377,Inspected,2026-08-12T17:56:08Z
GEN-01377,Shipped,2026-08-12T19:16:01Z
GEN-01377,Delivered,2026-08-12T21:25:19Z
GEN-01378,Order Created,2026-08-03T16:10:33Z
GEN-01378,Payment Received,2026-08-03T16:24:03Z
GEN-01378,Packed,2026-08-04T01:32:01Z
GEN-01378,Inspected,2026-08-04T02:02:41Z
GEN-01378,Shipped,2026-08-04T04:51:54Z
GEN-01378,Delivered,2026-08-04T06:41:16Z
GEN-01379,Order Created,2026-08-04T18:31:06Z
GEN-01379,Payment Received,2026-08-04T18:35:00Z
GEN-01379,Packed,2026-08-05T00:34:23Z
GEN-01379,Inspected,2026-08-05T01:24:11Z
GEN-01379,Shipped,2026-08-05T03:23:52Z
GEN-01379,Delivered,2026-08-05T05:03:23Z
GEN-01380,Order Created,2026-08-05T11:30:54Z
GEN-01380,Payment Received,2026-08-05T11:45:40Z
GEN-01380,Packed,2026-08-05T15:17:00Z
GEN-01380,Inspected,2026-08-05T16:01:44Z
GEN-01380,Shipped,2026-08-05T18:56:54Z
GEN-01380,Delivered,2026-08-05T20:25:59Z
GEN-01381,Order Created,2026-08-03T19:42:56Z
GEN-01381,Payment Received,2026-08-03T19:51:34Z
GEN-01381,Packed,2026-08-04T05:32:16Z
GEN-01381,Inspected,2026-08-04T06:24:25Z
GEN-01381,Shipped,2026-08-04T08:40:10Z
GEN-01381,Delivered,2026-08-04T11:30:35Z
GEN-01382,Order Created,2026-08-05T14:32:11Z
GEN-01382,Payment Received,2026-08-05T14:48:25Z
GEN-01382,Packed,2026-08-05T19:07:11Z
GEN-01382,Inspected,2026-08-05T20:01:23Z
GEN-01382,Shipped,2026-08-05T21:29:14Z
GEN-01382,Delivered,2026-08-05T23:57:46Z
GEN-01383,Order Created,2026-08-06T11:34:08Z
GEN-01383,Payment Received,2026-08-06T11:40:33Z
GEN-01383,Packed,2026-08-06T16:20:36Z
GEN-01383,Inspected,2026-08-06T16:55:26Z
GEN-01383,Shipped,2026-08-06T18:51:20Z
GEN-01383,Delivered,2026-08-06T21:55:53Z
GEN-01384,Order Created,2026-08-07T10:45:59Z
GEN-01384,Payment Received,2026-08-07T11:02:46Z
GEN-01384,Packed,2026-08-07T16:41:41Z
GEN-01384,Inspected,2026-08-07T17:19:38Z
GEN-01384,Shipped,2026-08-07T21:09:37Z
GEN-01384,Delivered,2026-08-07T23:26:46Z
GEN-01385,Order Created,2026-08-04T13:36:45Z
GEN-01385,Payment Received,2026-08-04T13:55:10Z
GEN-01385,Packed,2026-08-04T21:25:00Z
GEN-01385,Inspected,2026-08-04T22:17:43Z
GEN-01385,Shipped,2026-08-05T02:17:36Z
GEN-01385,Delivered,2026-08-05T03:58:03Z
GEN-01386,Order Created,2026-08-03T14:47:03Z
GEN-01386,Payment Received,2026-08-03T15:06:36Z
GEN-01386,Packed,2026-08-04T03:34:56Z
GEN-01386,Inspected,2026-08-04T04:03:54Z
GEN-01386,Shipped,2026-08-04T06:46:12Z
GEN-01386,Delivered,2026-08-04T08:39:59Z
GEN-01387,Order Created,2026-08-04T10:07:02Z
GEN-01387,Payment Received,2026-08-04T10:09:38Z
GEN-01387,Packed,2026-08-05T00:43:44Z
GEN-01387,Inspected,2026-08-05T01:26:56Z
GEN-01387,Shipped,2026-08-05T05:24:34Z
GEN-01387,Delivered,2026-08-05T08:20:28Z
GEN-01388,Order Created,2026-08-04T19:07:24Z
GEN-01388,Payment Received,2026-08-04T19:16:30Z
GEN-01388,Packed,2026-08-04T22:18:28Z
GEN-01388,Inspected,2026-08-04T22:39:51Z
GEN-01388,Shipped,2026-08-05T00:17:48Z
GEN-01388,Delivered,2026-08-05T02:11:35Z
GEN-01389,Order Created,2026-08-04T15:41:39Z
GEN-01389,Payment Attempt,2026-08-04T16:02:03Z
GEN-01389,Payment Attempt,2026-08-04T16:22:06Z
GEN-01389,Payment Received,2026-08-04T16:24:20Z
GEN-01389,Packed,2026-08-04T22:09:33Z
GEN-01390,Order Created,2026-08-14T10:07:04Z
GEN-01391,Order Created,2026-08-08T16:44:11Z
GEN-01391,Payment Attempt,2026-08-08T16:52:51Z
GEN-01391,Payment Received,2026-08-08T17:04:23Z
GEN-01391,Packed,2026-08-09T03:29:12Z
GEN-01391,Inspected,2026-08-09T04:15:19Z
GEN-01391,Packed,2026-08-09T07:08:18Z
GEN-01391,Inspected,2026-08-09T07:29:25Z
GEN-01391,Packed,2026-08-09T09:07:32Z
GEN-01391,Inspected,2026-08-09T10:03:46Z
GEN-01391,Shipped,2026-08-09T12:54:05Z
GEN-01391,Delivered,2026-08-09T18:43:13Z
GEN-01392,Order Created,2026-08-07T16:56:48Z
GEN-01392,Payment Received,2026-08-07T17:14:56Z
GEN-01392,Packed,2026-08-07T20:30:58Z
GEN-01392,Inspected,2026-08-07T21:16:46Z
GEN-01392,Shipped,2026-08-07T23:50:58Z
GEN-01393,Order Created,2026-08-07T08:54:45Z
GEN-01393,Payment Attempt,2026-08-07T09:02:19Z
GEN-01393,Payment Received,2026-08-07T09:17:02Z
GEN-01393,Packed,2026-08-07T20:09:44Z
GEN-01393,Inspected,2026-08-07T21:08:09Z
GEN-01393,Packed,2026-08-07T23:03:30Z
GEN-01393,Inspected,2026-08-07T23:59:46Z
GEN-01393,Packed,2026-08-08T02:34:34Z
GEN-01393,Inspected,2026-08-08T03:17:57Z
GEN-01393,Packed,2026-08-08T05:52:24Z
GEN-01393,Inspected,2026-08-08T06:18:53Z
GEN-01393,Shipped,2026-08-08T07:30:31Z
GEN-01393,Delivered,2026-08-08T10:03:22Z
GEN-01394,Order Created,2026-08-14T09:08:33Z
GEN-01394,Payment Attempt,2026-08-14T09:23:47Z
GEN-01394,Payment Received,2026-08-14T09:27:59Z
GEN-01394,Packed,2026-08-14T14:20:55Z
GEN-01394,Inspected,2026-08-14T15:02:00Z
GEN-01394,Shipped,2026-08-14T17:50:53Z
GEN-01394,Delivered,2026-08-14T22:10:49Z
GEN-01395,Order Created,2026-08-13T14:26:14Z
GEN-01395,Payment Received,2026-08-13T14:45:10Z
GEN-01395,Packed,2026-08-13T22:48:14Z
GEN-01395,Inspected,2026-08-13T23:12:33Z
GEN-01395,Shipped,2026-08-14T02:24:41Z
GEN-01396,Order Created,2026-08-11T19:24:02Z
GEN-01396,Payment Received,2026-08-11T19:38:11Z
GEN-01396,Packed,2026-08-12T00:42:52Z
GEN-01396,Inspected,2026-08-12T01:24:49Z
GEN-01396,Shipped,2026-08-12T03:50:43Z
GEN-01396,Delivered,2026-08-12T06:20:46Z
GEN-01397,Order Created,2026-08-03T09:25:30Z
GEN-01397,Payment Attempt,2026-08-03T09:39:35Z
GEN-01397,Payment Attempt,2026-08-03T09:46:30Z
GEN-01397,Payment Received,2026-08-03T09:59:57Z
GEN-01397,Packed,2026-08-03T14:14:54Z
GEN-01397,Inspected,2026-08-03T14:50:27Z
GEN-01397,Shipped,2026-08-03T17:10:03Z
GEN-01397,Delivered,2026-08-03T21:26:34Z
GEN-01398,Order Created,2026-08-13T08:09:17Z
GEN-01398,Payment Received,2026-08-13T08:28:58Z
GEN-01398,Packed,2026-08-13T16:40:49Z
GEN-01398,Inspected,2026-08-13T17:39:36Z
GEN-01398,Shipped,2026-08-13T21:35:02Z
GEN-01398,Delivered,2026-08-13T23:31:09Z
GEN-01399,Order Created,2026-08-04T18:40:20Z
GEN-01399,Payment Received,2026-08-04T18:44:58Z
GEN-01399,Packed,2026-08-05T01:49:10Z
GEN-01399,Inspected,2026-08-05T02:30:55Z
GEN-01399,Shipped,2026-08-05T03:56:57Z
GEN-01399,Delivered,2026-08-05T09:57:25Z
GEN-01400,Order Created,2026-08-03T10:42:01Z
GEN-01400,Payment Attempt,2026-08-03T10:48:31Z
GEN-01400,Payment Attempt,2026-08-03T10:57:54Z
GEN-01400,Payment Received,2026-08-03T11:07:02Z
GEN-01400,Packed,2026-08-04T01:07:35Z
GEN-01400,Inspected,2026-08-04T02:04:57Z
GEN-01400,Shipped,2026-08-04T04:29:58Z
GEN-01400,Delivered,2026-08-04T08:05:41Z
GEN-01401,Order Created,2026-08-16T14:36:32Z
GEN-01401,Payment Attempt,2026-08-16T14:59:12Z
GEN-01401,Payment Attempt,2026-08-16T15:03:51Z
GEN-01401,Payment Received,2026-08-16T15:13:00Z
GEN-01401,Packed,2026-08-17T00:23:35Z
GEN-01401,Inspected,2026-08-17T01:12:42Z
GEN-01401,Shipped,2026-08-17T02:13:29Z
GEN-01402,Order Created,2026-08-06T09:37:54Z
GEN-01402,Payment Received,2026-08-06T09:50:16Z
GEN-01402,Packed,2026-08-06T17:59:13Z
GEN-01402,Inspected,2026-08-06T18:46:19Z
GEN-01402,Shipped,2026-08-06T22:27:15Z
GEN-01402,Delivered,2026-08-07T02:49:12Z
GEN-01403,Order Created,2026-08-07T09:39:59Z
GEN-01403,Payment Received,2026-08-07T09:46:44Z
GEN-01403,Packed,2026-08-07T19:06:43Z
GEN-01403,Inspected,2026-08-07T19:58:31Z
GEN-01403,Shipped,2026-08-07T21:04:26Z
GEN-01403,Delivered,2026-08-07T22:39:25Z
GEN-01404,Order Created,2026-08-04T12:56:04Z
GEN-01404,Payment Received,2026-08-04T13:02:41Z
GEN-01404,Packed,2026-08-04T17:25:31Z
GEN-01404,Inspected,2026-08-04T17:46:08Z
GEN-01404,Shipped,2026-08-04T20:18:14Z
GEN-01404,Delivered,2026-08-05T00:47:52Z
GEN-01405,Order Created,2026-08-09T18:44:29Z
GEN-01405,Payment Received,2026-08-09T18:50:29Z
GEN-01405,Packed,2026-08-10T18:44:09Z
GEN-01405,Inspected,2026-08-10T19:38:37Z
GEN-01405,Packed,2026-08-10T20:44:09Z
GEN-01405,Inspected,2026-08-10T21:42:36Z
GEN-01405,Shipped,2026-08-10T23:36:29Z
GEN-01405,Delivered,2026-08-11T01:58:49Z
GEN-01406,Order Created,2026-08-06T14:15:08Z
GEN-01406,Payment Received,2026-08-06T14:26:34Z
GEN-01406,Packed,2026-08-07T00:51:33Z
GEN-01406,Inspected,2026-08-07T01:19:11Z
GEN-01406,Shipped,2026-08-07T04:57:36Z
GEN-01406,Delivered,2026-08-07T08:33:03Z
GEN-01407,Order Created,2026-08-06T18:35:36Z
GEN-01407,Payment Received,2026-08-06T18:46:55Z
GEN-01407,Packed,2026-08-07T05:41:14Z
GEN-01407,Inspected,2026-08-07T06:36:15Z
GEN-01407,Shipped,2026-08-07T07:44:16Z
GEN-01407,Delivered,2026-08-07T09:22:34Z
GEN-01408,Order Created,2026-08-13T18:10:53Z
GEN-01408,Payment Attempt,2026-08-13T18:18:47Z
GEN-01408,Payment Received,2026-08-13T18:26:35Z
GEN-01408,Packed,2026-08-13T21:24:57Z
GEN-01408,Inspected,2026-08-13T22:03:27Z
GEN-01408,Shipped,2026-08-14T00:29:17Z
GEN-01408,Delivered,2026-08-14T04:03:02Z
GEN-01409,Order Created,2026-08-06T13:59:52Z
GEN-01409,Payment Attempt,2026-08-06T14:11:01Z
GEN-01409,Payment Received,2026-08-06T14:28:22Z
GEN-01409,Packed,2026-08-06T23:24:40Z
GEN-01409,Inspected,2026-08-07T00:16:42Z
GEN-01409,Shipped,2026-08-07T02:58:31Z
GEN-01409,Delivered,2026-08-07T05:39:14Z
GEN-01410,Order Created,2026-08-06T19:31:25Z
GEN-01410,Payment Received,2026-08-06T19:46:09Z
GEN-01410,Packed,2026-08-06T23:38:25Z
GEN-01410,Inspected,2026-08-07T00:28:59Z
GEN-01410,Shipped,2026-08-07T03:23:56Z
GEN-01410,Delivered,2026-08-07T08:03:26Z
GEN-01411,Order Created,2026-08-11T12:28:16Z
GEN-01411,Payment Received,2026-08-11T12:45:10Z
GEN-01411,Packed,2026-08-11T23:29:56Z
GEN-01411,Inspected,2026-08-11T23:50:22Z
GEN-01411,Shipped,2026-08-12T03:17:45Z
GEN-01411,Delivered,2026-08-12T05:56:16Z
GEN-01412,Order Created,2026-08-07T18:40:53Z
GEN-01412,Payment Received,2026-08-07T18:51:30Z
GEN-01412,Packed,2026-08-07T22:16:01Z
GEN-01412,Inspected,2026-08-07T22:46:29Z
GEN-01412,Shipped,2026-08-08T00:24:08Z
GEN-01412,Delivered,2026-08-08T02:19:01Z
GEN-01413,Order Created,2026-08-06T19:41:40Z
GEN-01413,Payment Received,2026-08-06T19:58:31Z
GEN-01413,Packed,2026-08-07T05:07:09Z
GEN-01413,Inspected,2026-08-07T06:01:54Z
GEN-01413,Shipped,2026-08-07T08:33:11Z
GEN-01413,Delivered,2026-08-07T10:12:49Z
GEN-01414,Order Created,2026-08-04T16:19:07Z
GEN-01414,Payment Received,2026-08-04T16:25:29Z
GEN-01414,Packed,2026-08-04T19:23:10Z
GEN-01414,Inspected,2026-08-04T20:22:44Z
GEN-01414,Shipped,2026-08-04T22:23:55Z
GEN-01414,Delivered,2026-08-04T23:58:31Z
GEN-01415,Order Created,2026-08-05T19:27:39Z
GEN-01415,Payment Received,2026-08-05T19:34:49Z
GEN-01415,Packed,2026-08-06T16:46:34Z
GEN-01415,Inspected,2026-08-06T17:39:17Z
GEN-01415,Shipped,2026-08-06T18:48:31Z
GEN-01415,Delivered,2026-08-06T23:41:43Z
GEN-01416,Order Created,2026-08-03T13:02:08Z
GEN-01416,Payment Received,2026-08-03T13:16:00Z
GEN-01416,Packed,2026-08-03T17:59:28Z
GEN-01416,Inspected,2026-08-03T18:34:56Z
GEN-01416,Shipped,2026-08-03T22:13:11Z
GEN-01416,Delivered,2026-08-04T00:52:11Z
GEN-01417,Order Created,2026-08-06T17:51:43Z
GEN-01417,Payment Received,2026-08-06T18:06:22Z
GEN-01417,Packed,2026-08-06T23:18:15Z
GEN-01417,Inspected,2026-08-06T23:42:38Z
GEN-01417,Shipped,2026-08-07T01:43:36Z
GEN-01417,Delivered,2026-08-07T04:02:37Z
GEN-01418,Order Created,2026-08-09T09:25:07Z
GEN-01418,Payment Received,2026-08-09T09:34:38Z
GEN-01418,Packed,2026-08-09T18:02:44Z
GEN-01419,Order Created,2026-08-16T15:22:08Z
GEN-01419,Payment Received,2026-08-16T15:36:44Z
GEN-01419,Packed,2026-08-17T14:51:02Z
GEN-01419,Inspected,2026-08-17T15:46:26Z
GEN-01419,Shipped,2026-08-17T18:11:19Z
GEN-01419,Delivered,2026-08-17T21:34:36Z
GEN-01420,Order Created,2026-08-10T14:03:22Z
GEN-01420,Payment Received,2026-08-10T14:20:48Z
GEN-01420,Packed,2026-08-10T17:23:15Z
GEN-01420,Inspected,2026-08-10T17:59:39Z
GEN-01420,Shipped,2026-08-10T19:12:12Z
GEN-01420,Delivered,2026-08-10T22:08:07Z
GEN-01421,Order Created,2026-08-04T11:43:21Z
GEN-01421,Payment Attempt,2026-08-04T11:50:40Z
GEN-01421,Payment Attempt,2026-08-04T12:01:46Z
GEN-01421,Payment Received,2026-08-04T12:09:57Z
GEN-01421,Packed,2026-08-04T20:04:24Z
GEN-01421,Inspected,2026-08-04T20:25:19Z
GEN-01421,Shipped,2026-08-04T22:55:00Z
GEN-01421,Delivered,2026-08-05T01:21:08Z
GEN-01422,Order Created,2026-08-12T17:20:35Z
GEN-01422,Payment Received,2026-08-12T17:24:45Z
GEN-01422,Packed,2026-08-12T23:22:12Z
GEN-01422,Inspected,2026-08-12T23:59:24Z
GEN-01422,Shipped,2026-08-13T02:22:35Z
GEN-01422,Delivered,2026-08-13T09:05:50Z
GEN-01423,Order Created,2026-08-16T17:28:36Z
GEN-01423,Payment Received,2026-08-16T17:40:40Z
GEN-01423,Packed,2026-08-17T01:47:58Z
GEN-01423,Inspected,2026-08-17T02:41:32Z
GEN-01423,Shipped,2026-08-17T06:06:18Z
GEN-01423,Delivered,2026-08-17T11:48:09Z
GEN-01424,Order Created,2026-08-11T08:42:19Z
GEN-01424,Payment Attempt,2026-08-11T08:52:54Z
GEN-01424,Payment Received,2026-08-11T09:12:09Z
GEN-01424,Packed,2026-08-11T15:44:18Z
GEN-01424,Inspected,2026-08-11T16:35:56Z
GEN-01424,Shipped,2026-08-11T19:49:17Z
GEN-01424,Delivered,2026-08-11T22:04:01Z
GEN-01425,Order Created,2026-08-04T16:28:25Z
GEN-01425,Payment Received,2026-08-04T16:44:30Z
GEN-01425,Packed,2026-08-04T19:28:33Z
GEN-01425,Inspected,2026-08-04T20:20:06Z
GEN-01425,Shipped,2026-08-04T22:28:47Z
GEN-01425,Delivered,2026-08-05T00:19:50Z
GEN-01426,Order Created,2026-08-06T18:03:22Z
GEN-01426,Payment Attempt,2026-08-06T18:12:21Z
GEN-01426,Payment Attempt,2026-08-06T18:18:37Z
GEN-01426,Payment Received,2026-08-06T18:37:56Z
GEN-01426,Packed,2026-08-07T11:13:33Z
GEN-01426,Inspected,2026-08-07T11:56:42Z
GEN-01426,Packed,2026-08-07T14:43:15Z
GEN-01426,Inspected,2026-08-07T15:27:23Z
GEN-01426,Shipped,2026-08-07T19:05:54Z
GEN-01426,Delivered,2026-08-07T22:48:32Z
GEN-01427,Order Created,2026-08-12T17:21:49Z
GEN-01427,Payment Received,2026-08-12T17:25:50Z
GEN-01427,Packed,2026-08-12T19:59:17Z
GEN-01427,Inspected,2026-08-12T20:57:11Z
GEN-01427,Shipped,2026-08-13T00:15:04Z
GEN-01427,Delivered,2026-08-13T05:48:45Z
GEN-01428,Order Created,2026-08-03T11:51:09Z
GEN-01428,Payment Received,2026-08-03T12:02:20Z
GEN-01428,Packed,2026-08-03T17:35:25Z
GEN-01428,Inspected,2026-08-03T18:00:36Z
GEN-01428,Packed,2026-08-03T19:48:50Z
GEN-01428,Inspected,2026-08-03T20:25:34Z
GEN-01428,Packed,2026-08-03T21:36:57Z
GEN-01428,Inspected,2026-08-03T21:58:34Z
GEN-01428,Shipped,2026-08-04T01:30:55Z
GEN-01428,Delivered,2026-08-04T07:01:40Z
GEN-01429,Order Created,2026-08-03T11:15:54Z
GEN-01429,Payment Received,2026-08-03T11:26:46Z
GEN-01429,Packed,2026-08-03T15:07:49Z
GEN-01429,Inspected,2026-08-03T15:32:42Z
GEN-01429,Shipped,2026-08-03T18:57:23Z
GEN-01429,Delivered,2026-08-03T23:58:59Z
GEN-01430,Order Created,2026-08-05T12:51:43Z
GEN-01430,Payment Received,2026-08-05T12:54:43Z
GEN-01430,Packed,2026-08-05T16:33:45Z
GEN-01430,Inspected,2026-08-05T17:32:13Z
GEN-01430,Shipped,2026-08-05T21:05:58Z
GEN-01430,Delivered,2026-08-05T23:07:59Z
GEN-01431,Order Created,2026-08-06T15:19:46Z
GEN-01431,Payment Received,2026-08-06T15:31:47Z
GEN-01431,Packed,2026-08-06T22:26:24Z
GEN-01431,Inspected,2026-08-06T23:16:58Z
GEN-01431,Shipped,2026-08-07T00:53:33Z
GEN-01431,Delivered,2026-08-07T03:32:12Z
GEN-01432,Order Created,2026-08-13T18:49:56Z
GEN-01432,Payment Attempt,2026-08-13T19:01:42Z
GEN-01432,Payment Received,2026-08-13T19:16:47Z
GEN-01432,Packed,2026-08-14T02:50:46Z
GEN-01432,Inspected,2026-08-14T03:13:23Z
GEN-01432,Shipped,2026-08-14T04:22:32Z
GEN-01432,Delivered,2026-08-14T06:31:20Z
GEN-01433,Order Created,2026-08-04T16:10:14Z
GEN-01433,Payment Received,2026-08-04T16:16:38Z
GEN-01433,Packed,2026-08-04T23:17:10Z
GEN-01433,Inspected,2026-08-04T23:57:47Z
GEN-01433,Shipped,2026-08-05T02:23:29Z
GEN-01433,Delivered,2026-08-05T03:50:11Z
GEN-01434,Order Created,2026-08-14T19:29:04Z
GEN-01434,Payment Attempt,2026-08-14T19:49:42Z
GEN-01434,Payment Received,2026-08-14T20:00:52Z
GEN-01434,Packed,2026-08-15T02:18:12Z
GEN-01434,Inspected,2026-08-15T03:05:06Z
GEN-01434,Packed,2026-08-15T05:32:37Z
GEN-01434,Inspected,2026-08-15T06:12:43Z
GEN-01434,Packed,2026-08-15T09:08:11Z
GEN-01434,Inspected,2026-08-15T09:43:45Z
GEN-01434,Packed,2026-08-15T12:06:52Z
GEN-01434,Inspected,2026-08-15T12:56:42Z
GEN-01434,Shipped,2026-08-15T14:42:11Z
GEN-01434,Delivered,2026-08-15T19:16:38Z
GEN-01435,Order Created,2026-08-03T16:34:15Z
GEN-01435,Payment Received,2026-08-03T16:37:38Z
GEN-01435,Packed,2026-08-03T21:59:06Z
GEN-01435,Inspected,2026-08-03T22:23:33Z
GEN-01435,Shipped,2026-08-04T00:35:46Z
GEN-01435,Delivered,2026-08-04T03:05:57Z
GEN-01436,Order Created,2026-08-13T14:23:54Z
GEN-01436,Payment Received,2026-08-13T14:35:03Z
GEN-01436,Packed,2026-08-14T00:52:46Z
GEN-01436,Inspected,2026-08-14T01:48:53Z
GEN-01436,Shipped,2026-08-14T05:48:29Z
GEN-01436,Delivered,2026-08-14T08:47:13Z
GEN-01437,Order Created,2026-08-03T15:39:14Z
GEN-01437,Payment Received,2026-08-03T15:46:34Z
GEN-01437,Packed,2026-08-04T00:29:23Z
GEN-01437,Inspected,2026-08-04T01:25:34Z
GEN-01437,Shipped,2026-08-04T05:01:02Z
GEN-01437,Delivered,2026-08-04T08:48:01Z
GEN-01438,Order Created,2026-08-16T10:06:23Z
GEN-01438,Payment Received,2026-08-16T10:11:40Z
GEN-01438,Packed,2026-08-16T17:27:19Z
GEN-01438,Inspected,2026-08-16T17:54:10Z
GEN-01438,Shipped,2026-08-16T20:05:27Z
GEN-01439,Order Created,2026-08-09T14:21:37Z
GEN-01439,Payment Attempt,2026-08-09T14:32:23Z
GEN-01439,Payment Received,2026-08-09T14:47:51Z
GEN-01439,Packed,2026-08-10T09:32:20Z
GEN-01439,Inspected,2026-08-10T10:26:20Z
GEN-01439,Packed,2026-08-10T12:21:32Z
GEN-01439,Inspected,2026-08-10T13:12:56Z
GEN-01439,Shipped,2026-08-10T15:58:46Z
GEN-01439,Delivered,2026-08-10T20:10:23Z
GEN-01440,Order Created,2026-08-06T16:16:10Z
GEN-01440,Payment Received,2026-08-06T16:24:02Z
GEN-01440,Packed,2026-08-07T08:39:16Z
GEN-01440,Inspected,2026-08-07T09:39:03Z
GEN-01440,Shipped,2026-08-07T12:25:20Z
GEN-01441,Order Created,2026-08-06T19:45:59Z
GEN-01441,Payment Received,2026-08-06T19:59:59Z
GEN-01441,Packed,2026-08-07T04:00:07Z
GEN-01441,Inspected,2026-08-07T04:52:08Z
GEN-01441,Packed,2026-08-07T05:54:51Z
GEN-01441,Inspected,2026-08-07T06:46:22Z
GEN-01441,Shipped,2026-08-07T07:51:17Z
GEN-01441,Delivered,2026-08-07T11:08:14Z
GEN-01442,Order Created,2026-08-03T10:39:15Z
GEN-01442,Payment Received,2026-08-03T10:41:45Z
GEN-01442,Packed,2026-08-04T01:31:01Z
GEN-01442,Inspected,2026-08-04T02:11:45Z
GEN-01442,Shipped,2026-08-04T05:23:35Z
GEN-01442,Delivered,2026-08-04T08:47:15Z
GEN-01443,Order Created,2026-08-12T17:00:36Z
GEN-01443,Payment Received,2026-08-12T17:20:17Z
GEN-01443,Packed,2026-08-12T23:02:19Z
GEN-01443,Inspected,2026-08-13T00:00:45Z
GEN-01443,Shipped,2026-08-13T02:27:00Z
GEN-01443,Delivered,2026-08-13T05:22:01Z
GEN-01444,Order Created,2026-08-14T12:30:11Z
GEN-01444,Payment Attempt,2026-08-14T12:38:06Z
GEN-01444,Payment Received,2026-08-14T12:47:25Z
GEN-01444,Packed,2026-08-14T15:09:16Z
GEN-01444,Inspected,2026-08-14T15:42:47Z
GEN-01444,Packed,2026-08-14T18:14:47Z
GEN-01444,Inspected,2026-08-14T19:14:19Z
GEN-01444,Packed,2026-08-14T20:46:18Z
GEN-01444,Inspected,2026-08-14T21:18:34Z
GEN-01444,Packed,2026-08-14T23:06:17Z
GEN-01444,Inspected,2026-08-14T23:57:19Z
GEN-01444,Shipped,2026-08-15T01:20:57Z
GEN-01444,Delivered,2026-08-15T04:25:30Z
GEN-01445,Order Created,2026-08-05T17:29:19Z
GEN-01445,Payment Received,2026-08-05T17:37:11Z
GEN-01445,Packed,2026-08-05T23:10:31Z
GEN-01445,Inspected,2026-08-05T23:50:07Z
GEN-01445,Packed,2026-08-06T02:47:59Z
GEN-01445,Inspected,2026-08-06T03:37:47Z
GEN-01445,Shipped,2026-08-06T05:20:48Z
GEN-01445,Delivered,2026-08-06T07:05:30Z
GEN-01446,Order Created,2026-08-11T10:20:03Z
GEN-01446,Payment Received,2026-08-11T10:38:53Z
GEN-01446,Packed,2026-08-11T16:16:41Z
GEN-01446,Inspected,2026-08-11T17:06:22Z
GEN-01446,Packed,2026-08-11T19:26:29Z
GEN-01446,Inspected,2026-08-11T19:47:30Z
GEN-01446,Shipped,2026-08-11T23:24:04Z
GEN-01446,Delivered,2026-08-12T01:19:10Z
GEN-01447,Order Created,2026-08-07T14:07:34Z
GEN-01447,Payment Attempt,2026-08-07T14:18:21Z
GEN-01447,Payment Received,2026-08-07T14:29:33Z
GEN-01447,Packed,2026-08-07T18:08:28Z
GEN-01447,Inspected,2026-08-07T18:52:08Z
GEN-01447,Shipped,2026-08-07T21:50:27Z
GEN-01447,Delivered,2026-08-08T01:24:33Z
GEN-01448,Order Created,2026-08-07T08:48:34Z
GEN-01448,Payment Received,2026-08-07T09:02:12Z
GEN-01448,Packed,2026-08-07T13:01:54Z
GEN-01448,Inspected,2026-08-07T13:37:55Z
GEN-01448,Shipped,2026-08-07T14:48:25Z
GEN-01448,Delivered,2026-08-07T18:46:02Z
GEN-01449,Order Created,2026-08-03T18:06:18Z
GEN-01450,Order Created,2026-08-07T15:55:53Z
GEN-01450,Payment Received,2026-08-07T16:07:01Z
GEN-01450,Packed,2026-08-07T21:17:51Z
GEN-01450,Inspected,2026-08-07T21:57:52Z
GEN-01450,Shipped,2026-08-08T01:22:11Z
GEN-01450,Delivered,2026-08-08T04:22:19Z
GEN-01451,Order Created,2026-08-14T08:31:42Z
GEN-01451,Payment Attempt,2026-08-14T08:55:58Z
GEN-01451,Payment Attempt,2026-08-14T09:05:58Z
GEN-01451,Payment Received,2026-08-14T09:14:54Z
GEN-01451,Packed,2026-08-14T14:29:56Z
GEN-01451,Inspected,2026-08-14T14:53:23Z
GEN-01451,Shipped,2026-08-14T16:37:47Z
GEN-01451,Delivered,2026-08-14T19:45:12Z
GEN-01452,Order Created,2026-08-12T14:57:22Z
GEN-01452,Payment Received,2026-08-12T15:12:11Z
GEN-01452,Packed,2026-08-13T00:48:41Z
GEN-01452,Inspected,2026-08-13T01:43:35Z
GEN-01452,Shipped,2026-08-13T05:25:15Z
GEN-01452,Delivered,2026-08-13T09:08:57Z
GEN-01453,Order Created,2026-08-12T12:55:24Z
GEN-01453,Payment Attempt,2026-08-12T13:18:25Z
GEN-01453,Payment Received,2026-08-12T13:22:04Z
GEN-01453,Packed,2026-08-12T19:03:51Z
GEN-01453,Inspected,2026-08-12T19:52:49Z
GEN-01453,Packed,2026-08-12T21:36:14Z
GEN-01453,Inspected,2026-08-12T22:23:25Z
GEN-01453,Shipped,2026-08-13T02:12:25Z
GEN-01453,Delivered,2026-08-13T04:25:28Z
GEN-01454,Order Created,2026-08-10T16:31:42Z
GEN-01454,Payment Received,2026-08-10T16:40:08Z
GEN-01454,Packed,2026-08-10T21:19:01Z
GEN-01454,Inspected,2026-08-10T21:47:49Z
GEN-01454,Shipped,2026-08-11T00:38:33Z
GEN-01454,Delivered,2026-08-11T03:18:10Z
GEN-01455,Order Created,2026-08-15T11:47:59Z
GEN-01455,Payment Received,2026-08-15T11:54:37Z
GEN-01455,Packed,2026-08-15T15:08:56Z
GEN-01455,Inspected,2026-08-15T15:46:09Z
GEN-01455,Shipped,2026-08-15T18:27:25Z
GEN-01455,Delivered,2026-08-15T20:49:47Z
GEN-01456,Order Created,2026-08-07T17:16:57Z
GEN-01456,Payment Received,2026-08-07T17:32:05Z
GEN-01456,Packed,2026-08-08T00:10:20Z
GEN-01456,Inspected,2026-08-08T00:51:47Z
GEN-01456,Shipped,2026-08-08T02:14:20Z
GEN-01456,Delivered,2026-08-08T07:10:39Z
GEN-01457,Order Created,2026-08-07T15:30:36Z
GEN-01457,Payment Received,2026-08-07T15:41:26Z
GEN-01457,Packed,2026-08-07T21:07:35Z
GEN-01457,Inspected,2026-08-07T21:54:23Z
GEN-01457,Shipped,2026-08-08T00:53:37Z
GEN-01457,Delivered,2026-08-08T04:51:53Z
GEN-01458,Order Created,2026-08-12T09:36:10Z
GEN-01458,Payment Received,2026-08-12T09:46:46Z
GEN-01458,Packed,2026-08-12T13:08:45Z
GEN-01458,Inspected,2026-08-12T13:51:43Z
GEN-01458,Shipped,2026-08-12T16:05:44Z
GEN-01458,Delivered,2026-08-12T19:10:55Z
GEN-01459,Order Created,2026-08-12T10:40:22Z
GEN-01459,Payment Received,2026-08-12T10:51:31Z
GEN-01459,Packed,2026-08-12T15:49:03Z
GEN-01459,Inspected,2026-08-12T16:38:08Z
GEN-01459,Shipped,2026-08-12T19:02:08Z
GEN-01459,Delivered,2026-08-12T23:59:14Z
GEN-01460,Order Created,2026-08-14T15:25:26Z
GEN-01460,Payment Received,2026-08-14T15:34:58Z
GEN-01460,Packed,2026-08-14T21:04:52Z
GEN-01460,Inspected,2026-08-14T21:27:36Z
GEN-01460,Shipped,2026-08-14T23:14:12Z
GEN-01460,Delivered,2026-08-15T01:13:23Z
GEN-01461,Order Created,2026-08-16T15:20:32Z
GEN-01461,Payment Received,2026-08-16T15:24:10Z
GEN-01461,Packed,2026-08-16T20:30:50Z
GEN-01461,Inspected,2026-08-16T20:56:48Z
GEN-01461,Shipped,2026-08-16T22:36:33Z
GEN-01461,Delivered,2026-08-17T05:26:07Z
GEN-01462,Order Created,2026-08-06T10:34:48Z
GEN-01462,Payment Received,2026-08-06T10:37:10Z
GEN-01462,Packed,2026-08-06T14:43:35Z
GEN-01462,Inspected,2026-08-06T15:41:43Z
GEN-01462,Shipped,2026-08-06T17:36:38Z
GEN-01462,Delivered,2026-08-06T19:45:51Z
GEN-01463,Order Created,2026-08-06T10:04:29Z
GEN-01463,Payment Received,2026-08-06T10:16:49Z
GEN-01463,Packed,2026-08-06T14:08:58Z
GEN-01464,Order Created,2026-08-07T13:17:23Z
GEN-01464,Payment Received,2026-08-07T13:36:03Z
GEN-01464,Packed,2026-08-07T17:11:08Z
GEN-01464,Inspected,2026-08-07T17:33:56Z
GEN-01464,Shipped,2026-08-07T19:40:29Z
GEN-01464,Delivered,2026-08-07T20:52:42Z
GEN-01465,Order Created,2026-08-10T12:20:42Z
GEN-01465,Payment Attempt,2026-08-10T12:42:40Z
GEN-01465,Payment Received,2026-08-10T12:54:29Z
GEN-01465,Packed,2026-08-10T16:29:33Z
GEN-01465,Inspected,2026-08-10T17:11:01Z
GEN-01465,Packed,2026-08-10T20:09:20Z
GEN-01465,Inspected,2026-08-10T21:08:20Z
GEN-01465,Shipped,2026-08-10T23:40:53Z
GEN-01465,Delivered,2026-08-11T04:12:35Z
GEN-01466,Order Created,2026-08-08T14:16:19Z
GEN-01466,Payment Attempt,2026-08-08T14:25:29Z
GEN-01466,Payment Received,2026-08-08T14:39:50Z
GEN-01466,Packed,2026-08-08T21:56:26Z
GEN-01466,Inspected,2026-08-08T22:43:43Z
GEN-01466,Shipped,2026-08-09T02:22:12Z
GEN-01466,Delivered,2026-08-09T08:11:17Z
GEN-01467,Order Created,2026-08-13T17:30:37Z
GEN-01467,Payment Received,2026-08-13T17:47:08Z
GEN-01467,Packed,2026-08-14T01:24:33Z
GEN-01467,Inspected,2026-08-14T02:02:32Z
GEN-01467,Shipped,2026-08-14T04:04:53Z
GEN-01467,Delivered,2026-08-14T07:34:19Z
GEN-01468,Order Created,2026-08-03T09:08:26Z
GEN-01468,Payment Received,2026-08-03T09:22:13Z
GEN-01468,Packed,2026-08-03T21:40:19Z
GEN-01468,Inspected,2026-08-03T22:02:04Z
GEN-01468,Shipped,2026-08-03T23:21:09Z
GEN-01468,Delivered,2026-08-04T01:11:03Z
GEN-01469,Order Created,2026-08-13T18:38:35Z
GEN-01469,Payment Received,2026-08-13T18:56:40Z
GEN-01469,Packed,2026-08-14T10:02:07Z
GEN-01469,Inspected,2026-08-14T10:55:36Z
GEN-01469,Shipped,2026-08-14T13:40:58Z
GEN-01469,Delivered,2026-08-14T17:30:49Z
GEN-01470,Order Created,2026-08-03T08:33:45Z
GEN-01470,Payment Received,2026-08-03T08:53:43Z
GEN-01470,Packed,2026-08-03T19:33:34Z
GEN-01470,Inspected,2026-08-03T20:24:32Z
GEN-01470,Shipped,2026-08-03T22:55:31Z
GEN-01470,Delivered,2026-08-04T01:10:57Z
GEN-01471,Order Created,2026-08-10T14:47:03Z
GEN-01471,Payment Received,2026-08-10T15:06:58Z
GEN-01471,Packed,2026-08-11T01:52:07Z
GEN-01471,Inspected,2026-08-11T02:44:52Z
GEN-01471,Shipped,2026-08-11T06:26:37Z
GEN-01471,Delivered,2026-08-11T10:00:57Z
GEN-01472,Order Created,2026-08-14T10:47:06Z
GEN-01472,Payment Received,2026-08-14T11:01:08Z
GEN-01472,Packed,2026-08-14T21:36:23Z
GEN-01472,Inspected,2026-08-14T22:02:46Z
GEN-01472,Shipped,2026-08-15T00:21:27Z
GEN-01472,Delivered,2026-08-15T04:43:41Z
GEN-01473,Order Created,2026-08-07T12:12:20Z
GEN-01473,Payment Attempt,2026-08-07T12:32:38Z
GEN-01473,Payment Received,2026-08-07T12:40:26Z
GEN-01473,Packed,2026-08-07T18:00:32Z
GEN-01473,Inspected,2026-08-07T18:25:22Z
GEN-01473,Shipped,2026-08-07T19:42:34Z
GEN-01473,Delivered,2026-08-07T23:57:15Z
GEN-01474,Order Created,2026-08-07T13:56:07Z
GEN-01474,Payment Received,2026-08-07T14:08:22Z
GEN-01474,Packed,2026-08-07T20:21:38Z
GEN-01474,Inspected,2026-08-07T20:52:20Z
GEN-01474,Shipped,2026-08-07T22:13:45Z
GEN-01474,Delivered,2026-08-08T00:16:40Z
GEN-01475,Order Created,2026-08-13T16:15:46Z
GEN-01475,Payment Received,2026-08-13T16:19:23Z
GEN-01475,Packed,2026-08-14T01:04:02Z
GEN-01475,Inspected,2026-08-14T01:46:00Z
GEN-01475,Shipped,2026-08-14T05:05:42Z
GEN-01475,Delivered,2026-08-14T10:24:58Z
GEN-01476,Order Created,2026-08-11T15:25:37Z
GEN-01476,Payment Attempt,2026-08-11T15:31:41Z
GEN-01476,Payment Received,2026-08-11T15:35:21Z
GEN-01476,Packed,2026-08-11T18:13:27Z
GEN-01476,Inspected,2026-08-11T19:01:12Z
GEN-01476,Shipped,2026-08-11T20:42:42Z
GEN-01476,Delivered,2026-08-11T22:12:23Z
GEN-01477,Order Created,2026-08-13T10:59:30Z
GEN-01477,Payment Received,2026-08-13T11:19:29Z
GEN-01477,Packed,2026-08-13T17:58:15Z
GEN-01477,Inspected,2026-08-13T18:55:14Z
GEN-01477,Packed,2026-08-13T20:33:07Z
GEN-01477,Inspected,2026-08-13T21:21:24Z
GEN-01477,Packed,2026-08-14T00:00:36Z
GEN-01477,Inspected,2026-08-14T00:38:22Z
GEN-01477,Packed,2026-08-14T02:34:48Z
GEN-01477,Inspected,2026-08-14T03:27:59Z
GEN-01477,Shipped,2026-08-14T06:43:11Z
GEN-01477,Delivered,2026-08-14T09:09:09Z
GEN-01478,Order Created,2026-08-05T11:54:45Z
GEN-01478,Payment Received,2026-08-05T12:01:47Z
GEN-01478,Packed,2026-08-05T23:26:02Z
GEN-01479,Order Created,2026-08-07T16:05:03Z
GEN-01479,Payment Received,2026-08-07T16:12:08Z
GEN-01479,Packed,2026-08-08T00:05:03Z
GEN-01479,Inspected,2026-08-08T00:58:20Z
GEN-01479,Shipped,2026-08-08T04:06:20Z
GEN-01479,Delivered,2026-08-08T05:47:09Z
GEN-01480,Order Created,2026-08-03T13:06:40Z
GEN-01480,Payment Received,2026-08-03T13:15:55Z
GEN-01480,Packed,2026-08-03T23:59:19Z
GEN-01480,Inspected,2026-08-04T00:31:59Z
GEN-01480,Shipped,2026-08-04T02:46:29Z
GEN-01480,Delivered,2026-08-04T06:09:12Z
GEN-01481,Order Created,2026-08-08T13:48:44Z
GEN-01481,Payment Received,2026-08-08T14:06:48Z
GEN-01481,Packed,2026-08-09T00:59:01Z
GEN-01481,Inspected,2026-08-09T01:28:24Z
GEN-01481,Shipped,2026-08-09T02:34:12Z
GEN-01481,Delivered,2026-08-09T07:12:09Z
GEN-01482,Order Created,2026-08-12T14:57:04Z
GEN-01482,Payment Received,2026-08-12T15:13:34Z
GEN-01482,Packed,2026-08-12T21:36:06Z
GEN-01482,Inspected,2026-08-12T22:04:30Z
GEN-01482,Shipped,2026-08-13T00:25:23Z
GEN-01482,Delivered,2026-08-13T04:07:40Z
GEN-01483,Order Created,2026-08-14T18:48:11Z
GEN-01483,Payment Attempt,2026-08-14T19:06:59Z
GEN-01483,Payment Received,2026-08-14T19:25:11Z
GEN-01483,Packed,2026-08-14T21:37:16Z
GEN-01483,Inspected,2026-08-14T22:32:28Z
GEN-01483,Packed,2026-08-14T23:58:47Z
GEN-01483,Inspected,2026-08-15T00:51:04Z
GEN-01483,Shipped,2026-08-15T03:06:42Z
GEN-01483,Delivered,2026-08-15T07:42:48Z
GEN-01484,Order Created,2026-08-15T12:48:58Z
GEN-01485,Order Created,2026-08-03T15:41:29Z
GEN-01485,Payment Received,2026-08-03T15:45:33Z
GEN-01485,Packed,2026-08-03T20:48:42Z
GEN-01485,Inspected,2026-08-03T21:38:28Z
GEN-01485,Packed,2026-08-03T23:22:16Z
GEN-01485,Inspected,2026-08-04T00:17:17Z
GEN-01485,Packed,2026-08-04T01:29:20Z
GEN-01485,Inspected,2026-08-04T02:22:02Z
GEN-01485,Shipped,2026-08-04T05:35:15Z
GEN-01485,Delivered,2026-08-04T07:43:52Z
GEN-01486,Order Created,2026-08-04T11:30:33Z
GEN-01486,Payment Received,2026-08-04T11:43:58Z
GEN-01486,Packed,2026-08-04T16:03:47Z
GEN-01486,Inspected,2026-08-04T16:35:35Z
GEN-01486,Packed,2026-08-04T18:46:00Z
GEN-01486,Inspected,2026-08-04T19:16:13Z
GEN-01486,Shipped,2026-08-04T22:20:01Z
GEN-01487,Order Created,2026-08-04T13:48:16Z
GEN-01487,Payment Attempt,2026-08-04T13:55:38Z
GEN-01487,Payment Received,2026-08-04T14:07:26Z
GEN-01487,Packed,2026-08-05T01:39:13Z
GEN-01487,Inspected,2026-08-05T02:08:23Z
GEN-01487,Shipped,2026-08-05T03:30:55Z
GEN-01487,Delivered,2026-08-05T07:28:27Z
GEN-01488,Order Created,2026-08-06T16:41:58Z
GEN-01488,Payment Received,2026-08-06T16:52:54Z
GEN-01488,Packed,2026-08-06T23:49:25Z
GEN-01488,Inspected,2026-08-07T00:10:38Z
GEN-01488,Packed,2026-08-07T02:15:28Z
GEN-01488,Inspected,2026-08-07T02:48:58Z
GEN-01488,Shipped,2026-08-07T06:43:34Z
GEN-01488,Delivered,2026-08-07T08:43:24Z
GEN-01489,Order Created,2026-08-07T16:58:06Z
GEN-01489,Payment Received,2026-08-07T17:17:46Z
GEN-01489,Packed,2026-08-07T22:37:30Z
GEN-01489,Inspected,2026-08-07T23:35:26Z
GEN-01489,Shipped,2026-08-08T02:13:35Z
GEN-01489,Delivered,2026-08-08T04:49:23Z
GEN-01490,Order Created,2026-08-14T14:54:24Z
GEN-01490,Payment Received,2026-08-14T15:09:37Z
GEN-01490,Packed,2026-08-14T21:19:09Z
GEN-01490,Inspected,2026-08-14T21:42:22Z
GEN-01490,Shipped,2026-08-14T23:38:03Z
GEN-01490,Delivered,2026-08-15T01:22:26Z
GEN-01491,Order Created,2026-08-12T16:49:47Z
GEN-01491,Payment Received,2026-08-12T16:53:35Z
GEN-01491,Packed,2026-08-12T18:41:24Z
GEN-01491,Inspected,2026-08-12T19:39:04Z
GEN-01491,Shipped,2026-08-12T20:56:44Z
GEN-01491,Delivered,2026-08-13T02:54:17Z
GEN-01492,Order Created,2026-08-12T15:56:07Z
GEN-01492,Payment Received,2026-08-12T16:02:42Z
GEN-01492,Packed,2026-08-12T21:45:56Z
GEN-01492,Inspected,2026-08-12T22:07:08Z
GEN-01492,Packed,2026-08-13T00:24:14Z
GEN-01492,Inspected,2026-08-13T01:03:35Z
GEN-01492,Packed,2026-08-13T02:25:56Z
GEN-01492,Inspected,2026-08-13T03:00:38Z
GEN-01492,Packed,2026-08-13T05:25:32Z
GEN-01492,Inspected,2026-08-13T06:23:17Z
GEN-01492,Shipped,2026-08-13T08:18:12Z
GEN-01492,Delivered,2026-08-13T10:15:54Z
GEN-01493,Order Created,2026-08-03T18:21:28Z
GEN-01493,Payment Attempt,2026-08-03T18:36:24Z
GEN-01493,Payment Received,2026-08-03T18:50:22Z
GEN-01493,Packed,2026-08-03T23:22:11Z
GEN-01493,Inspected,2026-08-04T00:19:58Z
GEN-01493,Shipped,2026-08-04T03:52:26Z
GEN-01494,Order Created,2026-08-05T15:26:55Z
GEN-01494,Payment Received,2026-08-05T15:44:21Z
GEN-01494,Packed,2026-08-05T21:59:22Z
GEN-01494,Inspected,2026-08-05T22:49:51Z
GEN-01494,Shipped,2026-08-06T01:13:06Z
GEN-01494,Delivered,2026-08-06T03:51:32Z
GEN-01495,Order Created,2026-08-13T16:51:21Z
GEN-01495,Payment Received,2026-08-13T17:01:09Z
GEN-01495,Packed,2026-08-14T00:33:17Z
GEN-01495,Inspected,2026-08-14T00:59:58Z
GEN-01495,Shipped,2026-08-14T04:35:45Z
GEN-01495,Delivered,2026-08-14T09:38:52Z
GEN-01496,Order Created,2026-08-10T15:25:54Z
GEN-01496,Payment Received,2026-08-10T15:31:01Z
GEN-01496,Packed,2026-08-10T19:06:01Z
GEN-01496,Inspected,2026-08-10T19:46:17Z
GEN-01496,Shipped,2026-08-10T22:33:12Z
GEN-01496,Delivered,2026-08-11T02:30:51Z
GEN-01497,Order Created,2026-08-04T18:48:52Z
GEN-01497,Payment Received,2026-08-04T18:53:55Z
GEN-01497,Packed,2026-08-05T02:08:01Z
GEN-01497,Inspected,2026-08-05T02:35:26Z
GEN-01497,Shipped,2026-08-05T04:40:34Z
GEN-01497,Delivered,2026-08-05T06:03:11Z
GEN-01498,Order Created,2026-08-04T09:53:42Z
GEN-01498,Payment Received,2026-08-04T10:02:26Z
GEN-01498,Packed,2026-08-04T18:13:08Z
GEN-01498,Inspected,2026-08-04T18:43:27Z
GEN-01498,Shipped,2026-08-04T21:32:16Z
GEN-01498,Delivered,2026-08-04T23:03:38Z
GEN-01499,Order Created,2026-08-07T14:55:59Z
GEN-01499,Payment Received,2026-08-07T15:09:12Z
GEN-01499,Packed,2026-08-07T17:55:58Z
GEN-01499,Inspected,2026-08-07T18:31:15Z
GEN-01499,Shipped,2026-08-07T21:42:30Z
GEN-01499,Delivered,2026-08-08T00:39:33Z
GEN-01500,Order Created,2026-08-03T14:34:09Z
GEN-01500,Payment Received,2026-08-03T14:50:16Z
GEN-01500,Packed,2026-08-03T17:44:37Z
GEN-01500,Inspected,2026-08-03T18:04:57Z
GEN-01500,Shipped,2026-08-03T19:59:19Z
GEN-01500,Delivered,2026-08-03T22:15:28Z
GEN-01501,Order Created,2026-08-11T12:15:04Z
GEN-01501,Payment Received,2026-08-11T12:32:33Z
GEN-01501,Packed,2026-08-11T14:50:01Z
GEN-01501,Inspected,2026-08-11T15:24:56Z
GEN-01501,Shipped,2026-08-11T16:55:44Z
GEN-01501,Delivered,2026-08-11T19:46:08Z
GEN-01502,Order Created,2026-08-03T11:37:25Z
GEN-01502,Payment Received,2026-08-03T11:55:56Z
GEN-01502,Packed,2026-08-03T17:04:55Z
GEN-01502,Inspected,2026-08-03T17:40:39Z
GEN-01502,Packed,2026-08-03T20:07:56Z
GEN-01502,Inspected,2026-08-03T20:31:39Z
GEN-01502,Packed,2026-08-03T22:18:07Z
GEN-01502,Inspected,2026-08-03T23:07:31Z
GEN-01502,Shipped,2026-08-04T02:29:25Z
GEN-01502,Delivered,2026-08-04T05:15:49Z
GEN-01503,Order Created,2026-08-14T08:39:16Z
GEN-01503,Payment Attempt,2026-08-14T09:03:00Z
GEN-01503,Payment Attempt,2026-08-14T09:22:58Z
GEN-01503,Payment Received,2026-08-14T09:28:12Z
GEN-01503,Packed,2026-08-14T23:17:16Z
GEN-01503,Inspected,2026-08-14T23:46:15Z
GEN-01503,Shipped,2026-08-15T02:02:22Z
GEN-01503,Delivered,2026-08-15T03:55:15Z
GEN-01504,Order Created,2026-08-05T12:52:14Z
GEN-01504,Payment Received,2026-08-05T13:08:53Z
GEN-01504,Packed,2026-08-06T01:07:29Z
GEN-01504,Inspected,2026-08-06T01:29:58Z
GEN-01504,Packed,2026-08-06T03:47:59Z
GEN-01504,Inspected,2026-08-06T04:45:31Z
GEN-01504,Shipped,2026-08-06T06:15:04Z
GEN-01505,Order Created,2026-08-13T08:29:38Z
GEN-01505,Payment Attempt,2026-08-13T08:52:27Z
GEN-01505,Payment Received,2026-08-13T09:03:32Z
GEN-01505,Packed,2026-08-13T14:32:18Z
GEN-01505,Inspected,2026-08-13T14:57:47Z
GEN-01505,Shipped,2026-08-13T17:43:19Z
GEN-01505,Delivered,2026-08-13T19:25:46Z
GEN-01506,Order Created,2026-08-14T17:37:58Z
GEN-01506,Payment Attempt,2026-08-14T18:01:10Z
GEN-01506,Payment Attempt,2026-08-14T18:17:46Z
GEN-01506,Payment Received,2026-08-14T18:30:57Z
GEN-01506,Packed,2026-08-14T23:56:07Z
GEN-01506,Inspected,2026-08-15T00:16:10Z
GEN-01506,Shipped,2026-08-15T02:27:34Z
GEN-01506,Delivered,2026-08-15T06:08:05Z
GEN-01507,Order Created,2026-08-07T17:44:16Z
GEN-01507,Payment Received,2026-08-07T17:49:08Z
GEN-01507,Packed,2026-08-07T21:48:29Z
GEN-01507,Inspected,2026-08-07T22:41:00Z
GEN-01507,Shipped,2026-08-08T01:38:50Z
GEN-01507,Delivered,2026-08-08T05:30:08Z
GEN-01508,Order Created,2026-08-06T14:23:45Z
GEN-01508,Payment Received,2026-08-06T14:34:36Z
GEN-01508,Packed,2026-08-07T01:31:03Z
GEN-01508,Inspected,2026-08-07T02:05:11Z
GEN-01508,Shipped,2026-08-07T04:59:17Z
GEN-01509,Order Created,2026-08-04T10:41:33Z
GEN-01509,Payment Received,2026-08-04T10:53:18Z
GEN-01509,Packed,2026-08-04T19:51:39Z
GEN-01509,Inspected,2026-08-04T20:11:44Z
GEN-01509,Shipped,2026-08-04T23:19:25Z
GEN-01509,Delivered,2026-08-05T04:33:07Z
GEN-01510,Order Created,2026-08-13T14:21:04Z
GEN-01510,Payment Attempt,2026-08-13T14:45:08Z
GEN-01510,Payment Received,2026-08-13T15:04:31Z
GEN-01510,Packed,2026-08-13T23:59:39Z
GEN-01511,Order Created,2026-08-04T17:58:33Z
GEN-01511,Payment Received,2026-08-04T18:15:03Z
GEN-01511,Packed,2026-08-05T01:53:43Z
GEN-01511,Inspected,2026-08-05T02:33:31Z
GEN-01511,Shipped,2026-08-05T03:57:09Z
GEN-01511,Delivered,2026-08-05T06:23:06Z
GEN-01512,Order Created,2026-08-12T10:23:49Z
GEN-01512,Payment Received,2026-08-12T10:43:43Z
GEN-01512,Packed,2026-08-12T23:34:50Z
GEN-01512,Inspected,2026-08-13T00:21:15Z
GEN-01512,Packed,2026-08-13T02:54:24Z
GEN-01512,Inspected,2026-08-13T03:49:10Z
GEN-01512,Packed,2026-08-13T06:43:21Z
GEN-01512,Inspected,2026-08-13T07:13:41Z
GEN-01512,Shipped,2026-08-13T09:46:03Z
GEN-01513,Order Created,2026-08-08T18:07:57Z
GEN-01513,Payment Attempt,2026-08-08T18:30:21Z
GEN-01513,Payment Attempt,2026-08-08T18:33:48Z
GEN-01513,Payment Received,2026-08-08T18:37:44Z
GEN-01513,Packed,2026-08-08T21:35:41Z
GEN-01513,Inspected,2026-08-08T22:34:03Z
GEN-01513,Shipped,2026-08-09T01:21:28Z
GEN-01513,Delivered,2026-08-09T03:32:44Z
GEN-01514,Order Created,2026-08-14T08:16:43Z
GEN-01514,Payment Received,2026-08-14T08:27:35Z
GEN-01514,Packed,2026-08-14T10:02:27Z
GEN-01514,Inspected,2026-08-14T10:56:29Z
GEN-01514,Packed,2026-08-14T13:30:08Z
GEN-01514,Inspected,2026-08-14T13:58:46Z
GEN-01514,Shipped,2026-08-14T15:26:22Z
GEN-01514,Delivered,2026-08-14T19:39:33Z
GEN-01515,Order Created,2026-08-07T16:46:23Z
GEN-01515,Payment Received,2026-08-07T16:57:18Z
GEN-01515,Packed,2026-08-07T20:48:53Z
GEN-01515,Inspected,2026-08-07T21:26:25Z
GEN-01515,Packed,2026-08-07T22:47:41Z
GEN-01515,Inspected,2026-08-07T23:35:45Z
GEN-01515,Shipped,2026-08-08T01:24:14Z
GEN-01515,Delivered,2026-08-08T04:02:44Z
GEN-01516,Order Created,2026-08-06T10:12:04Z
GEN-01516,Payment Received,2026-08-06T10:14:07Z
GEN-01516,Packed,2026-08-06T19:03:02Z
GEN-01516,Inspected,2026-08-06T19:38:53Z
GEN-01516,Shipped,2026-08-06T21:59:00Z
GEN-01516,Delivered,2026-08-07T02:57:17Z
GEN-01517,Order Created,2026-08-10T08:03:09Z
GEN-01517,Payment Received,2026-08-10T08:14:45Z
GEN-01517,Packed,2026-08-10T14:15:49Z
GEN-01518,Order Created,2026-08-14T14:07:36Z
GEN-01518,Payment Received,2026-08-14T14:26:14Z
GEN-01518,Packed,2026-08-14T19:40:41Z
GEN-01519,Order Created,2026-08-03T15:48:27Z
GEN-01519,Payment Received,2026-08-03T15:51:32Z
GEN-01519,Packed,2026-08-03T22:02:31Z
GEN-01519,Inspected,2026-08-03T22:27:15Z
GEN-01519,Shipped,2026-08-04T00:37:56Z
GEN-01519,Delivered,2026-08-04T03:18:48Z
GEN-01520,Order Created,2026-08-12T09:51:32Z
GEN-01520,Payment Attempt,2026-08-12T10:05:20Z
GEN-01520,Payment Attempt,2026-08-12T10:10:17Z
GEN-01520,Payment Received,2026-08-12T10:21:34Z
GEN-01520,Packed,2026-08-12T17:06:05Z
GEN-01520,Inspected,2026-08-12T18:05:59Z
GEN-01520,Shipped,2026-08-12T22:04:50Z
GEN-01520,Delivered,2026-08-13T01:06:26Z
GEN-01521,Order Created,2026-08-13T19:04:12Z
GEN-01521,Payment Received,2026-08-13T19:24:10Z
GEN-01521,Packed,2026-08-14T03:44:29Z
GEN-01521,Inspected,2026-08-14T04:08:43Z
GEN-01521,Shipped,2026-08-14T06:48:50Z
GEN-01521,Delivered,2026-08-14T09:26:20Z
GEN-01522,Order Created,2026-08-10T16:35:30Z
GEN-01523,Order Created,2026-08-08T13:14:19Z
GEN-01523,Payment Attempt,2026-08-08T13:31:15Z
GEN-01523,Payment Received,2026-08-08T13:42:05Z
GEN-01523,Packed,2026-08-09T03:02:22Z
GEN-01523,Inspected,2026-08-09T03:42:38Z
GEN-01523,Shipped,2026-08-09T05:39:04Z
GEN-01523,Delivered,2026-08-09T08:25:16Z
GEN-01524,Order Created,2026-08-14T11:57:17Z
GEN-01524,Payment Attempt,2026-08-14T12:19:22Z
GEN-01524,Payment Received,2026-08-14T12:32:45Z
GEN-01524,Packed,2026-08-14T17:17:48Z
GEN-01524,Inspected,2026-08-14T17:50:23Z
GEN-01524,Shipped,2026-08-14T19:54:14Z
GEN-01524,Delivered,2026-08-14T23:03:30Z
GEN-01525,Order Created,2026-08-10T11:10:43Z
GEN-01525,Payment Received,2026-08-10T11:27:33Z
GEN-01525,Packed,2026-08-10T18:59:22Z
GEN-01525,Inspected,2026-08-10T19:43:50Z
GEN-01525,Shipped,2026-08-10T20:45:50Z
GEN-01525,Delivered,2026-08-11T01:09:36Z
GEN-01526,Order Created,2026-08-14T12:22:04Z
GEN-01526,Payment Attempt,2026-08-14T12:41:24Z
GEN-01526,Payment Attempt,2026-08-14T13:06:12Z
GEN-01526,Payment Received,2026-08-14T13:15:09Z
GEN-01526,Packed,2026-08-14T16:44:00Z
GEN-01526,Inspected,2026-08-14T17:37:23Z
GEN-01526,Shipped,2026-08-14T20:08:26Z
GEN-01526,Delivered,2026-08-14T22:09:25Z
GEN-01527,Order Created,2026-08-12T15:00:43Z
GEN-01527,Payment Received,2026-08-12T15:13:21Z
GEN-01527,Packed,2026-08-12T19:49:42Z
GEN-01527,Inspected,2026-08-12T20:24:12Z
GEN-01527,Shipped,2026-08-12T21:40:05Z
GEN-01527,Delivered,2026-08-12T23:15:51Z
GEN-01528,Order Created,2026-08-10T08:21:40Z
GEN-01528,Payment Received,2026-08-10T08:29:14Z
GEN-01528,Packed,2026-08-10T13:53:33Z
GEN-01528,Inspected,2026-08-10T14:20:02Z
GEN-01528,Shipped,2026-08-10T15:50:12Z
GEN-01528,Delivered,2026-08-10T18:08:06Z
GEN-01529,Order Created,2026-08-04T18:40:18Z
GEN-01529,Payment Attempt,2026-08-04T19:00:04Z
GEN-01529,Payment Attempt,2026-08-04T19:21:05Z
GEN-01529,Payment Received,2026-08-04T19:26:11Z
GEN-01529,Packed,2026-08-04T22:54:32Z
GEN-01529,Inspected,2026-08-04T23:43:17Z
GEN-01529,Shipped,2026-08-05T02:47:31Z
GEN-01529,Delivered,2026-08-05T04:36:58Z
GEN-01530,Order Created,2026-08-11T16:22:10Z
GEN-01530,Payment Attempt,2026-08-11T16:42:36Z
GEN-01530,Payment Received,2026-08-11T16:50:32Z
GEN-01530,Packed,2026-08-12T01:56:02Z
GEN-01530,Inspected,2026-08-12T02:28:15Z
GEN-01530,Shipped,2026-08-12T05:45:21Z
GEN-01530,Delivered,2026-08-12T10:13:05Z
GEN-01531,Order Created,2026-08-06T16:48:23Z
GEN-01531,Payment Received,2026-08-06T17:01:45Z
GEN-01531,Packed,2026-08-07T06:20:47Z
GEN-01531,Inspected,2026-08-07T07:06:20Z
GEN-01531,Shipped,2026-08-07T08:45:22Z
GEN-01531,Delivered,2026-08-07T12:36:55Z
GEN-01532,Order Created,2026-08-04T18:18:13Z
GEN-01532,Payment Received,2026-08-04T18:25:56Z
GEN-01532,Packed,2026-08-04T22:43:44Z
GEN-01532,Inspected,2026-08-04T23:14:04Z
GEN-01532,Shipped,2026-08-05T01:47:04Z
GEN-01532,Delivered,2026-08-05T07:37:04Z
GEN-01533,Order Created,2026-08-05T19:16:29Z
GEN-01533,Payment Received,2026-08-05T19:22:11Z
GEN-01533,Packed,2026-08-06T01:19:20Z
GEN-01533,Inspected,2026-08-06T01:50:39Z
GEN-01533,Shipped,2026-08-06T03:20:42Z
GEN-01533,Delivered,2026-08-06T09:28:49Z
GEN-01534,Order Created,2026-08-07T14:35:10Z
GEN-01534,Payment Received,2026-08-07T14:45:21Z
GEN-01534,Packed,2026-08-07T20:29:25Z
GEN-01534,Inspected,2026-08-07T21:29:14Z
GEN-01534,Shipped,2026-08-08T01:08:18Z
GEN-01534,Delivered,2026-08-08T03:24:43Z
GEN-01535,Order Created,2026-08-08T14:09:06Z
GEN-01535,Payment Received,2026-08-08T14:14:47Z
GEN-01535,Packed,2026-08-10T01:57:12Z
GEN-01535,Inspected,2026-08-10T02:27:57Z
GEN-01535,Shipped,2026-08-10T03:44:09Z
GEN-01535,Delivered,2026-08-10T05:55:05Z
GEN-01536,Order Created,2026-08-11T09:05:49Z
GEN-01536,Payment Received,2026-08-11T09:19:32Z
GEN-01536,Packed,2026-08-11T12:38:31Z
GEN-01536,Inspected,2026-08-11T13:11:06Z
GEN-01536,Shipped,2026-08-11T17:09:57Z
GEN-01536,Delivered,2026-08-11T21:36:19Z
GEN-01537,Order Created,2026-08-08T16:54:26Z
GEN-01537,Payment Received,2026-08-08T17:14:15Z
GEN-01537,Packed,2026-08-09T13:32:02Z
GEN-01537,Inspected,2026-08-09T14:12:15Z
GEN-01537,Packed,2026-08-09T15:14:31Z
GEN-01537,Inspected,2026-08-09T15:55:56Z
GEN-01537,Shipped,2026-08-09T18:56:47Z
GEN-01537,Delivered,2026-08-09T21:13:22Z
GEN-01538,Order Created,2026-08-07T08:15:46Z
GEN-01538,Payment Received,2026-08-07T08:29:46Z
GEN-01538,Packed,2026-08-07T12:58:43Z
GEN-01538,Inspected,2026-08-07T13:54:12Z
GEN-01538,Packed,2026-08-07T15:59:44Z
GEN-01538,Inspected,2026-08-07T16:32:09Z
GEN-01538,Shipped,2026-08-07T17:36:00Z
GEN-01538,Delivered,2026-08-07T23:14:39Z
GEN-01539,Order Created,2026-08-09T14:51:14Z
GEN-01539,Payment Received,2026-08-09T15:03:53Z
GEN-01539,Packed,2026-08-10T02:18:30Z
GEN-01539,Inspected,2026-08-10T03:15:36Z
GEN-01539,Shipped,2026-08-10T06:12:13Z
GEN-01540,Order Created,2026-08-04T19:12:03Z
GEN-01540,Payment Received,2026-08-04T19:16:20Z
GEN-01540,Packed,2026-08-04T22:52:38Z
GEN-01540,Inspected,2026-08-04T23:19:00Z
GEN-01540,Shipped,2026-08-05T01:25:55Z
GEN-01540,Delivered,2026-08-05T02:34:54Z
GEN-01541,Order Created,2026-08-07T19:14:29Z
GEN-01541,Payment Attempt,2026-08-07T19:23:56Z
GEN-01541,Payment Received,2026-08-07T19:30:15Z
GEN-01541,Packed,2026-08-08T00:51:51Z
GEN-01541,Inspected,2026-08-08T01:16:44Z
GEN-01541,Shipped,2026-08-08T05:07:18Z
GEN-01541,Delivered,2026-08-08T09:16:26Z
GEN-01542,Order Created,2026-08-11T18:08:47Z
GEN-01542,Payment Received,2026-08-11T18:19:39Z
GEN-01542,Packed,2026-08-11T21:40:13Z
GEN-01542,Inspected,2026-08-11T22:08:16Z
GEN-01542,Shipped,2026-08-12T00:29:04Z
GEN-01542,Delivered,2026-08-12T03:20:50Z
GEN-01543,Order Created,2026-08-13T14:42:56Z
GEN-01543,Payment Received,2026-08-13T14:59:45Z
GEN-01543,Packed,2026-08-13T20:28:50Z
GEN-01543,Inspected,2026-08-13T20:56:54Z
GEN-01543,Shipped,2026-08-13T23:56:05Z
GEN-01543,Delivered,2026-08-14T03:51:18Z
GEN-01544,Order Created,2026-08-03T18:25:43Z
GEN-01544,Payment Received,2026-08-03T18:30:32Z
GEN-01544,Packed,2026-08-04T01:33:16Z
GEN-01544,Inspected,2026-08-04T02:16:14Z
GEN-01544,Shipped,2026-08-04T05:00:55Z
GEN-01544,Delivered,2026-08-04T09:37:13Z
GEN-01545,Order Created,2026-08-03T18:05:46Z
GEN-01545,Payment Received,2026-08-03T18:24:51Z
GEN-01545,Packed,2026-08-04T00:46:36Z
GEN-01545,Inspected,2026-08-04T01:30:15Z
GEN-01545,Shipped,2026-08-04T04:41:28Z
GEN-01545,Delivered,2026-08-04T06:44:07Z
GEN-01546,Order Created,2026-08-15T16:54:38Z
GEN-01546,Payment Received,2026-08-15T17:04:11Z
GEN-01546,Packed,2026-08-16T07:43:42Z
GEN-01546,Inspected,2026-08-16T08:15:05Z
GEN-01546,Shipped,2026-08-16T11:12:31Z
GEN-01546,Delivered,2026-08-16T15:01:22Z
GEN-01547,Order Created,2026-08-04T15:59:13Z
GEN-01547,Payment Received,2026-08-04T16:09:17Z
GEN-01547,Packed,2026-08-04T19:47:16Z
GEN-01547,Inspected,2026-08-04T20:35:15Z
GEN-01547,Shipped,2026-08-04T22:30:43Z
GEN-01547,Delivered,2026-08-05T00:10:13Z
GEN-01548,Order Created,2026-08-13T11:15:22Z
GEN-01548,Payment Received,2026-08-13T11:24:11Z
GEN-01548,Packed,2026-08-13T14:27:00Z
GEN-01548,Inspected,2026-08-13T15:10:23Z
GEN-01548,Packed,2026-08-13T17:03:20Z
GEN-01548,Inspected,2026-08-13T17:32:13Z
GEN-01548,Packed,2026-08-13T18:48:34Z
GEN-01548,Inspected,2026-08-13T19:38:07Z
GEN-01548,Shipped,2026-08-13T21:44:09Z
GEN-01548,Delivered,2026-08-14T00:46:10Z
GEN-01549,Order Created,2026-08-07T09:13:39Z
GEN-01549,Payment Received,2026-08-07T09:31:41Z
GEN-01549,Packed,2026-08-07T21:02:52Z
GEN-01549,Inspected,2026-08-07T21:38:15Z
GEN-01549,Packed,2026-08-07T23:19:28Z
GEN-01549,Inspected,2026-08-08T00:13:35Z
GEN-01549,Packed,2026-08-08T01:56:56Z
GEN-01549,Inspected,2026-08-08T02:27:30Z
GEN-01549,Packed,2026-08-08T05:20:56Z
GEN-01549,Inspected,2026-08-08T05:54:16Z
GEN-01549,Shipped,2026-08-08T07:22:40Z
GEN-01549,Delivered,2026-08-08T15:07:29Z
GEN-01550,Order Created,2026-08-14T16:36:58Z
GEN-01550,Payment Received,2026-08-14T16:45:13Z
GEN-01550,Packed,2026-08-15T11:00:00Z
GEN-01551,Order Created,2026-08-13T15:16:30Z
GEN-01551,Payment Attempt,2026-08-13T15:36:58Z
GEN-01551,Payment Received,2026-08-13T15:44:43Z
GEN-01551,Packed,2026-08-13T21:42:55Z
GEN-01551,Inspected,2026-08-13T22:18:12Z
GEN-01551,Shipped,2026-08-14T00:18:37Z
GEN-01551,Delivered,2026-08-14T03:54:48Z
GEN-01552,Order Created,2026-08-14T11:28:41Z
GEN-01552,Payment Attempt,2026-08-14T11:36:39Z
GEN-01552,Payment Attempt,2026-08-14T11:48:26Z
GEN-01552,Payment Received,2026-08-14T11:59:18Z
GEN-01552,Packed,2026-08-14T16:49:05Z
GEN-01553,Order Created,2026-08-12T14:33:15Z
GEN-01553,Payment Attempt,2026-08-12T14:51:00Z
GEN-01553,Payment Attempt,2026-08-12T14:57:51Z
GEN-01553,Payment Received,2026-08-12T15:09:12Z
GEN-01553,Packed,2026-08-12T17:30:02Z
GEN-01553,Inspected,2026-08-12T18:27:44Z
GEN-01553,Shipped,2026-08-12T21:27:16Z
GEN-01554,Order Created,2026-08-13T14:48:43Z
GEN-01554,Payment Received,2026-08-13T14:52:48Z
GEN-01554,Packed,2026-08-14T04:46:13Z
GEN-01554,Inspected,2026-08-14T05:28:11Z
GEN-01554,Packed,2026-08-14T07:02:29Z
GEN-01554,Inspected,2026-08-14T07:33:04Z
GEN-01554,Packed,2026-08-14T09:10:41Z
GEN-01554,Inspected,2026-08-14T09:52:44Z
GEN-01554,Packed,2026-08-14T12:38:05Z
GEN-01554,Inspected,2026-08-14T13:28:09Z
GEN-01554,Shipped,2026-08-14T17:02:15Z
GEN-01554,Delivered,2026-08-14T20:55:44Z
GEN-01555,Order Created,2026-08-10T08:48:38Z
GEN-01555,Payment Received,2026-08-10T08:58:15Z
GEN-01555,Packed,2026-08-10T13:00:31Z
GEN-01555,Inspected,2026-08-10T13:48:04Z
GEN-01555,Shipped,2026-08-10T15:56:27Z
GEN-01555,Delivered,2026-08-10T19:09:33Z
GEN-01556,Order Created,2026-08-10T18:57:36Z
GEN-01556,Payment Attempt,2026-08-10T19:14:57Z
GEN-01556,Payment Received,2026-08-10T19:22:02Z
GEN-01556,Packed,2026-08-10T22:36:26Z
GEN-01556,Inspected,2026-08-10T22:56:46Z
GEN-01556,Packed,2026-08-11T00:18:38Z
GEN-01556,Inspected,2026-08-11T01:11:50Z
GEN-01556,Shipped,2026-08-11T02:28:18Z
GEN-01556,Delivered,2026-08-11T07:06:56Z
GEN-01557,Order Created,2026-08-03T08:22:27Z
GEN-01557,Payment Received,2026-08-03T08:30:57Z
GEN-01557,Packed,2026-08-03T13:25:41Z
GEN-01557,Inspected,2026-08-03T14:22:15Z
GEN-01557,Shipped,2026-08-03T17:16:58Z
GEN-01557,Delivered,2026-08-03T21:30:39Z
GEN-01558,Order Created,2026-08-13T12:40:04Z
GEN-01558,Payment Received,2026-08-13T12:48:47Z
GEN-01558,Packed,2026-08-14T01:58:03Z
GEN-01559,Order Created,2026-08-12T09:41:12Z
GEN-01559,Payment Received,2026-08-12T09:45:53Z
GEN-01559,Packed,2026-08-12T16:44:01Z
GEN-01559,Inspected,2026-08-12T17:34:48Z
GEN-01559,Shipped,2026-08-12T20:58:46Z
GEN-01559,Delivered,2026-08-12T23:17:09Z
GEN-01560,Order Created,2026-08-11T12:06:24Z
GEN-01560,Payment Received,2026-08-11T12:26:22Z
GEN-01560,Packed,2026-08-11T16:24:22Z
GEN-01560,Inspected,2026-08-11T17:12:17Z
GEN-01560,Shipped,2026-08-11T20:26:54Z
GEN-01560,Delivered,2026-08-11T22:49:10Z
GEN-01561,Order Created,2026-08-11T14:50:58Z
GEN-01561,Payment Received,2026-08-11T15:10:12Z
GEN-01561,Packed,2026-08-11T22:50:52Z
GEN-01561,Inspected,2026-08-11T23:13:46Z
GEN-01561,Shipped,2026-08-12T02:15:00Z
GEN-01561,Delivered,2026-08-12T05:43:34Z
GEN-01562,Order Created,2026-08-10T11:11:06Z
GEN-01562,Payment Attempt,2026-08-10T11:16:58Z
GEN-01562,Payment Attempt,2026-08-10T11:21:48Z
GEN-01562,Payment Received,2026-08-10T11:36:52Z
GEN-01562,Packed,2026-08-10T15:48:02Z
GEN-01562,Inspected,2026-08-10T16:16:45Z
GEN-01562,Shipped,2026-08-10T19:04:39Z
GEN-01562,Delivered,2026-08-10T22:26:32Z
GEN-01563,Order Created,2026-08-03T09:18:44Z
GEN-01563,Payment Received,2026-08-03T09:28:25Z
GEN-01563,Packed,2026-08-03T18:00:38Z
GEN-01563,Inspected,2026-08-03T18:40:10Z
GEN-01563,Packed,2026-08-03T21:05:26Z
GEN-01563,Inspected,2026-08-03T21:54:45Z
GEN-01563,Shipped,2026-08-04T01:14:10Z
GEN-01563,Delivered,2026-08-04T04:07:11Z
GEN-01564,Order Created,2026-08-10T16:13:35Z
GEN-01564,Payment Attempt,2026-08-10T16:19:22Z
GEN-01564,Payment Received,2026-08-10T16:34:30Z
GEN-01564,Packed,2026-08-11T03:57:14Z
GEN-01564,Inspected,2026-08-11T04:20:31Z
GEN-01564,Shipped,2026-08-11T06:22:18Z
GEN-01565,Order Created,2026-08-14T17:18:03Z
GEN-01565,Payment Attempt,2026-08-14T17:21:54Z
GEN-01565,Payment Received,2026-08-14T17:27:22Z
GEN-01565,Packed,2026-08-15T05:02:56Z
GEN-01565,Inspected,2026-08-15T05:34:01Z
GEN-01565,Shipped,2026-08-15T07:03:34Z
GEN-01565,Delivered,2026-08-15T09:10:57Z
GEN-01566,Order Created,2026-08-14T18:37:56Z
GEN-01566,Payment Received,2026-08-14T18:52:19Z
GEN-01566,Packed,2026-08-15T01:43:10Z
GEN-01566,Inspected,2026-08-15T02:20:41Z
GEN-01566,Shipped,2026-08-15T04:37:40Z
GEN-01566,Delivered,2026-08-15T07:53:55Z
GEN-01567,Order Created,2026-08-10T09:24:03Z
GEN-01567,Payment Received,2026-08-10T09:35:01Z
GEN-01567,Packed,2026-08-11T05:46:21Z
GEN-01567,Inspected,2026-08-11T06:09:43Z
GEN-01567,Shipped,2026-08-11T08:46:24Z
GEN-01568,Order Created,2026-08-03T08:49:57Z
GEN-01568,Payment Attempt,2026-08-03T09:08:12Z
GEN-01568,Payment Received,2026-08-03T09:26:37Z
GEN-01568,Packed,2026-08-03T16:43:48Z
GEN-01568,Inspected,2026-08-03T17:41:39Z
GEN-01568,Shipped,2026-08-03T21:06:22Z
GEN-01568,Delivered,2026-08-04T00:20:31Z
GEN-01569,Order Created,2026-08-11T08:49:21Z
GEN-01569,Payment Received,2026-08-11T09:03:35Z
GEN-01569,Packed,2026-08-11T12:42:38Z
GEN-01569,Inspected,2026-08-11T13:20:30Z
GEN-01569,Shipped,2026-08-11T15:02:25Z
GEN-01569,Delivered,2026-08-11T16:44:42Z
GEN-01570,Order Created,2026-08-13T12:57:24Z
GEN-01570,Payment Received,2026-08-13T13:13:24Z
GEN-01570,Packed,2026-08-13T18:34:26Z
GEN-01570,Inspected,2026-08-13T19:12:21Z
GEN-01570,Shipped,2026-08-13T23:04:53Z
GEN-01570,Delivered,2026-08-14T02:11:13Z
GEN-01571,Order Created,2026-08-07T14:03:55Z
GEN-01571,Payment Received,2026-08-07T14:15:17Z
GEN-01571,Packed,2026-08-08T00:34:00Z
GEN-01571,Inspected,2026-08-08T01:20:42Z
GEN-01571,Shipped,2026-08-08T02:51:29Z
GEN-01571,Delivered,2026-08-08T05:44:14Z
GEN-01572,Order Created,2026-08-16T14:06:44Z
GEN-01572,Payment Received,2026-08-16T14:22:23Z
GEN-01572,Packed,2026-08-16T19:04:12Z
GEN-01572,Inspected,2026-08-16T20:00:33Z
GEN-01572,Shipped,2026-08-16T21:45:05Z
GEN-01572,Delivered,2026-08-16T23:24:48Z
GEN-01573,Order Created,2026-08-11T17:33:49Z
GEN-01574,Order Created,2026-08-11T11:19:07Z
GEN-01574,Payment Received,2026-08-11T11:27:42Z
GEN-01574,Packed,2026-08-11T16:49:27Z
GEN-01574,Inspected,2026-08-11T17:16:35Z
GEN-01574,Shipped,2026-08-11T20:47:58Z
GEN-01574,Delivered,2026-08-11T22:44:48Z
GEN-01575,Order Created,2026-08-13T15:58:14Z
GEN-01575,Payment Received,2026-08-13T16:10:23Z
GEN-01575,Packed,2026-08-14T06:09:52Z
GEN-01575,Inspected,2026-08-14T06:35:54Z
GEN-01575,Packed,2026-08-14T08:34:49Z
GEN-01575,Inspected,2026-08-14T09:03:13Z
GEN-01575,Shipped,2026-08-14T11:30:32Z
GEN-01575,Delivered,2026-08-14T13:18:02Z
GEN-01576,Order Created,2026-08-06T10:04:31Z
GEN-01576,Payment Received,2026-08-06T10:07:56Z
GEN-01576,Packed,2026-08-06T17:25:46Z
GEN-01576,Inspected,2026-08-06T18:00:46Z
GEN-01576,Shipped,2026-08-06T21:16:00Z
GEN-01576,Delivered,2026-08-06T23:01:06Z
GEN-01577,Order Created,2026-08-07T08:59:11Z
GEN-01577,Payment Attempt,2026-08-07T09:19:54Z
GEN-01577,Payment Received,2026-08-07T09:37:08Z
GEN-01577,Packed,2026-08-07T15:44:20Z
GEN-01577,Inspected,2026-08-07T16:43:33Z
GEN-01577,Packed,2026-08-07T17:52:20Z
GEN-01577,Inspected,2026-08-07T18:21:00Z
GEN-01577,Packed,2026-08-07T19:38:35Z
GEN-01577,Inspected,2026-08-07T20:03:40Z
GEN-01577,Packed,2026-08-07T21:43:01Z
GEN-01577,Inspected,2026-08-07T22:29:27Z
GEN-01577,Shipped,2026-08-08T00:23:19Z
GEN-01577,Delivered,2026-08-08T05:51:50Z
GEN-01578,Order Created,2026-08-13T08:53:14Z
GEN-01578,Payment Received,2026-08-13T09:07:45Z
GEN-01578,Packed,2026-08-13T21:19:20Z
GEN-01578,Inspected,2026-08-13T21:41:19Z
GEN-01578,Shipped,2026-08-13T23:53:34Z
GEN-01578,Delivered,2026-08-14T03:01:33Z
GEN-01579,Order Created,2026-08-06T14:05:36Z
GEN-01579,Payment Attempt,2026-08-06T14:16:26Z
GEN-01579,Payment Received,2026-08-06T14:30:29Z
GEN-01579,Packed,2026-08-06T16:29:56Z
GEN-01579,Inspected,2026-08-06T16:51:44Z
GEN-01579,Shipped,2026-08-06T18:43:40Z
GEN-01579,Delivered,2026-08-06T23:37:24Z
GEN-01580,Order Created,2026-08-12T16:39:52Z
GEN-01580,Payment Received,2026-08-12T16:54:39Z
GEN-01580,Packed,2026-08-12T23:56:55Z
GEN-01580,Inspected,2026-08-13T00:54:38Z
GEN-01580,Shipped,2026-08-13T04:20:14Z
GEN-01580,Delivered,2026-08-13T10:44:47Z
GEN-01581,Order Created,2026-08-14T17:11:06Z
GEN-01581,Payment Received,2026-08-14T17:23:07Z
GEN-01581,Packed,2026-08-15T04:53:04Z
GEN-01581,Inspected,2026-08-15T05:35:57Z
GEN-01581,Shipped,2026-08-15T07:49:23Z
GEN-01581,Delivered,2026-08-15T09:24:19Z
GEN-01582,Order Created,2026-08-05T14:16:19Z
GEN-01582,Payment Received,2026-08-05T14:32:19Z
GEN-01582,Packed,2026-08-05T17:06:10Z
GEN-01582,Inspected,2026-08-05T18:02:15Z
GEN-01582,Shipped,2026-08-05T21:15:33Z
GEN-01582,Delivered,2026-08-05T23:29:56Z
GEN-01583,Order Created,2026-08-10T18:25:43Z
GEN-01583,Payment Received,2026-08-10T18:38:21Z
GEN-01583,Packed,2026-08-11T00:17:26Z
GEN-01583,Inspected,2026-08-11T00:58:49Z
GEN-01583,Shipped,2026-08-11T04:08:41Z
GEN-01583,Delivered,2026-08-11T05:49:49Z
GEN-01584,Order Created,2026-08-07T17:42:53Z
GEN-01584,Payment Received,2026-08-07T17:59:59Z
GEN-01584,Packed,2026-08-07T20:14:12Z
GEN-01584,Inspected,2026-08-07T20:57:52Z
GEN-01584,Packed,2026-08-07T22:50:59Z
GEN-01584,Inspected,2026-08-07T23:34:47Z
GEN-01584,Shipped,2026-08-08T01:08:06Z
GEN-01584,Delivered,2026-08-08T07:29:54Z
GEN-01585,Order Created,2026-08-13T12:58:49Z
GEN-01585,Payment Attempt,2026-08-13T13:18:18Z
GEN-01585,Payment Received,2026-08-13T13:38:15Z
GEN-01585,Packed,2026-08-14T05:43:05Z
GEN-01585,Inspected,2026-08-14T06:29:39Z
GEN-01585,Shipped,2026-08-14T07:57:37Z
GEN-01585,Delivered,2026-08-14T10:50:32Z
GEN-01586,Order Created,2026-08-11T14:23:07Z
GEN-01586,Payment Attempt,2026-08-11T14:41:32Z
GEN-01586,Payment Received,2026-08-11T14:51:08Z
GEN-01586,Packed,2026-08-11T17:33:54Z
GEN-01586,Inspected,2026-08-11T18:33:53Z
GEN-01586,Shipped,2026-08-11T20:57:08Z
GEN-01586,Delivered,2026-08-12T00:19:07Z
GEN-01587,Order Created,2026-08-04T18:16:50Z
GEN-01587,Payment Received,2026-08-04T18:34:26Z
GEN-01587,Packed,2026-08-05T01:55:38Z
GEN-01587,Inspected,2026-08-05T02:30:29Z
GEN-01587,Shipped,2026-08-05T04:44:50Z
GEN-01587,Delivered,2026-08-05T09:40:13Z
GEN-01588,Order Created,2026-08-13T09:32:00Z
GEN-01588,Payment Received,2026-08-13T09:40:52Z
GEN-01588,Packed,2026-08-13T11:16:28Z
GEN-01588,Inspected,2026-08-13T11:39:16Z
GEN-01588,Shipped,2026-08-13T13:56:36Z
GEN-01588,Delivered,2026-08-13T16:55:58Z
GEN-01589,Order Created,2026-08-03T11:29:52Z
GEN-01590,Order Created,2026-08-14T10:49:27Z
GEN-01590,Payment Attempt,2026-08-14T11:04:07Z
GEN-01590,Payment Attempt,2026-08-14T11:11:48Z
GEN-01590,Payment Received,2026-08-14T11:31:38Z
GEN-01590,Packed,2026-08-14T17:56:47Z
GEN-01590,Inspected,2026-08-14T18:46:20Z
GEN-01590,Shipped,2026-08-14T21:13:19Z
GEN-01590,Delivered,2026-08-15T00:30:06Z
GEN-01591,Order Created,2026-08-13T08:24:38Z
GEN-01591,Payment Received,2026-08-13T08:42:37Z
GEN-01591,Packed,2026-08-13T15:59:01Z
GEN-01591,Inspected,2026-08-13T16:43:59Z
GEN-01591,Packed,2026-08-13T18:18:11Z
GEN-01591,Inspected,2026-08-13T18:52:29Z
GEN-01591,Packed,2026-08-13T19:59:57Z
GEN-01591,Inspected,2026-08-13T20:36:45Z
GEN-01591,Shipped,2026-08-13T22:08:23Z
GEN-01591,Delivered,2026-08-14T01:22:59Z
GEN-01592,Order Created,2026-08-06T11:13:22Z
GEN-01592,Payment Received,2026-08-06T11:30:14Z
GEN-01592,Packed,2026-08-06T21:31:34Z
GEN-01592,Inspected,2026-08-06T22:17:43Z
GEN-01592,Packed,2026-08-07T01:05:31Z
GEN-01592,Inspected,2026-08-07T01:25:44Z
GEN-01592,Packed,2026-08-07T02:27:26Z
GEN-01592,Inspected,2026-08-07T03:16:44Z
GEN-01592,Packed,2026-08-07T04:58:03Z
GEN-01592,Inspected,2026-08-07T05:19:59Z
GEN-01592,Shipped,2026-08-07T08:56:39Z
GEN-01592,Delivered,2026-08-07T10:09:58Z
GEN-01593,Order Created,2026-08-14T19:03:14Z
GEN-01593,Payment Attempt,2026-08-14T19:25:19Z
GEN-01593,Payment Received,2026-08-14T19:35:39Z
GEN-01593,Packed,2026-08-15T04:27:11Z
GEN-01593,Inspected,2026-08-15T04:50:45Z
GEN-01593,Shipped,2026-08-15T06:04:53Z
GEN-01593,Delivered,2026-08-15T09:27:49Z
GEN-01594,Order Created,2026-08-04T10:55:59Z
GEN-01594,Payment Received,2026-08-04T11:09:00Z
GEN-01594,Packed,2026-08-04T15:35:04Z
GEN-01594,Inspected,2026-08-04T16:34:14Z
GEN-01594,Shipped,2026-08-04T20:18:24Z
GEN-01594,Delivered,2026-08-05T00:24:51Z
GEN-01595,Order Created,2026-08-03T11:41:35Z
GEN-01595,Payment Received,2026-08-03T11:52:01Z
GEN-01595,Packed,2026-08-03T19:46:16Z
GEN-01595,Inspected,2026-08-03T20:20:03Z
GEN-01595,Shipped,2026-08-03T23:11:46Z
GEN-01595,Delivered,2026-08-04T02:37:48Z
GEN-01596,Order Created,2026-08-04T17:50:19Z
GEN-01596,Payment Received,2026-08-04T18:05:51Z
GEN-01596,Packed,2026-08-04T19:56:20Z
GEN-01596,Inspected,2026-08-04T20:32:20Z
GEN-01596,Packed,2026-08-04T22:17:04Z
GEN-01596,Inspected,2026-08-04T23:16:23Z
GEN-01596,Packed,2026-08-05T00:57:09Z
GEN-01596,Inspected,2026-08-05T01:51:48Z
GEN-01596,Packed,2026-08-05T04:24:15Z
GEN-01596,Inspected,2026-08-05T04:44:55Z
GEN-01596,Shipped,2026-08-05T08:19:38Z
GEN-01596,Delivered,2026-08-05T11:23:09Z
GEN-01597,Order Created,2026-08-12T17:23:21Z
GEN-01597,Payment Received,2026-08-12T17:32:30Z
GEN-01597,Packed,2026-08-12T21:19:10Z
GEN-01597,Inspected,2026-08-12T21:55:33Z
GEN-01597,Shipped,2026-08-13T01:35:01Z
GEN-01597,Delivered,2026-08-13T11:01:20Z
GEN-01598,Order Created,2026-08-16T13:27:23Z
GEN-01598,Payment Received,2026-08-16T13:33:04Z
GEN-01598,Packed,2026-08-16T21:17:51Z
GEN-01598,Inspected,2026-08-16T22:02:38Z
GEN-01598,Packed,2026-08-17T01:00:21Z
GEN-01598,Inspected,2026-08-17T01:48:56Z
GEN-01598,Packed,2026-08-17T03:37:14Z
GEN-01598,Inspected,2026-08-17T04:30:09Z
GEN-01598,Packed,2026-08-17T05:41:20Z
GEN-01598,Inspected,2026-08-17T06:33:47Z
GEN-01598,Shipped,2026-08-17T09:01:25Z
GEN-01598,Delivered,2026-08-17T13:52:35Z
GEN-01599,Order Created,2026-08-13T17:17:17Z
GEN-01599,Payment Received,2026-08-13T17:23:52Z
GEN-01599,Packed,2026-08-13T22:31:06Z
GEN-01599,Inspected,2026-08-13T23:22:48Z
GEN-01599,Shipped,2026-08-14T02:32:34Z
GEN-01599,Delivered,2026-08-14T04:42:08Z
GEN-01600,Order Created,2026-08-07T08:28:33Z
GEN-01600,Payment Received,2026-08-07T08:42:07Z
GEN-01600,Packed,2026-08-07T15:18:56Z
GEN-01600,Inspected,2026-08-07T16:12:00Z
GEN-01600,Shipped,2026-08-07T18:08:29Z
GEN-01600,Delivered,2026-08-07T19:20:10Z
GEN-01601,Order Created,2026-08-03T11:55:32Z
GEN-01601,Payment Attempt,2026-08-03T12:08:36Z
GEN-01601,Payment Attempt,2026-08-03T12:28:19Z
GEN-01601,Payment Received,2026-08-03T12:35:53Z
GEN-01601,Packed,2026-08-04T07:48:55Z
GEN-01601,Inspected,2026-08-04T08:14:56Z
GEN-01601,Shipped,2026-08-04T12:02:14Z
GEN-01601,Delivered,2026-08-04T15:02:25Z
GEN-01602,Order Created,2026-08-12T13:45:37Z
GEN-01602,Payment Received,2026-08-12T14:04:46Z
GEN-01602,Packed,2026-08-12T19:26:26Z
GEN-01602,Inspected,2026-08-12T19:50:58Z
GEN-01602,Shipped,2026-08-12T23:01:36Z
GEN-01602,Delivered,2026-08-13T02:14:24Z
GEN-01603,Order Created,2026-08-07T13:11:26Z
GEN-01603,Payment Received,2026-08-07T13:24:49Z
GEN-01603,Packed,2026-08-07T17:43:49Z
GEN-01603,Inspected,2026-08-07T18:30:48Z
GEN-01603,Packed,2026-08-07T21:20:35Z
GEN-01603,Inspected,2026-08-07T21:48:17Z
GEN-01603,Shipped,2026-08-07T23:21:39Z
GEN-01603,Delivered,2026-08-08T02:32:32Z
GEN-01604,Order Created,2026-08-11T10:30:08Z
GEN-01604,Payment Attempt,2026-08-11T10:37:37Z
GEN-01604,Payment Attempt,2026-08-11T10:54:28Z
GEN-01604,Payment Received,2026-08-11T11:04:39Z
GEN-01604,Packed,2026-08-11T17:31:18Z
GEN-01604,Inspected,2026-08-11T18:17:48Z
GEN-01604,Shipped,2026-08-11T21:40:18Z
GEN-01604,Delivered,2026-08-12T00:59:47Z
GEN-01605,Order Created,2026-08-05T15:10:31Z
GEN-01605,Payment Received,2026-08-05T15:24:48Z
GEN-01605,Packed,2026-08-05T18:54:16Z
GEN-01605,Inspected,2026-08-05T19:30:01Z
GEN-01605,Shipped,2026-08-05T21:27:15Z
GEN-01605,Delivered,2026-08-05T23:37:18Z
GEN-01606,Order Created,2026-08-06T18:16:48Z
GEN-01606,Payment Received,2026-08-06T18:23:56Z
GEN-01606,Packed,2026-08-07T00:45:24Z
GEN-01606,Inspected,2026-08-07T01:25:25Z
GEN-01606,Packed,2026-08-07T02:38:52Z
GEN-01606,Inspected,2026-08-07T02:59:08Z
GEN-01606,Shipped,2026-08-07T06:54:30Z
GEN-01606,Delivered,2026-08-07T09:01:23Z
GEN-01607,Order Created,2026-08-05T11:57:00Z
GEN-01607,Payment Received,2026-08-05T12:16:54Z
GEN-01607,Packed,2026-08-05T20:16:49Z
GEN-01607,Inspected,2026-08-05T20:54:09Z
GEN-01607,Shipped,2026-08-06T00:42:14Z
GEN-01607,Delivered,2026-08-06T02:23:44Z
GEN-01608,Order Created,2026-08-15T13:45:31Z
GEN-01608,Payment Received,2026-08-15T13:53:03Z
GEN-01608,Packed,2026-08-16T07:46:00Z
GEN-01608,Inspected,2026-08-16T08:40:42Z
GEN-01608,Shipped,2026-08-16T10:33:02Z
GEN-01608,Delivered,2026-08-16T13:16:04Z
GEN-01609,Order Created,2026-08-12T13:39:02Z
GEN-01609,Payment Received,2026-08-12T13:57:23Z
GEN-01609,Packed,2026-08-13T07:37:28Z
GEN-01609,Inspected,2026-08-13T07:58:14Z
GEN-01609,Shipped,2026-08-13T11:32:47Z
GEN-01609,Delivered,2026-08-13T14:54:23Z
GEN-01610,Order Created,2026-08-06T09:23:59Z
GEN-01610,Payment Received,2026-08-06T09:27:13Z
GEN-01610,Packed,2026-08-06T22:59:40Z
GEN-01610,Inspected,2026-08-06T23:40:51Z
GEN-01610,Packed,2026-08-07T01:08:13Z
GEN-01610,Inspected,2026-08-07T01:49:45Z
GEN-01610,Shipped,2026-08-07T03:07:17Z
GEN-01610,Delivered,2026-08-07T05:52:00Z
GEN-01611,Order Created,2026-08-05T14:39:37Z
GEN-01611,Payment Received,2026-08-05T14:48:05Z
GEN-01611,Packed,2026-08-05T17:40:30Z
GEN-01611,Inspected,2026-08-05T18:20:37Z
GEN-01611,Shipped,2026-08-05T19:43:34Z
GEN-01611,Delivered,2026-08-06T01:03:06Z
GEN-01612,Order Created,2026-08-13T18:23:48Z
GEN-01612,Payment Received,2026-08-13T18:38:14Z
GEN-01612,Packed,2026-08-14T00:07:43Z
GEN-01613,Order Created,2026-08-05T13:59:57Z
GEN-01613,Payment Received,2026-08-05T14:08:29Z
GEN-01613,Packed,2026-08-05T15:26:16Z
GEN-01613,Inspected,2026-08-05T16:03:51Z
GEN-01613,Shipped,2026-08-05T19:12:20Z
GEN-01613,Delivered,2026-08-05T22:09:12Z
GEN-01614,Order Created,2026-08-07T19:38:54Z
GEN-01614,Payment Received,2026-08-07T19:45:45Z
GEN-01614,Packed,2026-08-08T06:29:47Z
GEN-01614,Inspected,2026-08-08T07:26:52Z
GEN-01614,Shipped,2026-08-08T08:30:13Z
GEN-01614,Delivered,2026-08-08T11:08:57Z
GEN-01615,Order Created,2026-08-11T19:04:38Z
GEN-01615,Payment Received,2026-08-11T19:24:27Z
GEN-01615,Packed,2026-08-11T22:38:44Z
GEN-01616,Order Created,2026-08-09T16:50:24Z
GEN-01616,Payment Received,2026-08-09T16:55:02Z
GEN-01616,Packed,2026-08-10T10:27:36Z
GEN-01616,Inspected,2026-08-10T10:54:18Z
GEN-01616,Shipped,2026-08-10T13:00:20Z
GEN-01616,Delivered,2026-08-10T17:24:58Z
GEN-01617,Order Created,2026-08-10T14:02:26Z
GEN-01617,Payment Attempt,2026-08-10T14:12:36Z
GEN-01617,Payment Received,2026-08-10T14:17:05Z
GEN-01617,Packed,2026-08-10T19:30:52Z
GEN-01617,Inspected,2026-08-10T20:02:31Z
GEN-01617,Shipped,2026-08-10T23:38:12Z
GEN-01617,Delivered,2026-08-11T02:14:46Z
GEN-01618,Order Created,2026-08-03T19:07:52Z
GEN-01618,Payment Received,2026-08-03T19:22:20Z
GEN-01618,Packed,2026-08-04T03:49:59Z
GEN-01618,Inspected,2026-08-04T04:46:32Z
GEN-01618,Shipped,2026-08-04T06:21:39Z
GEN-01618,Delivered,2026-08-04T08:39:19Z
GEN-01619,Order Created,2026-08-14T09:15:05Z
GEN-01619,Payment Received,2026-08-14T09:23:39Z
GEN-01619,Packed,2026-08-14T12:08:31Z
GEN-01619,Inspected,2026-08-14T12:30:04Z
GEN-01619,Packed,2026-08-14T15:07:40Z
GEN-01619,Inspected,2026-08-14T16:03:03Z
GEN-01619,Shipped,2026-08-14T18:03:45Z
GEN-01619,Delivered,2026-08-14T19:47:33Z
GEN-01620,Order Created,2026-08-12T08:24:34Z
GEN-01620,Payment Received,2026-08-12T08:38:31Z
GEN-01620,Packed,2026-08-12T17:27:52Z
GEN-01620,Inspected,2026-08-12T18:14:43Z
GEN-01620,Packed,2026-08-12T20:41:25Z
GEN-01620,Inspected,2026-08-12T21:32:51Z
GEN-01620,Shipped,2026-08-12T23:32:06Z
GEN-01620,Delivered,2026-08-13T03:52:25Z
GEN-01621,Order Created,2026-08-05T08:27:24Z
GEN-01622,Order Created,2026-08-16T19:02:55Z
GEN-01622,Payment Received,2026-08-16T19:15:54Z
GEN-01622,Packed,2026-08-17T02:53:01Z
GEN-01622,Inspected,2026-08-17T03:20:41Z
GEN-01622,Shipped,2026-08-17T06:14:41Z
GEN-01622,Delivered,2026-08-17T08:56:55Z
GEN-01623,Order Created,2026-08-05T09:09:58Z
GEN-01623,Payment Received,2026-08-05T09:25:45Z
GEN-01623,Packed,2026-08-05T14:45:57Z
GEN-01623,Inspected,2026-08-05T15:23:22Z
GEN-01623,Shipped,2026-08-05T18:55:48Z
GEN-01623,Delivered,2026-08-05T21:54:43Z
GEN-01624,Order Created,2026-08-11T12:21:45Z
GEN-01624,Payment Received,2026-08-11T12:27:31Z
GEN-01624,Packed,2026-08-11T15:56:56Z
GEN-01624,Inspected,2026-08-11T16:51:00Z
GEN-01624,Packed,2026-08-11T19:14:53Z
GEN-01624,Inspected,2026-08-11T19:41:24Z
GEN-01624,Shipped,2026-08-11T21:16:03Z
GEN-01624,Delivered,2026-08-12T00:52:22Z
GEN-01625,Order Created,2026-08-16T11:27:39Z
GEN-01625,Payment Received,2026-08-16T11:38:49Z
GEN-01625,Packed,2026-08-16T19:25:25Z
GEN-01625,Inspected,2026-08-16T19:53:26Z
GEN-01625,Shipped,2026-08-16T23:41:47Z
GEN-01625,Delivered,2026-08-17T03:42:13Z
GEN-01626,Order Created,2026-08-03T13:26:21Z
GEN-01626,Payment Received,2026-08-03T13:33:09Z
GEN-01626,Packed,2026-08-04T00:00:46Z
GEN-01626,Inspected,2026-08-04T00:59:46Z
GEN-01626,Shipped,2026-08-04T04:48:46Z
GEN-01626,Delivered,2026-08-04T07:07:30Z
GEN-01627,Order Created,2026-08-11T17:27:32Z
GEN-01628,Order Created,2026-08-05T08:27:17Z
GEN-01628,Payment Attempt,2026-08-05T08:46:12Z
GEN-01628,Payment Received,2026-08-05T08:50:17Z
GEN-01628,Packed,2026-08-05T11:40:00Z
GEN-01628,Inspected,2026-08-05T12:39:12Z
GEN-01628,Packed,2026-08-05T14:12:55Z
GEN-01628,Inspected,2026-08-05T14:49:20Z
GEN-01628,Shipped,2026-08-05T17:26:57Z
GEN-01628,Delivered,2026-08-05T19:11:59Z
GEN-01629,Order Created,2026-08-14T13:06:54Z
GEN-01629,Payment Received,2026-08-14T13:13:29Z
GEN-01629,Packed,2026-08-14T19:09:47Z
GEN-01629,Inspected,2026-08-14T19:49:19Z
GEN-01629,Shipped,2026-08-14T22:18:27Z
GEN-01629,Delivered,2026-08-15T00:33:11Z
GEN-01630,Order Created,2026-08-13T13:11:03Z
GEN-01630,Payment Received,2026-08-13T13:27:30Z
GEN-01630,Packed,2026-08-14T00:33:08Z
GEN-01630,Inspected,2026-08-14T01:13:04Z
GEN-01630,Shipped,2026-08-14T04:46:33Z
GEN-01630,Delivered,2026-08-14T07:16:32Z
GEN-01631,Order Created,2026-08-15T19:50:51Z
GEN-01631,Payment Received,2026-08-15T20:09:33Z
GEN-01631,Packed,2026-08-16T02:20:49Z
GEN-01631,Inspected,2026-08-16T03:04:59Z
GEN-01631,Packed,2026-08-16T05:08:50Z
GEN-01631,Inspected,2026-08-16T06:05:22Z
GEN-01631,Shipped,2026-08-16T08:23:38Z
GEN-01631,Delivered,2026-08-16T10:04:05Z
GEN-01632,Order Created,2026-08-03T08:19:27Z
GEN-01632,Payment Received,2026-08-03T08:30:23Z
GEN-01632,Packed,2026-08-03T14:07:12Z
GEN-01632,Inspected,2026-08-03T14:49:12Z
GEN-01632,Packed,2026-08-03T17:15:19Z
GEN-01632,Inspected,2026-08-03T17:57:44Z
GEN-01632,Shipped,2026-08-03T21:20:20Z
GEN-01632,Delivered,2026-08-04T01:28:44Z
GEN-01633,Order Created,2026-08-07T16:09:32Z
GEN-01633,Payment Received,2026-08-07T16:23:35Z
GEN-01633,Packed,2026-08-08T03:06:29Z
GEN-01633,Inspected,2026-08-08T03:34:21Z
GEN-01633,Shipped,2026-08-08T05:26:49Z
GEN-01633,Delivered,2026-08-08T09:02:34Z
GEN-01634,Order Created,2026-08-08T12:25:55Z
GEN-01634,Payment Received,2026-08-08T12:34:57Z
GEN-01634,Packed,2026-08-09T18:37:14Z
GEN-01634,Inspected,2026-08-09T19:07:21Z
GEN-01634,Shipped,2026-08-09T21:39:28Z
GEN-01634,Delivered,2026-08-10T01:41:29Z
GEN-01635,Order Created,2026-08-13T19:16:29Z
GEN-01635,Payment Received,2026-08-13T19:30:48Z
GEN-01635,Packed,2026-08-14T05:08:33Z
GEN-01635,Inspected,2026-08-14T05:47:33Z
GEN-01635,Shipped,2026-08-14T09:12:38Z
GEN-01635,Delivered,2026-08-14T13:45:11Z
GEN-01636,Order Created,2026-08-06T18:20:42Z
GEN-01636,Payment Received,2026-08-06T18:22:46Z
GEN-01636,Packed,2026-08-06T22:07:11Z
GEN-01636,Inspected,2026-08-06T22:45:06Z
GEN-01636,Shipped,2026-08-07T00:20:45Z
GEN-01636,Delivered,2026-08-07T03:42:21Z
GEN-01637,Order Created,2026-08-06T10:30:03Z
GEN-01637,Payment Received,2026-08-06T10:34:27Z
GEN-01637,Packed,2026-08-06T15:08:50Z
GEN-01637,Inspected,2026-08-06T15:58:00Z
GEN-01637,Shipped,2026-08-06T19:28:23Z
GEN-01637,Delivered,2026-08-06T23:16:20Z
GEN-01638,Order Created,2026-08-07T10:16:47Z
GEN-01638,Payment Received,2026-08-07T10:36:47Z
GEN-01638,Packed,2026-08-07T21:54:43Z
GEN-01638,Inspected,2026-08-07T22:45:45Z
GEN-01638,Shipped,2026-08-08T00:05:50Z
GEN-01638,Delivered,2026-08-08T02:31:05Z
GEN-01639,Order Created,2026-08-13T12:41:10Z
GEN-01639,Payment Received,2026-08-13T12:57:28Z
GEN-01639,Packed,2026-08-13T16:38:52Z
GEN-01639,Inspected,2026-08-13T17:21:17Z
GEN-01639,Shipped,2026-08-13T20:05:45Z
GEN-01639,Delivered,2026-08-13T22:02:29Z
GEN-01640,Order Created,2026-08-07T10:18:20Z
GEN-01640,Payment Received,2026-08-07T10:25:48Z
GEN-01640,Packed,2026-08-07T17:20:21Z
GEN-01640,Inspected,2026-08-07T18:03:06Z
GEN-01640,Shipped,2026-08-07T20:33:14Z
GEN-01640,Delivered,2026-08-07T22:31:50Z
GEN-01641,Order Created,2026-08-05T08:11:31Z
GEN-01641,Payment Received,2026-08-05T08:30:05Z
GEN-01641,Packed,2026-08-05T18:04:51Z
GEN-01641,Inspected,2026-08-05T18:42:40Z
GEN-01641,Shipped,2026-08-05T20:25:11Z
GEN-01641,Delivered,2026-08-05T22:10:33Z
GEN-01642,Order Created,2026-08-09T09:38:19Z
GEN-01642,Payment Attempt,2026-08-09T09:57:36Z
GEN-01642,Payment Attempt,2026-08-09T10:06:52Z
GEN-01642,Payment Received,2026-08-09T10:12:09Z
GEN-01642,Packed,2026-08-09T23:51:25Z
GEN-01642,Inspected,2026-08-10T00:40:11Z
GEN-01642,Shipped,2026-08-10T02:19:36Z
GEN-01643,Order Created,2026-08-13T09:31:20Z
GEN-01643,Payment Attempt,2026-08-13T09:52:14Z
GEN-01643,Payment Received,2026-08-13T10:00:41Z
GEN-01643,Packed,2026-08-13T15:01:59Z
GEN-01643,Inspected,2026-08-13T15:26:11Z
GEN-01643,Shipped,2026-08-13T18:42:54Z
GEN-01643,Delivered,2026-08-13T23:40:48Z
GEN-01644,Order Created,2026-08-07T10:14:02Z
GEN-01645,Order Created,2026-08-12T11:34:11Z
GEN-01645,Payment Attempt,2026-08-12T11:37:46Z
GEN-01645,Payment Received,2026-08-12T11:57:15Z
GEN-01645,Packed,2026-08-12T18:19:08Z
GEN-01645,Inspected,2026-08-12T19:16:47Z
GEN-01645,Shipped,2026-08-12T21:48:03Z
GEN-01645,Delivered,2026-08-13T01:20:10Z
GEN-01646,Order Created,2026-08-06T15:43:12Z
GEN-01646,Payment Received,2026-08-06T15:45:35Z
GEN-01646,Packed,2026-08-07T04:02:37Z
GEN-01646,Inspected,2026-08-07T04:34:05Z
GEN-01646,Packed,2026-08-07T05:55:44Z
GEN-01646,Inspected,2026-08-07T06:46:40Z
GEN-01646,Shipped,2026-08-07T08:51:58Z
GEN-01646,Delivered,2026-08-07T10:34:04Z
GEN-01647,Order Created,2026-08-04T13:41:35Z
GEN-01647,Payment Received,2026-08-04T14:01:07Z
GEN-01647,Packed,2026-08-04T22:10:27Z
GEN-01647,Inspected,2026-08-04T22:32:49Z
GEN-01647,Shipped,2026-08-05T00:36:40Z
GEN-01647,Delivered,2026-08-05T03:41:30Z
GEN-01648,Order Created,2026-08-11T19:45:05Z
GEN-01648,Payment Received,2026-08-11T19:49:31Z
GEN-01648,Packed,2026-08-12T01:59:15Z
GEN-01648,Inspected,2026-08-12T02:36:26Z
GEN-01648,Shipped,2026-08-12T05:57:47Z
GEN-01648,Delivered,2026-08-12T09:02:54Z
GEN-01649,Order Created,2026-08-04T14:30:39Z
GEN-01649,Payment Received,2026-08-04T14:35:15Z
GEN-01649,Packed,2026-08-04T23:48:52Z
GEN-01649,Inspected,2026-08-05T00:37:59Z
GEN-01649,Packed,2026-08-05T03:02:54Z
GEN-01649,Inspected,2026-08-05T03:57:35Z
GEN-01649,Shipped,2026-08-05T05:05:50Z
GEN-01649,Delivered,2026-08-05T07:13:00Z
GEN-01650,Order Created,2026-08-04T11:51:34Z
GEN-01650,Payment Received,2026-08-04T12:03:17Z
GEN-01650,Packed,2026-08-04T15:07:49Z
GEN-01650,Inspected,2026-08-04T15:45:40Z
GEN-01650,Shipped,2026-08-04T17:13:27Z
GEN-01650,Delivered,2026-08-04T20:35:54Z
GEN-01651,Order Created,2026-08-14T14:38:05Z
GEN-01651,Payment Attempt,2026-08-14T14:56:03Z
GEN-01651,Payment Attempt,2026-08-14T15:11:47Z
GEN-01651,Payment Received,2026-08-14T15:30:29Z
GEN-01651,Packed,2026-08-14T19:59:37Z
GEN-01651,Inspected,2026-08-14T20:27:25Z
GEN-01651,Packed,2026-08-14T23:20:56Z
GEN-01651,Inspected,2026-08-14T23:42:24Z
GEN-01651,Packed,2026-08-15T02:09:57Z
GEN-01651,Inspected,2026-08-15T02:44:09Z
GEN-01651,Shipped,2026-08-15T05:29:11Z
GEN-01651,Delivered,2026-08-15T07:33:44Z
GEN-01652,Order Created,2026-08-10T08:10:48Z
GEN-01652,Payment Attempt,2026-08-10T08:31:33Z
GEN-01652,Payment Received,2026-08-10T08:43:40Z
GEN-01652,Packed,2026-08-10T13:26:18Z
GEN-01652,Inspected,2026-08-10T14:15:37Z
GEN-01652,Shipped,2026-08-10T18:04:29Z
GEN-01652,Delivered,2026-08-10T20:05:59Z
GEN-01653,Order Created,2026-08-04T13:31:09Z
GEN-01653,Payment Attempt,2026-08-04T13:52:02Z
GEN-01653,Payment Received,2026-08-04T13:58:39Z
GEN-01653,Packed,2026-08-05T02:22:42Z
GEN-01653,Inspected,2026-08-05T02:53:40Z
GEN-01653,Shipped,2026-08-05T04:05:55Z
GEN-01653,Delivered,2026-08-05T05:24:49Z
GEN-01654,Order Created,2026-08-06T16:32:53Z
GEN-01654,Payment Received,2026-08-06T16:52:42Z
GEN-01654,Packed,2026-08-06T21:32:55Z
GEN-01654,Inspected,2026-08-06T22:24:20Z
GEN-01654,Packed,2026-08-07T00:37:49Z
GEN-01654,Inspected,2026-08-07T01:34:57Z
GEN-01654,Packed,2026-08-07T02:54:48Z
GEN-01654,Inspected,2026-08-07T03:24:19Z
GEN-01654,Shipped,2026-08-07T06:14:54Z
GEN-01654,Delivered,2026-08-07T08:51:19Z
GEN-01655,Order Created,2026-08-04T13:10:59Z
GEN-01655,Payment Received,2026-08-04T13:24:57Z
GEN-01655,Packed,2026-08-04T16:30:25Z
GEN-01655,Inspected,2026-08-04T17:05:59Z
GEN-01655,Shipped,2026-08-04T18:30:45Z
GEN-01655,Delivered,2026-08-04T21:35:31Z
GEN-01656,Order Created,2026-08-13T15:51:47Z
GEN-01656,Payment Received,2026-08-13T16:07:12Z
GEN-01656,Packed,2026-08-13T22:41:04Z
GEN-01656,Inspected,2026-08-13T23:28:17Z
GEN-01656,Shipped,2026-08-14T02:06:00Z
GEN-01656,Delivered,2026-08-14T05:34:02Z
GEN-01657,Order Created,2026-08-12T16:01:17Z
GEN-01657,Payment Attempt,2026-08-12T16:24:02Z
GEN-01657,Payment Attempt,2026-08-12T16:34:17Z
GEN-01657,Payment Received,2026-08-12T16:38:10Z
GEN-01657,Packed,2026-08-12T20:29:18Z
GEN-01657,Inspected,2026-08-12T21:10:19Z
GEN-01657,Shipped,2026-08-12T22:53:30Z
GEN-01657,Delivered,2026-08-13T02:35:28Z
GEN-01658,Order Created,2026-08-03T12:58:56Z
GEN-01658,Payment Received,2026-08-03T13:08:02Z
GEN-01658,Packed,2026-08-03T16:40:10Z
GEN-01658,Inspected,2026-08-03T17:35:06Z
GEN-01658,Shipped,2026-08-03T20:53:15Z
GEN-01658,Delivered,2026-08-04T03:10:56Z
GEN-01659,Order Created,2026-08-08T12:29:08Z
GEN-01659,Payment Received,2026-08-08T12:36:57Z
GEN-01659,Packed,2026-08-08T19:48:20Z
GEN-01659,Inspected,2026-08-08T20:27:57Z
GEN-01659,Packed,2026-08-08T22:13:04Z
GEN-01659,Inspected,2026-08-08T22:44:14Z
GEN-01659,Shipped,2026-08-09T02:02:11Z
GEN-01659,Delivered,2026-08-09T04:16:50Z
GEN-01660,Order Created,2026-08-06T12:34:23Z
GEN-01660,Payment Received,2026-08-06T12:52:19Z
GEN-01660,Packed,2026-08-06T15:51:39Z
GEN-01661,Order Created,2026-08-10T19:47:33Z
GEN-01661,Payment Received,2026-08-10T20:00:06Z
GEN-01661,Packed,2026-08-11T05:55:17Z
GEN-01661,Inspected,2026-08-11T06:43:57Z
GEN-01661,Shipped,2026-08-11T08:03:13Z
GEN-01661,Delivered,2026-08-11T09:51:35Z
GEN-01662,Order Created,2026-08-11T18:16:52Z
GEN-01662,Payment Received,2026-08-11T18:24:46Z
GEN-01662,Packed,2026-08-11T21:51:18Z
GEN-01662,Inspected,2026-08-11T22:17:12Z
GEN-01662,Shipped,2026-08-12T00:25:30Z
GEN-01662,Delivered,2026-08-12T02:31:07Z
GEN-01663,Order Created,2026-08-14T17:12:02Z
GEN-01663,Payment Received,2026-08-14T17:29:53Z
GEN-01663,Packed,2026-08-14T22:47:47Z
GEN-01663,Inspected,2026-08-14T23:37:34Z
GEN-01663,Shipped,2026-08-15T03:20:11Z
GEN-01663,Delivered,2026-08-15T07:08:07Z
GEN-01664,Order Created,2026-08-05T12:00:46Z
GEN-01664,Payment Attempt,2026-08-05T12:07:19Z
GEN-01664,Payment Received,2026-08-05T12:19:35Z
GEN-01664,Packed,2026-08-06T07:04:46Z
GEN-01664,Inspected,2026-08-06T07:59:04Z
GEN-01664,Shipped,2026-08-06T10:03:23Z
GEN-01664,Delivered,2026-08-06T11:49:09Z
GEN-01665,Order Created,2026-08-16T12:24:59Z
GEN-01665,Payment Received,2026-08-16T12:42:20Z
GEN-01665,Packed,2026-08-17T00:10:56Z
GEN-01665,Inspected,2026-08-17T00:56:09Z
GEN-01665,Shipped,2026-08-17T02:01:30Z
GEN-01665,Delivered,2026-08-17T03:44:06Z
GEN-01666,Order Created,2026-08-07T19:27:18Z
GEN-01666,Payment Received,2026-08-07T19:37:51Z
GEN-01666,Packed,2026-08-08T06:33:02Z
GEN-01666,Inspected,2026-08-08T06:53:20Z
GEN-01666,Shipped,2026-08-08T10:35:24Z
GEN-01666,Delivered,2026-08-08T12:33:19Z
GEN-01667,Order Created,2026-08-13T16:02:19Z
GEN-01667,Payment Received,2026-08-13T16:16:09Z
GEN-01667,Packed,2026-08-14T04:52:59Z
GEN-01667,Inspected,2026-08-14T05:39:28Z
GEN-01667,Shipped,2026-08-14T08:09:04Z
GEN-01667,Delivered,2026-08-14T11:19:46Z
GEN-01668,Order Created,2026-08-08T15:00:58Z
GEN-01668,Payment Attempt,2026-08-08T15:19:10Z
GEN-01668,Payment Attempt,2026-08-08T15:43:38Z
GEN-01668,Payment Received,2026-08-08T16:00:53Z
GEN-01668,Packed,2026-08-09T02:32:29Z
GEN-01668,Inspected,2026-08-09T03:19:39Z
GEN-01668,Shipped,2026-08-09T05:03:16Z
GEN-01668,Delivered,2026-08-09T06:44:47Z
GEN-01669,Order Created,2026-08-07T09:17:25Z
GEN-01669,Payment Attempt,2026-08-07T09:31:44Z
GEN-01669,Payment Received,2026-08-07T09:40:58Z
GEN-01669,Packed,2026-08-07T12:50:51Z
GEN-01669,Inspected,2026-08-07T13:32:46Z
GEN-01669,Shipped,2026-08-07T16:10:02Z
GEN-01669,Delivered,2026-08-07T19:27:43Z
GEN-01670,Order Created,2026-08-03T16:10:20Z
GEN-01670,Payment Received,2026-08-03T16:17:41Z
GEN-01670,Packed,2026-08-03T19:25:21Z
GEN-01670,Inspected,2026-08-03T19:58:00Z
GEN-01670,Shipped,2026-08-03T22:42:15Z
GEN-01670,Delivered,2026-08-04T00:28:57Z
GEN-01671,Order Created,2026-08-16T12:38:22Z
GEN-01671,Payment Received,2026-08-16T12:47:01Z
GEN-01671,Packed,2026-08-16T21:43:10Z
GEN-01671,Inspected,2026-08-16T22:31:10Z
GEN-01671,Shipped,2026-08-17T00:39:59Z
GEN-01671,Delivered,2026-08-17T05:32:08Z
GEN-01672,Order Created,2026-08-11T12:43:31Z
GEN-01672,Payment Received,2026-08-11T13:01:07Z
GEN-01672,Packed,2026-08-11T17:40:46Z
GEN-01672,Inspected,2026-08-11T18:07:46Z
GEN-01672,Shipped,2026-08-11T21:26:12Z
GEN-01672,Delivered,2026-08-12T02:26:13Z
GEN-01673,Order Created,2026-08-07T13:20:33Z
GEN-01673,Payment Received,2026-08-07T13:24:47Z
GEN-01673,Packed,2026-08-08T01:18:43Z
GEN-01674,Order Created,2026-08-06T08:47:34Z
GEN-01675,Order Created,2026-08-11T08:37:16Z
GEN-01675,Payment Received,2026-08-11T08:43:20Z
GEN-01675,Packed,2026-08-11T12:54:05Z
GEN-01675,Inspected,2026-08-11T13:31:18Z
GEN-01675,Shipped,2026-08-11T16:07:04Z
GEN-01675,Delivered,2026-08-11T18:14:55Z
GEN-01676,Order Created,2026-08-15T13:58:42Z
GEN-01676,Payment Received,2026-08-15T14:09:35Z
GEN-01676,Packed,2026-08-15T19:51:34Z
GEN-01677,Order Created,2026-08-11T10:15:54Z
GEN-01677,Payment Received,2026-08-11T10:22:23Z
GEN-01677,Packed,2026-08-11T17:17:15Z
GEN-01677,Inspected,2026-08-11T17:50:27Z
GEN-01677,Shipped,2026-08-11T21:18:39Z
GEN-01677,Delivered,2026-08-12T00:26:35Z
GEN-01678,Order Created,2026-08-13T19:42:03Z
GEN-01678,Payment Received,2026-08-13T20:00:51Z
GEN-01678,Packed,2026-08-14T00:32:29Z
GEN-01678,Inspected,2026-08-14T01:13:12Z
GEN-01678,Shipped,2026-08-14T03:06:50Z
GEN-01678,Delivered,2026-08-14T06:01:03Z
GEN-01679,Order Created,2026-08-08T13:30:30Z
GEN-01679,Payment Received,2026-08-08T13:45:30Z
GEN-01679,Packed,2026-08-09T04:55:27Z
GEN-01680,Order Created,2026-08-12T14:02:15Z
GEN-01680,Payment Received,2026-08-12T14:21:43Z
GEN-01680,Packed,2026-08-12T17:37:38Z
GEN-01680,Inspected,2026-08-12T18:26:10Z
GEN-01680,Shipped,2026-08-12T19:54:08Z
GEN-01680,Delivered,2026-08-12T22:15:05Z
GEN-01681,Order Created,2026-08-07T09:21:09Z
GEN-01681,Payment Received,2026-08-07T09:29:51Z
GEN-01681,Packed,2026-08-07T11:24:20Z
GEN-01681,Inspected,2026-08-07T12:06:43Z
GEN-01681,Packed,2026-08-07T13:32:12Z
GEN-01681,Inspected,2026-08-07T14:29:56Z
GEN-01681,Shipped,2026-08-07T17:30:31Z
GEN-01681,Delivered,2026-08-07T19:07:23Z
GEN-01682,Order Created,2026-08-05T15:49:21Z
GEN-01682,Payment Received,2026-08-05T15:54:47Z
GEN-01682,Packed,2026-08-06T00:19:23Z
GEN-01682,Inspected,2026-08-06T00:47:31Z
GEN-01682,Packed,2026-08-06T02:21:02Z
GEN-01682,Inspected,2026-08-06T03:04:46Z
GEN-01682,Shipped,2026-08-06T04:34:42Z
GEN-01683,Order Created,2026-08-10T15:39:03Z
GEN-01683,Payment Received,2026-08-10T15:55:45Z
GEN-01683,Packed,2026-08-10T21:43:47Z
GEN-01683,Inspected,2026-08-10T22:13:56Z
GEN-01683,Packed,2026-08-11T01:04:16Z
GEN-01683,Inspected,2026-08-11T01:29:49Z
GEN-01683,Packed,2026-08-11T02:51:03Z
GEN-01683,Inspected,2026-08-11T03:12:50Z
GEN-01683,Shipped,2026-08-11T04:57:11Z
GEN-01683,Delivered,2026-08-11T07:05:21Z
GEN-01684,Order Created,2026-08-11T09:54:00Z
GEN-01684,Payment Received,2026-08-11T10:10:38Z
GEN-01684,Packed,2026-08-11T17:07:37Z
GEN-01684,Inspected,2026-08-11T17:55:13Z
GEN-01684,Packed,2026-08-11T19:27:08Z
GEN-01684,Inspected,2026-08-11T20:15:36Z
GEN-01684,Packed,2026-08-11T21:44:05Z
GEN-01684,Inspected,2026-08-11T22:09:59Z
GEN-01684,Packed,2026-08-11T23:51:59Z
GEN-01684,Inspected,2026-08-12T00:26:41Z
GEN-01684,Shipped,2026-08-12T03:47:17Z
GEN-01684,Delivered,2026-08-12T07:50:11Z
GEN-01685,Order Created,2026-08-07T10:39:33Z
GEN-01685,Payment Received,2026-08-07T10:51:32Z
GEN-01685,Packed,2026-08-08T03:26:27Z
GEN-01685,Inspected,2026-08-08T04:00:17Z
GEN-01685,Packed,2026-08-08T06:47:22Z
GEN-01685,Inspected,2026-08-08T07:07:48Z
GEN-01685,Shipped,2026-08-08T10:18:37Z
GEN-01685,Delivered,2026-08-08T11:38:54Z
GEN-01686,Order Created,2026-08-03T15:20:25Z
GEN-01686,Payment Attempt,2026-08-03T15:31:47Z
GEN-01686,Payment Attempt,2026-08-03T15:44:39Z
GEN-01686,Payment Received,2026-08-03T15:47:04Z
GEN-01686,Packed,2026-08-04T00:24:22Z
GEN-01686,Inspected,2026-08-04T00:51:25Z
GEN-01686,Packed,2026-08-04T03:24:58Z
GEN-01686,Inspected,2026-08-04T04:19:04Z
GEN-01686,Shipped,2026-08-04T06:29:45Z
GEN-01686,Delivered,2026-08-04T07:59:24Z
GEN-01687,Order Created,2026-08-07T17:01:58Z
GEN-01687,Payment Received,2026-08-07T17:08:11Z
GEN-01687,Packed,2026-08-07T20:03:13Z
GEN-01687,Inspected,2026-08-07T20:23:20Z
GEN-01687,Shipped,2026-08-07T21:58:03Z
GEN-01687,Delivered,2026-08-08T00:08:20Z
GEN-01688,Order Created,2026-08-10T17:08:53Z
GEN-01688,Payment Attempt,2026-08-10T17:25:21Z
GEN-01688,Payment Attempt,2026-08-10T17:32:38Z
GEN-01688,Payment Received,2026-08-10T17:42:20Z
GEN-01688,Packed,2026-08-10T19:14:16Z
GEN-01688,Inspected,2026-08-10T20:06:57Z
GEN-01688,Shipped,2026-08-10T22:39:14Z
GEN-01688,Delivered,2026-08-11T00:49:54Z
GEN-01689,Order Created,2026-08-10T12:18:11Z
GEN-01689,Payment Received,2026-08-10T12:22:35Z
GEN-01689,Packed,2026-08-10T13:44:05Z
GEN-01689,Inspected,2026-08-10T14:43:11Z
GEN-01689,Shipped,2026-08-10T16:59:16Z
GEN-01689,Delivered,2026-08-10T21:02:33Z
GEN-01690,Order Created,2026-08-14T16:44:36Z
GEN-01690,Payment Attempt,2026-08-14T17:00:58Z
GEN-01690,Payment Attempt,2026-08-14T17:06:17Z
GEN-01690,Payment Received,2026-08-14T17:10:18Z
GEN-01690,Packed,2026-08-15T02:16:29Z
GEN-01690,Inspected,2026-08-15T02:36:43Z
GEN-01690,Shipped,2026-08-15T04:30:57Z
GEN-01690,Delivered,2026-08-15T07:12:11Z
GEN-01691,Order Created,2026-08-16T17:59:40Z
GEN-01691,Payment Received,2026-08-16T18:05:48Z
GEN-01691,Packed,2026-08-17T08:07:38Z
GEN-01691,Inspected,2026-08-17T09:04:09Z
GEN-01691,Packed,2026-08-17T11:04:55Z
GEN-01691,Inspected,2026-08-17T11:35:37Z
GEN-01691,Shipped,2026-08-17T14:45:01Z
GEN-01691,Delivered,2026-08-17T18:33:15Z
GEN-01692,Order Created,2026-08-11T11:57:29Z
GEN-01692,Payment Received,2026-08-11T12:05:04Z
GEN-01692,Packed,2026-08-11T15:58:33Z
GEN-01692,Inspected,2026-08-11T16:53:35Z
GEN-01692,Shipped,2026-08-11T20:28:51Z
GEN-01693,Order Created,2026-08-05T09:18:00Z
GEN-01693,Payment Received,2026-08-05T09:27:05Z
GEN-01693,Packed,2026-08-05T15:36:14Z
GEN-01693,Inspected,2026-08-05T16:14:55Z
GEN-01693,Packed,2026-08-05T19:03:13Z
GEN-01693,Inspected,2026-08-05T20:02:09Z
GEN-01693,Packed,2026-08-05T22:25:12Z
GEN-01693,Inspected,2026-08-05T23:05:01Z
GEN-01693,Shipped,2026-08-06T01:10:06Z
GEN-01693,Delivered,2026-08-06T03:08:16Z
GEN-01694,Order Created,2026-08-11T16:44:10Z
GEN-01694,Payment Attempt,2026-08-11T17:06:56Z
GEN-01694,Payment Received,2026-08-11T17:10:38Z
GEN-01694,Packed,2026-08-12T02:14:43Z
GEN-01694,Inspected,2026-08-12T03:13:24Z
GEN-01694,Packed,2026-08-12T04:38:01Z
GEN-01694,Inspected,2026-08-12T05:09:54Z
GEN-01694,Shipped,2026-08-12T06:23:54Z
GEN-01694,Delivered,2026-08-12T08:14:20Z
GEN-01695,Order Created,2026-08-14T17:47:29Z
GEN-01695,Payment Attempt,2026-08-14T17:50:44Z
GEN-01695,Payment Received,2026-08-14T18:02:23Z
GEN-01695,Packed,2026-08-14T22:47:48Z
GEN-01695,Inspected,2026-08-14T23:14:21Z
GEN-01695,Packed,2026-08-15T01:46:30Z
GEN-01695,Inspected,2026-08-15T02:46:11Z
GEN-01695,Packed,2026-08-15T04:36:27Z
GEN-01695,Inspected,2026-08-15T05:05:52Z
GEN-01695,Packed,2026-08-15T07:49:53Z
GEN-01695,Inspected,2026-08-15T08:42:25Z
GEN-01695,Shipped,2026-08-15T12:31:24Z
GEN-01695,Delivered,2026-08-15T15:51:01Z
GEN-01696,Order Created,2026-08-07T09:56:12Z
GEN-01696,Payment Received,2026-08-07T10:07:12Z
GEN-01696,Packed,2026-08-07T16:41:57Z
GEN-01696,Inspected,2026-08-07T17:26:14Z
GEN-01696,Shipped,2026-08-07T20:09:36Z
GEN-01697,Order Created,2026-08-04T13:25:38Z
GEN-01697,Payment Attempt,2026-08-04T13:42:38Z
GEN-01697,Payment Attempt,2026-08-04T13:57:20Z
GEN-01697,Payment Received,2026-08-04T14:14:54Z
GEN-01697,Packed,2026-08-04T21:07:51Z
GEN-01697,Inspected,2026-08-04T21:41:39Z
GEN-01697,Packed,2026-08-04T23:04:26Z
GEN-01697,Inspected,2026-08-04T23:51:10Z
GEN-01697,Shipped,2026-08-05T02:49:10Z
GEN-01697,Delivered,2026-08-05T07:16:23Z
GEN-01698,Order Created,2026-08-12T15:44:33Z
GEN-01698,Payment Received,2026-08-12T15:59:37Z
GEN-01698,Packed,2026-08-12T20:50:53Z
GEN-01698,Inspected,2026-08-12T21:41:33Z
GEN-01698,Packed,2026-08-12T23:01:12Z
GEN-01698,Inspected,2026-08-12T23:42:42Z
GEN-01698,Shipped,2026-08-13T03:31:53Z
GEN-01698,Delivered,2026-08-13T06:10:52Z
GEN-01699,Order Created,2026-08-12T12:55:43Z
GEN-01699,Payment Attempt,2026-08-12T13:17:58Z
GEN-01699,Payment Received,2026-08-12T13:37:54Z
GEN-01699,Packed,2026-08-12T19:57:29Z
GEN-01699,Inspected,2026-08-12T20:37:35Z
GEN-01699,Shipped,2026-08-12T23:55:23Z
GEN-01699,Delivered,2026-08-13T02:17:03Z
GEN-01700,Order Created,2026-08-16T17:22:58Z
GEN-01700,Payment Received,2026-08-16T17:30:30Z
GEN-01700,Packed,2026-08-18T05:34:53Z
GEN-01700,Inspected,2026-08-18T06:13:08Z
GEN-01700,Shipped,2026-08-18T07:14:05Z
GEN-01700,Delivered,2026-08-18T11:45:48Z
GEN-01701,Order Created,2026-08-13T08:05:07Z
GEN-01701,Payment Received,2026-08-13T08:22:46Z
GEN-01701,Packed,2026-08-13T12:32:30Z
GEN-01701,Inspected,2026-08-13T13:29:05Z
GEN-01701,Shipped,2026-08-13T15:29:08Z
GEN-01701,Delivered,2026-08-13T19:14:01Z
GEN-01702,Order Created,2026-08-12T15:06:56Z
GEN-01702,Payment Attempt,2026-08-12T15:11:42Z
GEN-01702,Payment Attempt,2026-08-12T15:21:51Z
GEN-01702,Payment Received,2026-08-12T15:37:39Z
GEN-01702,Packed,2026-08-12T23:58:27Z
GEN-01702,Inspected,2026-08-13T00:30:32Z
GEN-01702,Shipped,2026-08-13T04:01:11Z
GEN-01702,Delivered,2026-08-13T06:18:05Z
GEN-01703,Order Created,2026-08-12T17:23:45Z
GEN-01703,Payment Attempt,2026-08-12T17:32:37Z
GEN-01703,Payment Attempt,2026-08-12T17:43:54Z
GEN-01703,Payment Received,2026-08-12T18:01:22Z
GEN-01703,Packed,2026-08-13T00:47:50Z
GEN-01703,Inspected,2026-08-13T01:16:44Z
GEN-01703,Packed,2026-08-13T03:54:59Z
GEN-01703,Inspected,2026-08-13T04:45:35Z
GEN-01703,Shipped,2026-08-13T07:24:24Z
GEN-01703,Delivered,2026-08-13T09:47:04Z
GEN-01704,Order Created,2026-08-11T09:23:29Z
GEN-01704,Payment Received,2026-08-11T09:30:32Z
GEN-01704,Packed,2026-08-11T14:28:41Z
GEN-01704,Inspected,2026-08-11T15:21:18Z
GEN-01704,Shipped,2026-08-11T18:20:59Z
GEN-01704,Delivered,2026-08-11T23:55:28Z
GEN-01705,Order Created,2026-08-05T19:30:08Z
GEN-01705,Payment Received,2026-08-05T19:36:04Z
GEN-01705,Packed,2026-08-05T21:23:07Z
GEN-01705,Inspected,2026-08-05T22:11:20Z
GEN-01705,Shipped,2026-08-06T01:12:05Z
GEN-01705,Delivered,2026-08-06T06:46:09Z
GEN-01706,Order Created,2026-08-16T17:21:02Z
GEN-01706,Payment Received,2026-08-16T17:40:30Z
GEN-01706,Packed,2026-08-17T15:55:20Z
GEN-01706,Inspected,2026-08-17T16:45:47Z
GEN-01706,Shipped,2026-08-17T18:44:43Z
GEN-01706,Delivered,2026-08-17T23:00:52Z
GEN-01707,Order Created,2026-08-11T17:28:21Z
GEN-01707,Payment Received,2026-08-11T17:43:49Z
GEN-01707,Packed,2026-08-12T01:47:39Z
GEN-01707,Inspected,2026-08-12T02:42:06Z
GEN-01707,Shipped,2026-08-12T05:02:13Z
GEN-01707,Delivered,2026-08-12T07:43:07Z
GEN-01708,Order Created,2026-08-05T18:04:01Z
GEN-01708,Payment Received,2026-08-05T18:15:35Z
GEN-01708,Packed,2026-08-06T02:06:01Z
GEN-01708,Inspected,2026-08-06T02:38:41Z
GEN-01708,Packed,2026-08-06T05:16:37Z
GEN-01708,Inspected,2026-08-06T06:16:04Z
GEN-01708,Shipped,2026-08-06T08:46:59Z
GEN-01708,Delivered,2026-08-06T11:12:02Z
GEN-01709,Order Created,2026-08-12T18:47:49Z
GEN-01709,Payment Attempt,2026-08-12T18:51:18Z
GEN-01709,Payment Attempt,2026-08-12T19:14:23Z
GEN-01709,Payment Received,2026-08-12T19:17:12Z
GEN-01709,Packed,2026-08-13T00:59:31Z
GEN-01709,Inspected,2026-08-13T01:57:03Z
GEN-01709,Shipped,2026-08-13T04:25:49Z
GEN-01709,Delivered,2026-08-13T07:57:09Z
GEN-01710,Order Created,2026-08-15T11:46:16Z
GEN-01710,Payment Received,2026-08-15T11:58:59Z
GEN-01710,Packed,2026-08-15T23:31:45Z
GEN-01710,Inspected,2026-08-16T00:21:54Z
GEN-01710,Shipped,2026-08-16T03:21:14Z
GEN-01711,Order Created,2026-08-12T17:48:53Z
GEN-01711,Payment Received,2026-08-12T18:05:03Z
GEN-01711,Packed,2026-08-13T01:02:13Z
GEN-01711,Inspected,2026-08-13T02:00:56Z
GEN-01711,Packed,2026-08-13T03:01:34Z
GEN-01711,Inspected,2026-08-13T03:23:11Z
GEN-01711,Packed,2026-08-13T06:10:41Z
GEN-01711,Inspected,2026-08-13T07:07:41Z
GEN-01711,Shipped,2026-08-13T10:59:12Z
GEN-01711,Delivered,2026-08-13T14:40:42Z
GEN-01712,Order Created,2026-08-11T18:24:44Z
GEN-01712,Payment Received,2026-08-11T18:44:07Z
GEN-01712,Packed,2026-08-11T20:30:39Z
GEN-01712,Inspected,2026-08-11T20:59:11Z
GEN-01712,Shipped,2026-08-11T22:35:04Z
GEN-01712,Delivered,2026-08-12T00:02:24Z
GEN-01713,Order Created,2026-08-07T11:39:09Z
GEN-01713,Payment Received,2026-08-07T11:45:26Z
GEN-01713,Packed,2026-08-07T14:14:43Z
GEN-01713,Inspected,2026-08-07T15:02:47Z
GEN-01713,Shipped,2026-08-07T17:36:54Z
GEN-01713,Delivered,2026-08-07T20:22:09Z
GEN-01714,Order Created,2026-08-12T12:54:08Z
GEN-01714,Payment Received,2026-08-12T13:06:54Z
GEN-01714,Packed,2026-08-12T16:00:24Z
GEN-01714,Inspected,2026-08-12T16:22:54Z
GEN-01714,Shipped,2026-08-12T17:43:56Z
GEN-01714,Delivered,2026-08-12T20:25:32Z
GEN-01715,Order Created,2026-08-05T12:16:19Z
GEN-01715,Payment Received,2026-08-05T12:31:22Z
GEN-01715,Packed,2026-08-05T23:38:27Z
GEN-01715,Inspected,2026-08-06T00:17:05Z
GEN-01715,Packed,2026-08-06T02:08:48Z
GEN-01715,Inspected,2026-08-06T02:34:13Z
GEN-01715,Shipped,2026-08-06T05:15:04Z
GEN-01715,Delivered,2026-08-06T07:25:11Z
GEN-01716,Order Created,2026-08-12T18:50:43Z
GEN-01716,Payment Attempt,2026-08-12T18:59:27Z
GEN-01716,Payment Received,2026-08-12T19:08:19Z
GEN-01716,Packed,2026-08-12T21:10:14Z
GEN-01716,Inspected,2026-08-12T21:49:56Z
GEN-01716,Shipped,2026-08-12T22:53:01Z
GEN-01716,Delivered,2026-08-13T00:26:18Z
GEN-01717,Order Created,2026-08-05T09:59:45Z
GEN-01717,Payment Received,2026-08-05T10:16:27Z
GEN-01717,Packed,2026-08-05T17:13:52Z
GEN-01717,Inspected,2026-08-05T17:58:47Z
GEN-01717,Shipped,2026-08-05T20:00:31Z
GEN-01717,Delivered,2026-08-06T00:11:06Z
GEN-01718,Order Created,2026-08-05T10:03:12Z
GEN-01718,Payment Received,2026-08-05T10:06:38Z
GEN-01718,Packed,2026-08-05T14:08:58Z
GEN-01718,Inspected,2026-08-05T15:01:38Z
GEN-01718,Shipped,2026-08-05T16:47:36Z
GEN-01718,Delivered,2026-08-05T20:24:12Z
GEN-01719,Order Created,2026-08-13T11:18:36Z
GEN-01719,Payment Received,2026-08-13T11:21:57Z
GEN-01719,Packed,2026-08-14T02:19:01Z
GEN-01719,Inspected,2026-08-14T03:07:21Z
GEN-01719,Shipped,2026-08-14T05:45:21Z
GEN-01719,Delivered,2026-08-14T09:47:27Z
GEN-01720,Order Created,2026-08-11T19:33:55Z
GEN-01720,Payment Received,2026-08-11T19:48:20Z
GEN-01720,Packed,2026-08-12T00:28:02Z
GEN-01720,Inspected,2026-08-12T01:27:20Z
GEN-01720,Shipped,2026-08-12T05:07:05Z
GEN-01720,Delivered,2026-08-12T07:44:49Z
GEN-01721,Order Created,2026-08-05T19:11:18Z
GEN-01721,Payment Received,2026-08-05T19:22:05Z
GEN-01721,Packed,2026-08-05T21:29:01Z
GEN-01721,Inspected,2026-08-05T21:51:14Z
GEN-01721,Shipped,2026-08-05T22:57:29Z
GEN-01721,Delivered,2026-08-06T03:41:11Z
GEN-01722,Order Created,2026-08-14T11:52:11Z
GEN-01722,Payment Received,2026-08-14T12:04:30Z
GEN-01722,Packed,2026-08-14T23:34:04Z
GEN-01722,Inspected,2026-08-15T00:19:37Z
GEN-01722,Shipped,2026-08-15T02:08:59Z
GEN-01722,Delivered,2026-08-15T05:25:59Z
GEN-01723,Order Created,2026-08-12T12:45:10Z
GEN-01723,Payment Received,2026-08-12T13:03:24Z
GEN-01723,Packed,2026-08-12T19:42:38Z
GEN-01723,Inspected,2026-08-12T20:27:53Z
GEN-01723,Shipped,2026-08-12T22:17:48Z
GEN-01723,Delivered,2026-08-13T00:47:13Z
GEN-01724,Order Created,2026-08-08T08:01:16Z
GEN-01724,Payment Received,2026-08-08T08:17:47Z
GEN-01724,Packed,2026-08-08T18:07:27Z
GEN-01724,Inspected,2026-08-08T19:02:19Z
GEN-01724,Shipped,2026-08-08T20:40:33Z
GEN-01724,Delivered,2026-08-08T23:36:20Z
GEN-01725,Order Created,2026-08-14T12:20:48Z
GEN-01725,Payment Received,2026-08-14T12:34:27Z
GEN-01725,Packed,2026-08-14T20:51:00Z
GEN-01725,Inspected,2026-08-14T21:18:57Z
GEN-01725,Shipped,2026-08-15T01:15:19Z
GEN-01726,Order Created,2026-08-05T18:00:03Z
GEN-01726,Payment Received,2026-08-05T18:11:47Z
GEN-01726,Packed,2026-08-05T21:05:36Z
GEN-01726,Inspected,2026-08-05T21:42:11Z
GEN-01726,Packed,2026-08-05T23:43:58Z
GEN-01726,Inspected,2026-08-06T00:42:52Z
GEN-01726,Shipped,2026-08-06T04:41:40Z
GEN-01726,Delivered,2026-08-06T07:15:02Z
GEN-01727,Order Created,2026-08-13T17:21:58Z
GEN-01727,Payment Received,2026-08-13T17:34:12Z
GEN-01727,Packed,2026-08-14T04:00:36Z
GEN-01727,Inspected,2026-08-14T04:57:06Z
GEN-01727,Shipped,2026-08-14T07:54:26Z
GEN-01727,Delivered,2026-08-14T12:23:43Z
GEN-01728,Order Created,2026-08-16T18:16:39Z
GEN-01728,Payment Received,2026-08-16T18:29:06Z
GEN-01728,Packed,2026-08-17T02:37:58Z
GEN-01728,Inspected,2026-08-17T03:16:55Z
GEN-01728,Shipped,2026-08-17T06:22:08Z
GEN-01728,Delivered,2026-08-17T10:06:14Z
GEN-01729,Order Created,2026-08-12T18:39:25Z
GEN-01729,Payment Received,2026-08-12T18:53:26Z
GEN-01729,Packed,2026-08-12T23:20:02Z
GEN-01729,Inspected,2026-08-12T23:42:00Z
GEN-01729,Shipped,2026-08-13T01:56:35Z
GEN-01730,Order Created,2026-08-03T10:53:21Z
GEN-01730,Payment Received,2026-08-03T11:10:12Z
GEN-01730,Packed,2026-08-03T23:45:12Z
GEN-01730,Inspected,2026-08-04T00:44:45Z
GEN-01730,Shipped,2026-08-04T02:40:18Z
GEN-01730,Delivered,2026-08-04T04:21:07Z
GEN-01731,Order Created,2026-08-11T17:26:20Z
GEN-01731,Payment Received,2026-08-11T17:43:30Z
GEN-01731,Packed,2026-08-12T04:54:27Z
GEN-01731,Inspected,2026-08-12T05:51:23Z
GEN-01731,Shipped,2026-08-12T09:26:54Z
GEN-01731,Delivered,2026-08-12T12:57:28Z
GEN-01732,Order Created,2026-08-16T14:26:41Z
GEN-01732,Payment Received,2026-08-16T14:34:32Z
GEN-01732,Packed,2026-08-16T18:32:02Z
GEN-01732,Inspected,2026-08-16T19:29:49Z
GEN-01732,Shipped,2026-08-16T21:33:30Z
GEN-01732,Delivered,2026-08-16T23:40:54Z
GEN-01733,Order Created,2026-08-15T13:55:15Z
GEN-01733,Payment Received,2026-08-15T14:00:06Z
GEN-01733,Packed,2026-08-16T22:08:28Z
GEN-01733,Inspected,2026-08-16T22:40:56Z
GEN-01733,Shipped,2026-08-17T01:24:35Z
GEN-01733,Delivered,2026-08-17T03:28:35Z
GEN-01734,Order Created,2026-08-04T15:20:24Z
GEN-01734,Payment Received,2026-08-04T15:29:18Z
GEN-01734,Packed,2026-08-05T08:39:10Z
GEN-01734,Inspected,2026-08-05T09:21:06Z
GEN-01734,Shipped,2026-08-05T13:13:16Z
GEN-01734,Delivered,2026-08-05T15:08:01Z
GEN-01735,Order Created,2026-08-04T13:45:12Z
GEN-01735,Payment Received,2026-08-04T13:49:17Z
GEN-01735,Packed,2026-08-04T16:45:56Z
GEN-01735,Inspected,2026-08-04T17:20:46Z
GEN-01735,Shipped,2026-08-04T20:02:40Z
GEN-01735,Delivered,2026-08-04T21:42:43Z
GEN-01736,Order Created,2026-08-12T17:26:51Z
GEN-01736,Payment Received,2026-08-12T17:29:53Z
GEN-01736,Packed,2026-08-12T19:47:00Z
GEN-01736,Inspected,2026-08-12T20:38:19Z
GEN-01736,Shipped,2026-08-12T22:41:38Z
GEN-01736,Delivered,2026-08-13T01:01:50Z
GEN-01737,Order Created,2026-08-11T11:05:42Z
GEN-01737,Payment Received,2026-08-11T11:10:43Z
GEN-01737,Packed,2026-08-11T21:40:11Z
GEN-01737,Inspected,2026-08-11T22:24:52Z
GEN-01737,Shipped,2026-08-11T23:28:03Z
GEN-01737,Delivered,2026-08-12T03:24:42Z
GEN-01738,Order Created,2026-08-12T16:23:03Z
GEN-01738,Payment Received,2026-08-12T16:40:46Z
GEN-01738,Packed,2026-08-12T21:54:07Z
GEN-01738,Inspected,2026-08-12T22:50:59Z
GEN-01738,Shipped,2026-08-13T02:01:31Z
GEN-01738,Delivered,2026-08-13T03:29:59Z
GEN-01739,Order Created,2026-08-05T14:45:12Z
GEN-01739,Payment Received,2026-08-05T14:59:52Z
GEN-01739,Packed,2026-08-05T22:03:08Z
GEN-01739,Inspected,2026-08-05T22:58:02Z
GEN-01739,Packed,2026-08-06T00:06:45Z
GEN-01739,Inspected,2026-08-06T00:42:57Z
GEN-01739,Packed,2026-08-06T02:36:08Z
GEN-01739,Inspected,2026-08-06T03:30:34Z
GEN-01739,Packed,2026-08-06T06:17:27Z
GEN-01739,Inspected,2026-08-06T07:08:26Z
GEN-01739,Shipped,2026-08-06T10:38:30Z
GEN-01739,Delivered,2026-08-06T13:38:11Z
GEN-01740,Order Created,2026-08-15T18:58:05Z
GEN-01740,Payment Received,2026-08-15T19:17:16Z
GEN-01740,Packed,2026-08-16T07:07:52Z
GEN-01740,Inspected,2026-08-16T07:44:31Z
GEN-01740,Packed,2026-08-16T09:42:09Z
GEN-01740,Inspected,2026-08-16T10:13:31Z
GEN-01740,Packed,2026-08-16T11:49:39Z
GEN-01740,Inspected,2026-08-16T12:25:20Z
GEN-01740,Packed,2026-08-16T13:58:52Z
GEN-01740,Inspected,2026-08-16T14:56:07Z
GEN-01740,Shipped,2026-08-16T18:39:22Z
GEN-01740,Delivered,2026-08-16T21:12:46Z
GEN-01741,Order Created,2026-08-13T09:44:02Z
GEN-01741,Payment Received,2026-08-13T09:47:46Z
GEN-01741,Packed,2026-08-13T22:07:14Z
GEN-01741,Inspected,2026-08-13T22:32:47Z
GEN-01741,Shipped,2026-08-14T02:17:42Z
GEN-01741,Delivered,2026-08-14T06:50:43Z
GEN-01742,Order Created,2026-08-12T16:29:13Z
GEN-01742,Payment Attempt,2026-08-12T16:46:24Z
GEN-01742,Payment Attempt,2026-08-12T16:52:00Z
GEN-01742,Payment Received,2026-08-12T17:02:50Z
GEN-01742,Packed,2026-08-12T20:59:21Z
GEN-01742,Inspected,2026-08-12T21:32:03Z
GEN-01742,Shipped,2026-08-13T00:35:26Z
GEN-01742,Delivered,2026-08-13T04:43:00Z
GEN-01743,Order Created,2026-08-06T11:43:47Z
GEN-01743,Payment Received,2026-08-06T11:53:49Z
GEN-01743,Packed,2026-08-06T15:11:07Z
GEN-01743,Inspected,2026-08-06T15:55:25Z
GEN-01743,Shipped,2026-08-06T19:04:08Z
GEN-01743,Delivered,2026-08-06T22:30:06Z
GEN-01744,Order Created,2026-08-11T11:44:36Z
GEN-01744,Payment Attempt,2026-08-11T11:51:29Z
GEN-01744,Payment Received,2026-08-11T12:08:12Z
GEN-01744,Packed,2026-08-11T17:42:30Z
GEN-01745,Order Created,2026-08-04T12:09:27Z
GEN-01745,Payment Attempt,2026-08-04T12:14:24Z
GEN-01745,Payment Received,2026-08-04T12:31:12Z
GEN-01745,Packed,2026-08-04T17:53:50Z
GEN-01745,Inspected,2026-08-04T18:42:24Z
GEN-01745,Shipped,2026-08-04T21:04:41Z
GEN-01745,Delivered,2026-08-05T01:35:05Z
GEN-01746,Order Created,2026-08-13T12:52:13Z
GEN-01746,Payment Attempt,2026-08-13T13:14:15Z
GEN-01746,Payment Received,2026-08-13T13:22:08Z
GEN-01746,Packed,2026-08-13T20:08:56Z
GEN-01746,Inspected,2026-08-13T20:40:10Z
GEN-01746,Shipped,2026-08-13T22:03:12Z
GEN-01746,Delivered,2026-08-14T02:17:56Z
GEN-01747,Order Created,2026-08-07T16:37:19Z
GEN-01748,Order Created,2026-08-14T16:40:49Z
GEN-01748,Payment Received,2026-08-14T16:58:49Z
GEN-01748,Packed,2026-08-15T01:53:12Z
GEN-01748,Inspected,2026-08-15T02:16:48Z
GEN-01748,Shipped,2026-08-15T03:33:22Z
GEN-01748,Delivered,2026-08-15T07:09:29Z
GEN-01749,Order Created,2026-08-07T12:51:03Z
GEN-01749,Payment Attempt,2026-08-07T13:07:49Z
GEN-01749,Payment Received,2026-08-07T13:24:39Z
GEN-01749,Packed,2026-08-07T21:37:03Z
GEN-01749,Inspected,2026-08-07T22:17:29Z
GEN-01749,Shipped,2026-08-08T01:47:55Z
GEN-01749,Delivered,2026-08-08T04:18:41Z
GEN-01750,Order Created,2026-08-10T15:44:08Z
GEN-01750,Payment Attempt,2026-08-10T15:58:44Z
GEN-01750,Payment Received,2026-08-10T16:03:01Z
GEN-01750,Packed,2026-08-11T00:53:21Z
GEN-01750,Inspected,2026-08-11T01:35:44Z
GEN-01750,Shipped,2026-08-11T04:45:21Z
GEN-01750,Delivered,2026-08-11T06:19:17Z
GEN-01751,Order Created,2026-08-12T12:00:01Z
GEN-01751,Payment Received,2026-08-12T12:14:37Z
GEN-01751,Packed,2026-08-12T21:48:17Z
GEN-01751,Inspected,2026-08-12T22:43:46Z
GEN-01751,Shipped,2026-08-13T01:43:53Z
GEN-01751,Delivered,2026-08-13T05:21:31Z
GEN-01752,Order Created,2026-08-13T13:51:07Z
GEN-01752,Payment Attempt,2026-08-13T13:57:52Z
GEN-01752,Payment Received,2026-08-13T14:06:26Z
GEN-01752,Packed,2026-08-14T04:25:04Z
GEN-01752,Inspected,2026-08-14T04:56:45Z
GEN-01752,Shipped,2026-08-14T08:35:10Z
GEN-01752,Delivered,2026-08-14T09:43:07Z
GEN-01753,Order Created,2026-08-11T14:37:47Z
GEN-01753,Payment Received,2026-08-11T14:49:34Z
GEN-01753,Packed,2026-08-11T17:46:36Z
GEN-01753,Inspected,2026-08-11T18:27:43Z
GEN-01753,Packed,2026-08-11T19:30:46Z
GEN-01753,Inspected,2026-08-11T20:30:13Z
GEN-01753,Shipped,2026-08-11T22:09:04Z
GEN-01753,Delivered,2026-08-11T23:52:22Z
GEN-01754,Order Created,2026-08-09T09:51:37Z
GEN-01755,Order Created,2026-08-03T15:49:42Z
GEN-01755,Payment Received,2026-08-03T15:56:59Z
GEN-01755,Packed,2026-08-03T19:07:40Z
GEN-01755,Inspected,2026-08-03T19:41:50Z
GEN-01755,Shipped,2026-08-03T23:36:28Z
GEN-01755,Delivered,2026-08-04T01:11:40Z
GEN-01756,Order Created,2026-08-06T14:33:24Z
GEN-01756,Payment Attempt,2026-08-06T14:52:12Z
GEN-01756,Payment Attempt,2026-08-06T15:15:41Z
GEN-01756,Payment Received,2026-08-06T15:20:11Z
GEN-01756,Packed,2026-08-06T20:54:44Z
GEN-01756,Inspected,2026-08-06T21:52:43Z
GEN-01756,Shipped,2026-08-06T23:20:06Z
GEN-01756,Delivered,2026-08-07T05:34:13Z
GEN-01757,Order Created,2026-08-10T19:55:47Z
GEN-01757,Payment Received,2026-08-10T20:14:46Z
GEN-01757,Packed,2026-08-11T01:40:21Z
GEN-01757,Inspected,2026-08-11T02:21:03Z
GEN-01757,Shipped,2026-08-11T04:37:24Z
GEN-01757,Delivered,2026-08-11T07:51:16Z
GEN-01758,Order Created,2026-08-06T16:40:27Z
GEN-01758,Payment Received,2026-08-06T16:42:44Z
GEN-01758,Packed,2026-08-06T21:24:50Z
GEN-01758,Inspected,2026-08-06T22:03:25Z
GEN-01758,Packed,2026-08-06T23:09:37Z
GEN-01758,Inspected,2026-08-06T23:55:46Z
GEN-01758,Shipped,2026-08-07T03:42:15Z
GEN-01758,Delivered,2026-08-07T06:39:16Z
GEN-01759,Order Created,2026-08-05T11:42:13Z
GEN-01759,Payment Received,2026-08-05T11:49:57Z
GEN-01759,Packed,2026-08-05T15:14:59Z
GEN-01759,Inspected,2026-08-05T15:56:01Z
GEN-01759,Packed,2026-08-05T17:00:49Z
GEN-01759,Inspected,2026-08-05T17:55:47Z
GEN-01759,Shipped,2026-08-05T19:44:41Z
GEN-01759,Delivered,2026-08-05T23:30:09Z
GEN-01760,Order Created,2026-08-15T15:59:02Z
GEN-01760,Payment Received,2026-08-15T16:06:00Z
GEN-01760,Packed,2026-08-16T04:14:14Z
GEN-01760,Inspected,2026-08-16T04:44:32Z
GEN-01760,Shipped,2026-08-16T07:19:07Z
GEN-01760,Delivered,2026-08-16T10:18:41Z
GEN-01761,Order Created,2026-08-07T14:34:45Z
GEN-01761,Payment Received,2026-08-07T14:47:26Z
GEN-01761,Packed,2026-08-07T18:22:20Z
GEN-01761,Inspected,2026-08-07T18:46:09Z
GEN-01761,Shipped,2026-08-07T21:02:02Z
GEN-01761,Delivered,2026-08-07T22:34:47Z
GEN-01762,Order Created,2026-08-11T17:00:57Z
GEN-01762,Payment Attempt,2026-08-11T17:16:50Z
GEN-01762,Payment Received,2026-08-11T17:20:25Z
GEN-01762,Packed,2026-08-11T22:25:08Z
GEN-01762,Inspected,2026-08-11T22:45:41Z
GEN-01762,Shipped,2026-08-12T01:37:18Z
GEN-01762,Delivered,2026-08-12T03:42:31Z
GEN-01763,Order Created,2026-08-10T14:55:44Z
GEN-01763,Payment Received,2026-08-10T15:14:04Z
GEN-01763,Packed,2026-08-10T23:08:15Z
GEN-01763,Inspected,2026-08-10T23:39:46Z
GEN-01763,Shipped,2026-08-11T01:15:17Z
GEN-01763,Delivered,2026-08-11T04:02:50Z
GEN-01764,Order Created,2026-08-09T09:19:54Z
GEN-01764,Payment Received,2026-08-09T09:28:56Z
GEN-01764,Packed,2026-08-10T00:11:33Z
GEN-01764,Inspected,2026-08-10T00:38:16Z
GEN-01764,Shipped,2026-08-10T04:15:41Z
GEN-01764,Delivered,2026-08-10T06:46:02Z
GEN-01765,Order Created,2026-08-11T15:36:13Z
GEN-01765,Payment Received,2026-08-11T15:54:20Z
GEN-01765,Packed,2026-08-11T22:16:26Z
GEN-01765,Inspected,2026-08-11T22:39:42Z
GEN-01765,Packed,2026-08-12T00:41:46Z
GEN-01765,Inspected,2026-08-12T01:23:50Z
GEN-01765,Shipped,2026-08-12T04:22:05Z
GEN-01765,Delivered,2026-08-12T09:17:48Z
GEN-01766,Order Created,2026-08-14T14:55:17Z
GEN-01766,Payment Attempt,2026-08-14T15:04:08Z
GEN-01766,Payment Attempt,2026-08-14T15:19:59Z
GEN-01766,Payment Received,2026-08-14T15:29:00Z
GEN-01766,Packed,2026-08-14T18:38:42Z
GEN-01766,Inspected,2026-08-14T19:34:18Z
GEN-01766,Shipped,2026-08-14T21:38:01Z
GEN-01766,Delivered,2026-08-15T04:36:28Z
GEN-01767,Order Created,2026-08-09T11:41:37Z
GEN-01767,Payment Received,2026-08-09T11:57:14Z
GEN-01767,Packed,2026-08-10T04:06:58Z
GEN-01767,Inspected,2026-08-10T04:44:08Z
GEN-01767,Shipped,2026-08-10T06:14:50Z
GEN-01767,Delivered,2026-08-10T08:54:46Z
GEN-01768,Order Created,2026-08-07T13:51:27Z
GEN-01768,Payment Received,2026-08-07T14:09:31Z
GEN-01768,Packed,2026-08-07T18:15:11Z
GEN-01768,Inspected,2026-08-07T18:46:27Z
GEN-01768,Shipped,2026-08-07T21:04:02Z
GEN-01768,Delivered,2026-08-08T00:23:24Z
GEN-01769,Order Created,2026-08-12T15:51:50Z
GEN-01769,Payment Received,2026-08-12T16:06:04Z
GEN-01769,Packed,2026-08-12T20:49:08Z
GEN-01769,Inspected,2026-08-12T21:38:26Z
GEN-01769,Shipped,2026-08-12T23:16:42Z
GEN-01769,Delivered,2026-08-13T04:18:25Z
GEN-01770,Order Created,2026-08-06T12:27:12Z
GEN-01770,Payment Received,2026-08-06T12:33:04Z
GEN-01770,Packed,2026-08-06T19:26:11Z
GEN-01770,Inspected,2026-08-06T20:04:57Z
GEN-01770,Shipped,2026-08-06T22:25:53Z
GEN-01770,Delivered,2026-08-07T03:01:50Z
GEN-01771,Order Created,2026-08-13T08:43:57Z
GEN-01771,Payment Attempt,2026-08-13T08:48:55Z
GEN-01771,Payment Attempt,2026-08-13T09:06:09Z
GEN-01771,Payment Received,2026-08-13T09:16:23Z
GEN-01771,Packed,2026-08-13T14:55:35Z
GEN-01771,Inspected,2026-08-13T15:46:52Z
GEN-01771,Shipped,2026-08-13T19:00:29Z
GEN-01771,Delivered,2026-08-13T21:32:53Z
GEN-01772,Order Created,2026-08-12T17:02:01Z
GEN-01772,Payment Received,2026-08-12T17:13:20Z
GEN-01772,Packed,2026-08-13T02:57:46Z
GEN-01772,Inspected,2026-08-13T03:19:04Z
GEN-01772,Shipped,2026-08-13T06:07:18Z
GEN-01772,Delivered,2026-08-13T10:08:27Z
GEN-01773,Order Created,2026-08-12T14:22:41Z
GEN-01773,Payment Received,2026-08-12T14:28:19Z
GEN-01773,Packed,2026-08-12T21:59:58Z
GEN-01773,Inspected,2026-08-12T22:47:08Z
GEN-01773,Shipped,2026-08-13T02:35:38Z
GEN-01773,Delivered,2026-08-13T04:27:17Z
GEN-01774,Order Created,2026-08-08T12:39:56Z
GEN-01774,Payment Received,2026-08-08T12:58:45Z
GEN-01774,Packed,2026-08-09T01:29:07Z
GEN-01774,Inspected,2026-08-09T01:49:45Z
GEN-01774,Packed,2026-08-09T04:36:01Z
GEN-01774,Inspected,2026-08-09T05:32:35Z
GEN-01774,Packed,2026-08-09T07:54:53Z
GEN-01774,Inspected,2026-08-09T08:37:22Z
GEN-01774,Shipped,2026-08-09T11:15:22Z
GEN-01774,Delivered,2026-08-09T13:55:45Z
GEN-01775,Order Created,2026-08-11T19:05:55Z
GEN-01775,Payment Received,2026-08-11T19:25:39Z
GEN-01775,Packed,2026-08-12T05:41:16Z
GEN-01775,Inspected,2026-08-12T06:23:45Z
GEN-01775,Shipped,2026-08-12T08:22:05Z
GEN-01775,Delivered,2026-08-12T10:40:38Z
GEN-01776,Order Created,2026-08-16T19:38:50Z
GEN-01776,Payment Received,2026-08-16T19:42:57Z
GEN-01776,Packed,2026-08-18T05:19:58Z
GEN-01776,Inspected,2026-08-18T05:54:43Z
GEN-01776,Shipped,2026-08-18T08:02:33Z
GEN-01776,Delivered,2026-08-18T10:36:52Z
GEN-01777,Order Created,2026-08-07T10:24:47Z
GEN-01777,Payment Attempt,2026-08-07T10:36:00Z
GEN-01777,Payment Attempt,2026-08-07T10:50:47Z
GEN-01777,Payment Received,2026-08-07T11:01:03Z
GEN-01777,Packed,2026-08-07T12:53:07Z
GEN-01777,Inspected,2026-08-07T13:25:19Z
GEN-01777,Shipped,2026-08-07T16:02:26Z
GEN-01777,Delivered,2026-08-07T20:52:30Z
GEN-01778,Order Created,2026-08-06T16:40:46Z
GEN-01778,Payment Received,2026-08-06T16:51:54Z
GEN-01778,Packed,2026-08-06T21:21:01Z
GEN-01778,Inspected,2026-08-06T22:10:55Z
GEN-01778,Packed,2026-08-06T23:28:39Z
GEN-01778,Inspected,2026-08-07T00:21:58Z
GEN-01778,Packed,2026-08-07T02:37:32Z
GEN-01778,Inspected,2026-08-07T03:14:51Z
GEN-01778,Packed,2026-08-07T05:29:21Z
GEN-01778,Inspected,2026-08-07T06:09:15Z
GEN-01778,Shipped,2026-08-07T07:18:44Z
GEN-01778,Delivered,2026-08-07T09:41:44Z
GEN-01779,Order Created,2026-08-06T09:34:07Z
GEN-01779,Payment Received,2026-08-06T09:53:46Z
GEN-01779,Packed,2026-08-06T14:31:00Z
GEN-01779,Inspected,2026-08-06T15:16:13Z
GEN-01779,Packed,2026-08-06T17:27:19Z
GEN-01779,Inspected,2026-08-06T17:50:26Z
GEN-01779,Packed,2026-08-06T20:20:38Z
GEN-01779,Inspected,2026-08-06T20:55:20Z
GEN-01779,Packed,2026-08-06T22:50:04Z
GEN-01779,Inspected,2026-08-06T23:29:36Z
GEN-01779,Shipped,2026-08-07T02:24:26Z
GEN-01779,Delivered,2026-08-07T04:44:34Z
GEN-01780,Order Created,2026-08-04T15:24:05Z
GEN-01780,Payment Received,2026-08-04T15:33:32Z
GEN-01780,Packed,2026-08-04T18:26:35Z
GEN-01780,Inspected,2026-08-04T19:08:34Z
GEN-01780,Shipped,2026-08-04T21:18:50Z
GEN-01780,Delivered,2026-08-05T06:47:57Z
GEN-01781,Order Created,2026-08-03T16:37:50Z
GEN-01781,Payment Received,2026-08-03T16:43:28Z
GEN-01781,Packed,2026-08-04T09:00:33Z
GEN-01781,Inspected,2026-08-04T09:37:07Z
GEN-01781,Shipped,2026-08-04T11:13:42Z
GEN-01781,Delivered,2026-08-04T14:25:37Z
GEN-01782,Order Created,2026-08-15T10:19:14Z
GEN-01782,Payment Received,2026-08-15T10:24:21Z
GEN-01782,Packed,2026-08-15T18:18:44Z
GEN-01782,Inspected,2026-08-15T19:02:50Z
GEN-01782,Shipped,2026-08-15T20:51:42Z
GEN-01782,Delivered,2026-08-16T00:59:49Z
GEN-01783,Order Created,2026-08-06T12:04:14Z
GEN-01783,Payment Received,2026-08-06T12:09:06Z
GEN-01783,Packed,2026-08-06T19:29:28Z
GEN-01783,Inspected,2026-08-06T20:17:30Z
GEN-01783,Shipped,2026-08-06T22:01:15Z
GEN-01783,Delivered,2026-08-07T01:52:16Z
GEN-01784,Order Created,2026-08-14T12:48:16Z
GEN-01784,Payment Received,2026-08-14T13:03:42Z
GEN-01784,Packed,2026-08-15T06:29:08Z
GEN-01784,Inspected,2026-08-15T07:03:13Z
GEN-01784,Shipped,2026-08-15T10:46:53Z
GEN-01784,Delivered,2026-08-15T11:59:05Z
GEN-01785,Order Created,2026-08-16T16:07:49Z
GEN-01785,Payment Attempt,2026-08-16T16:16:34Z
GEN-01785,Payment Attempt,2026-08-16T16:32:52Z
GEN-01785,Payment Received,2026-08-16T16:46:00Z
GEN-01785,Packed,2026-08-16T23:56:01Z
GEN-01785,Inspected,2026-08-17T00:28:43Z
GEN-01785,Shipped,2026-08-17T02:16:22Z
GEN-01785,Delivered,2026-08-17T04:25:32Z
GEN-01786,Order Created,2026-08-10T19:35:39Z
GEN-01786,Payment Received,2026-08-10T19:55:31Z
GEN-01786,Packed,2026-08-10T22:43:53Z
GEN-01786,Inspected,2026-08-10T23:35:36Z
GEN-01786,Shipped,2026-08-11T00:58:10Z
GEN-01786,Delivered,2026-08-11T05:21:57Z
GEN-01787,Order Created,2026-08-11T18:27:16Z
GEN-01787,Payment Attempt,2026-08-11T18:39:29Z
GEN-01787,Payment Received,2026-08-11T18:54:11Z
GEN-01787,Packed,2026-08-12T02:58:17Z
GEN-01787,Inspected,2026-08-12T03:41:18Z
GEN-01787,Packed,2026-08-12T06:07:05Z
GEN-01787,Inspected,2026-08-12T06:52:49Z
GEN-01787,Shipped,2026-08-12T10:44:16Z
GEN-01787,Delivered,2026-08-12T12:52:15Z
GEN-01788,Order Created,2026-08-09T16:42:46Z
GEN-01788,Payment Received,2026-08-09T16:44:57Z
GEN-01788,Packed,2026-08-10T09:03:34Z
GEN-01788,Inspected,2026-08-10T09:38:42Z
GEN-01788,Shipped,2026-08-10T13:38:01Z
GEN-01788,Delivered,2026-08-10T17:30:25Z
GEN-01789,Order Created,2026-08-11T18:52:08Z
GEN-01789,Payment Received,2026-08-11T19:06:03Z
GEN-01789,Packed,2026-08-12T00:46:06Z
GEN-01789,Inspected,2026-08-12T01:27:24Z
GEN-01789,Packed,2026-08-12T04:01:58Z
GEN-01789,Inspected,2026-08-12T04:45:39Z
GEN-01789,Packed,2026-08-12T06:31:18Z
GEN-01789,Inspected,2026-08-12T06:54:04Z
GEN-01789,Packed,2026-08-12T08:18:35Z
GEN-01789,Inspected,2026-08-12T08:49:19Z
GEN-01789,Shipped,2026-08-12T10:44:43Z
GEN-01789,Delivered,2026-08-12T16:12:27Z
GEN-01790,Order Created,2026-08-09T10:05:45Z
GEN-01790,Payment Received,2026-08-09T10:13:11Z
GEN-01790,Packed,2026-08-09T21:27:02Z
GEN-01790,Inspected,2026-08-09T22:14:43Z
GEN-01790,Packed,2026-08-10T00:30:42Z
GEN-01790,Inspected,2026-08-10T01:01:35Z
GEN-01790,Shipped,2026-08-10T03:22:14Z
GEN-01790,Delivered,2026-08-10T05:30:00Z
GEN-01791,Order Created,2026-08-06T12:21:54Z
GEN-01791,Payment Received,2026-08-06T12:29:48Z
GEN-01791,Packed,2026-08-06T15:37:16Z
GEN-01791,Inspected,2026-08-06T16:05:26Z
GEN-01791,Shipped,2026-08-06T19:41:55Z
GEN-01791,Delivered,2026-08-06T21:57:23Z
GEN-01792,Order Created,2026-08-07T15:59:58Z
GEN-01792,Payment Received,2026-08-07T16:02:21Z
GEN-01792,Packed,2026-08-07T17:17:54Z
GEN-01792,Inspected,2026-08-07T17:45:03Z
GEN-01792,Shipped,2026-08-07T20:59:04Z
GEN-01792,Delivered,2026-08-08T00:33:21Z
GEN-01793,Order Created,2026-08-04T17:38:54Z
GEN-01794,Order Created,2026-08-11T08:08:23Z
GEN-01794,Payment Received,2026-08-11T08:22:50Z
GEN-01794,Packed,2026-08-11T18:20:29Z
GEN-01794,Inspected,2026-08-11T19:17:03Z
GEN-01794,Shipped,2026-08-11T21:21:16Z
GEN-01794,Delivered,2026-08-12T01:32:56Z
GEN-01795,Order Created,2026-08-16T14:23:11Z
GEN-01795,Payment Received,2026-08-16T14:26:27Z
GEN-01795,Packed,2026-08-17T11:47:51Z
GEN-01796,Order Created,2026-08-05T17:12:55Z
GEN-01796,Payment Received,2026-08-05T17:20:57Z
GEN-01796,Packed,2026-08-05T21:53:46Z
GEN-01796,Inspected,2026-08-05T22:27:07Z
GEN-01796,Packed,2026-08-06T00:17:41Z
GEN-01796,Inspected,2026-08-06T00:44:52Z
GEN-01796,Packed,2026-08-06T03:20:01Z
GEN-01796,Inspected,2026-08-06T03:49:07Z
GEN-01796,Shipped,2026-08-06T06:56:31Z
GEN-01796,Delivered,2026-08-06T09:21:24Z
GEN-01797,Order Created,2026-08-14T12:01:28Z
GEN-01797,Payment Received,2026-08-14T12:07:56Z
GEN-01797,Packed,2026-08-14T17:41:10Z
GEN-01797,Inspected,2026-08-14T18:34:57Z
GEN-01797,Shipped,2026-08-14T20:32:06Z
GEN-01797,Delivered,2026-08-15T01:38:37Z
GEN-01798,Order Created,2026-08-05T09:09:20Z
GEN-01798,Payment Received,2026-08-05T09:22:38Z
GEN-01798,Packed,2026-08-05T14:09:13Z
GEN-01799,Order Created,2026-08-16T14:27:40Z
GEN-01799,Payment Received,2026-08-16T14:40:37Z
GEN-01799,Packed,2026-08-17T12:53:48Z
GEN-01799,Inspected,2026-08-17T13:53:19Z
GEN-01799,Packed,2026-08-17T15:53:46Z
GEN-01799,Inspected,2026-08-17T16:44:58Z
GEN-01799,Packed,2026-08-17T19:31:43Z
GEN-01799,Inspected,2026-08-17T20:26:12Z
GEN-01799,Shipped,2026-08-17T22:09:37Z
GEN-01799,Delivered,2026-08-17T23:18:23Z
GEN-01800,Order Created,2026-08-11T14:54:47Z
GEN-01800,Payment Received,2026-08-11T15:02:03Z
GEN-01800,Packed,2026-08-11T22:08:13Z
GEN-01800,Inspected,2026-08-11T22:41:39Z
GEN-01800,Shipped,2026-08-11T23:52:46Z
GEN-01800,Delivered,2026-08-12T04:26:26Z
GEN-01801,Order Created,2026-08-05T10:49:05Z
GEN-01801,Payment Attempt,2026-08-05T11:02:06Z
GEN-01801,Payment Received,2026-08-05T11:09:36Z
GEN-01801,Packed,2026-08-05T15:37:50Z
GEN-01802,Order Created,2026-08-11T13:14:19Z
GEN-01802,Payment Received,2026-08-11T13:23:27Z
GEN-01802,Packed,2026-08-11T17:46:12Z
GEN-01802,Inspected,2026-08-11T18:43:04Z
GEN-01802,Shipped,2026-08-11T20:30:37Z
GEN-01802,Delivered,2026-08-12T00:13:09Z
GEN-01803,Order Created,2026-08-14T16:01:38Z
GEN-01803,Payment Received,2026-08-14T16:17:34Z
GEN-01803,Packed,2026-08-14T22:31:28Z
GEN-01803,Inspected,2026-08-14T22:52:09Z
GEN-01803,Shipped,2026-08-14T23:59:59Z
GEN-01803,Delivered,2026-08-15T02:51:55Z
GEN-01804,Order Created,2026-08-03T14:30:46Z
GEN-01804,Payment Received,2026-08-03T14:48:59Z
GEN-01804,Packed,2026-08-03T23:14:47Z
GEN-01804,Inspected,2026-08-04T00:14:23Z
GEN-01804,Shipped,2026-08-04T02:03:59Z
GEN-01804,Delivered,2026-08-04T03:52:43Z
GEN-01805,Order Created,2026-08-14T09:47:51Z
GEN-01805,Payment Received,2026-08-14T10:01:11Z
GEN-01805,Packed,2026-08-14T15:21:46Z
GEN-01805,Inspected,2026-08-14T15:56:28Z
GEN-01805,Packed,2026-08-14T17:45:16Z
GEN-01805,Inspected,2026-08-14T18:11:41Z
GEN-01805,Packed,2026-08-14T20:16:48Z
GEN-01805,Inspected,2026-08-14T20:44:21Z
GEN-01805,Packed,2026-08-14T23:25:10Z
GEN-01805,Inspected,2026-08-15T00:19:11Z
GEN-01805,Shipped,2026-08-15T02:18:57Z
GEN-01805,Delivered,2026-08-15T06:17:25Z
GEN-01806,Order Created,2026-08-16T13:03:14Z
GEN-01806,Payment Received,2026-08-16T13:08:12Z
GEN-01806,Packed,2026-08-16T18:29:34Z
GEN-01806,Inspected,2026-08-16T18:55:03Z
GEN-01806,Packed,2026-08-16T21:24:48Z
GEN-01806,Inspected,2026-08-16T22:19:01Z
GEN-01806,Packed,2026-08-17T00:24:26Z
GEN-01806,Inspected,2026-08-17T01:01:44Z
GEN-01806,Shipped,2026-08-17T02:09:39Z
GEN-01806,Delivered,2026-08-17T05:14:02Z
GEN-01807,Order Created,2026-08-04T17:17:53Z
GEN-01807,Payment Received,2026-08-04T17:33:18Z
GEN-01807,Packed,2026-08-04T22:07:51Z
GEN-01807,Inspected,2026-08-04T22:58:00Z
GEN-01807,Shipped,2026-08-05T02:47:21Z
GEN-01807,Delivered,2026-08-05T05:56:33Z
GEN-01808,Order Created,2026-08-07T18:14:23Z
GEN-01808,Payment Received,2026-08-07T18:16:24Z
GEN-01808,Packed,2026-08-07T22:11:45Z
GEN-01808,Inspected,2026-08-07T22:53:59Z
GEN-01808,Shipped,2026-08-08T00:30:21Z
GEN-01808,Delivered,2026-08-08T04:22:33Z
GEN-01809,Order Created,2026-08-05T18:55:34Z
GEN-01809,Payment Attempt,2026-08-05T19:15:34Z
GEN-01809,Payment Received,2026-08-05T19:30:39Z
GEN-01809,Packed,2026-08-06T07:32:47Z
GEN-01809,Inspected,2026-08-06T07:55:18Z
GEN-01809,Packed,2026-08-06T09:38:34Z
GEN-01809,Inspected,2026-08-06T10:02:37Z
GEN-01809,Shipped,2026-08-06T11:04:17Z
GEN-01809,Delivered,2026-08-06T13:14:50Z
GEN-01810,Order Created,2026-08-09T09:14:43Z
GEN-01810,Payment Received,2026-08-09T09:23:56Z
GEN-01810,Packed,2026-08-09T18:17:23Z
GEN-01810,Inspected,2026-08-09T18:49:24Z
GEN-01810,Shipped,2026-08-09T22:38:47Z
GEN-01810,Delivered,2026-08-10T00:36:05Z
GEN-01811,Order Created,2026-08-15T11:22:15Z
GEN-01811,Payment Received,2026-08-15T11:31:48Z
GEN-01811,Packed,2026-08-15T16:15:06Z
GEN-01811,Inspected,2026-08-15T16:57:46Z
GEN-01811,Shipped,2026-08-15T19:55:12Z
GEN-01811,Delivered,2026-08-16T04:19:17Z
GEN-01812,Order Created,2026-08-15T18:05:49Z
GEN-01812,Payment Received,2026-08-15T18:09:12Z
GEN-01812,Packed,2026-08-16T13:45:46Z
GEN-01812,Inspected,2026-08-16T14:38:25Z
GEN-01812,Shipped,2026-08-16T16:16:10Z
GEN-01812,Delivered,2026-08-16T18:53:37Z
GEN-01813,Order Created,2026-08-04T10:27:23Z
GEN-01813,Payment Received,2026-08-04T10:31:52Z
GEN-01813,Packed,2026-08-05T07:31:16Z
GEN-01813,Inspected,2026-08-05T08:04:13Z
GEN-01813,Shipped,2026-08-05T11:01:33Z
GEN-01813,Delivered,2026-08-05T13:53:16Z
GEN-01814,Order Created,2026-08-12T17:11:38Z
GEN-01814,Payment Attempt,2026-08-12T17:27:04Z
GEN-01814,Payment Received,2026-08-12T17:37:12Z
GEN-01814,Packed,2026-08-12T20:08:29Z
GEN-01814,Inspected,2026-08-12T20:29:04Z
GEN-01814,Shipped,2026-08-12T23:29:13Z
GEN-01814,Delivered,2026-08-13T01:07:15Z
GEN-01815,Order Created,2026-08-07T15:03:08Z
GEN-01815,Payment Attempt,2026-08-07T15:14:09Z
GEN-01815,Payment Received,2026-08-07T15:24:01Z
GEN-01815,Packed,2026-08-08T03:55:34Z
GEN-01815,Inspected,2026-08-08T04:15:40Z
GEN-01815,Shipped,2026-08-08T07:44:47Z
GEN-01815,Delivered,2026-08-08T09:44:55Z
GEN-01816,Order Created,2026-08-05T09:42:25Z
GEN-01816,Payment Received,2026-08-05T09:53:42Z
GEN-01816,Packed,2026-08-05T23:16:15Z
GEN-01816,Inspected,2026-08-06T00:12:30Z
GEN-01816,Shipped,2026-08-06T03:04:52Z
GEN-01816,Delivered,2026-08-06T09:26:01Z
GEN-01817,Order Created,2026-08-07T14:27:45Z
GEN-01817,Payment Received,2026-08-07T14:31:35Z
GEN-01817,Packed,2026-08-07T16:55:37Z
GEN-01818,Order Created,2026-08-07T10:26:17Z
GEN-01818,Payment Received,2026-08-07T10:43:51Z
GEN-01818,Packed,2026-08-08T02:53:29Z
GEN-01818,Inspected,2026-08-08T03:43:02Z
GEN-01818,Shipped,2026-08-08T07:06:41Z
GEN-01818,Delivered,2026-08-08T09:19:07Z
GEN-01819,Order Created,2026-08-13T12:38:48Z
GEN-01819,Payment Received,2026-08-13T12:54:41Z
GEN-01819,Packed,2026-08-13T22:45:34Z
GEN-01819,Inspected,2026-08-13T23:11:59Z
GEN-01819,Shipped,2026-08-14T01:02:53Z
GEN-01819,Delivered,2026-08-14T03:44:39Z
GEN-01820,Order Created,2026-08-06T15:00:32Z
GEN-01820,Payment Received,2026-08-06T15:10:18Z
GEN-01820,Packed,2026-08-06T20:48:53Z
GEN-01820,Inspected,2026-08-06T21:37:14Z
GEN-01820,Packed,2026-08-06T23:58:44Z
GEN-01820,Inspected,2026-08-07T00:31:17Z
GEN-01820,Shipped,2026-08-07T03:00:00Z
GEN-01820,Delivered,2026-08-07T08:44:40Z
GEN-01821,Order Created,2026-08-12T19:13:30Z
GEN-01821,Payment Received,2026-08-12T19:22:43Z
GEN-01821,Packed,2026-08-12T23:32:39Z
GEN-01821,Inspected,2026-08-13T00:29:54Z
GEN-01821,Shipped,2026-08-13T03:25:47Z
GEN-01821,Delivered,2026-08-13T07:04:51Z
GEN-01822,Order Created,2026-08-06T10:56:54Z
GEN-01822,Payment Received,2026-08-06T11:16:40Z
GEN-01822,Packed,2026-08-06T19:56:46Z
GEN-01822,Inspected,2026-08-06T20:40:46Z
GEN-01822,Shipped,2026-08-07T00:27:34Z
GEN-01822,Delivered,2026-08-07T04:16:37Z
GEN-01823,Order Created,2026-08-05T10:05:17Z
GEN-01823,Payment Received,2026-08-05T10:13:28Z
GEN-01823,Packed,2026-08-05T17:21:25Z
GEN-01823,Inspected,2026-08-05T18:04:18Z
GEN-01823,Shipped,2026-08-05T20:00:50Z
GEN-01823,Delivered,2026-08-05T23:16:04Z
GEN-01824,Order Created,2026-08-06T12:37:44Z
GEN-01824,Payment Received,2026-08-06T12:41:21Z
GEN-01824,Packed,2026-08-06T22:59:04Z
GEN-01824,Inspected,2026-08-06T23:45:28Z
GEN-01824,Packed,2026-08-07T02:28:21Z
GEN-01824,Inspected,2026-08-07T03:06:22Z
GEN-01824,Shipped,2026-08-07T04:44:44Z
GEN-01824,Delivered,2026-08-07T08:38:55Z
GEN-01825,Order Created,2026-08-09T09:58:52Z
GEN-01825,Payment Attempt,2026-08-09T10:20:55Z
GEN-01825,Payment Received,2026-08-09T10:36:55Z
GEN-01825,Packed,2026-08-09T17:55:32Z
GEN-01825,Inspected,2026-08-09T18:40:27Z
GEN-01825,Shipped,2026-08-09T21:42:03Z
GEN-01825,Delivered,2026-08-10T01:37:39Z
GEN-01826,Order Created,2026-08-05T15:38:17Z
GEN-01827,Order Created,2026-08-07T19:56:30Z
GEN-01827,Payment Attempt,2026-08-07T20:20:19Z
GEN-01827,Payment Received,2026-08-07T20:32:21Z
GEN-01827,Packed,2026-08-08T18:12:44Z
GEN-01827,Inspected,2026-08-08T19:06:33Z
GEN-01827,Shipped,2026-08-08T21:03:38Z
GEN-01827,Delivered,2026-08-08T23:26:01Z
GEN-01828,Order Created,2026-08-10T09:13:30Z
GEN-01828,Payment Received,2026-08-10T09:30:50Z
GEN-01828,Packed,2026-08-10T11:19:46Z
GEN-01829,Order Created,2026-08-15T09:27:58Z
GEN-01829,Payment Received,2026-08-15T09:41:46Z
GEN-01829,Packed,2026-08-16T00:40:30Z
GEN-01829,Inspected,2026-08-16T01:16:59Z
GEN-01829,Shipped,2026-08-16T02:59:07Z
GEN-01829,Delivered,2026-08-16T05:02:12Z
GEN-01830,Order Created,2026-08-06T18:08:23Z
GEN-01830,Payment Received,2026-08-06T18:19:30Z
GEN-01830,Packed,2026-08-07T05:11:33Z
GEN-01831,Order Created,2026-08-05T09:31:10Z
GEN-01831,Payment Received,2026-08-05T09:48:26Z
GEN-01831,Packed,2026-08-06T06:07:59Z
GEN-01831,Inspected,2026-08-06T06:50:27Z
GEN-01831,Shipped,2026-08-06T09:52:46Z
GEN-01832,Order Created,2026-08-13T17:55:55Z
GEN-01833,Order Created,2026-08-05T16:22:26Z
GEN-01833,Payment Received,2026-08-05T16:41:08Z
GEN-01833,Packed,2026-08-06T02:35:09Z
GEN-01833,Inspected,2026-08-06T03:08:38Z
GEN-01833,Shipped,2026-08-06T05:10:21Z
GEN-01833,Delivered,2026-08-06T07:48:53Z
GEN-01834,Order Created,2026-08-11T14:45:19Z
GEN-01834,Payment Attempt,2026-08-11T14:53:25Z
GEN-01834,Payment Attempt,2026-08-11T14:58:22Z
GEN-01834,Payment Received,2026-08-11T15:11:37Z
GEN-01834,Packed,2026-08-11T22:18:42Z
GEN-01834,Inspected,2026-08-11T22:58:35Z
GEN-01834,Shipped,2026-08-12T01:15:06Z
GEN-01835,Order Created,2026-08-03T15:20:41Z
GEN-01835,Payment Received,2026-08-03T15:26:12Z
GEN-01835,Packed,2026-08-03T19:08:30Z
GEN-01835,Inspected,2026-08-03T19:49:13Z
GEN-01835,Shipped,2026-08-03T22:09:40Z
GEN-01835,Delivered,2026-08-04T02:24:36Z
GEN-01836,Order Created,2026-08-14T08:58:11Z
GEN-01836,Payment Attempt,2026-08-14T09:22:41Z
GEN-01836,Payment Received,2026-08-14T09:31:40Z
GEN-01836,Packed,2026-08-14T12:47:59Z
GEN-01836,Inspected,2026-08-14T13:17:42Z
GEN-01836,Shipped,2026-08-14T15:43:45Z
GEN-01836,Delivered,2026-08-14T17:05:52Z
GEN-01837,Order Created,2026-08-05T15:21:15Z
GEN-01837,Payment Received,2026-08-05T15:41:05Z
GEN-01837,Packed,2026-08-06T02:34:23Z
GEN-01837,Inspected,2026-08-06T03:01:04Z
GEN-01837,Shipped,2026-08-06T06:58:45Z
GEN-01837,Delivered,2026-08-06T11:25:46Z
GEN-01838,Order Created,2026-08-10T10:38:32Z
GEN-01838,Payment Received,2026-08-10T10:57:23Z
GEN-01838,Packed,2026-08-10T15:07:16Z
GEN-01839,Order Created,2026-08-03T18:27:19Z
GEN-01839,Payment Received,2026-08-03T18:32:08Z
GEN-01839,Packed,2026-08-04T00:13:23Z
GEN-01839,Inspected,2026-08-04T00:45:50Z
GEN-01839,Shipped,2026-08-04T02:07:19Z
GEN-01839,Delivered,2026-08-04T05:25:50Z
GEN-01840,Order Created,2026-08-13T09:32:56Z
GEN-01840,Payment Received,2026-08-13T09:47:46Z
GEN-01840,Packed,2026-08-13T14:01:22Z
GEN-01840,Inspected,2026-08-13T14:44:11Z
GEN-01840,Shipped,2026-08-13T15:45:47Z
GEN-01840,Delivered,2026-08-13T18:22:38Z
GEN-01841,Order Created,2026-08-10T11:15:50Z
GEN-01841,Payment Received,2026-08-10T11:24:40Z
GEN-01841,Packed,2026-08-10T18:48:42Z
GEN-01842,Order Created,2026-08-13T16:08:59Z
GEN-01842,Payment Received,2026-08-13T16:20:20Z
GEN-01842,Packed,2026-08-13T22:53:33Z
GEN-01842,Inspected,2026-08-13T23:14:04Z
GEN-01842,Shipped,2026-08-14T00:37:53Z
GEN-01842,Delivered,2026-08-14T03:50:50Z
GEN-01843,Order Created,2026-08-15T08:48:42Z
GEN-01843,Payment Attempt,2026-08-15T09:05:09Z
GEN-01843,Payment Attempt,2026-08-15T09:17:18Z
GEN-01843,Payment Received,2026-08-15T09:32:13Z
GEN-01843,Packed,2026-08-15T17:03:46Z
GEN-01843,Inspected,2026-08-15T17:39:00Z
GEN-01843,Shipped,2026-08-15T20:18:47Z
GEN-01843,Delivered,2026-08-15T22:37:32Z
GEN-01844,Order Created,2026-08-06T19:19:58Z
GEN-01845,Order Created,2026-08-08T17:44:46Z
GEN-01845,Payment Received,2026-08-08T18:04:00Z
GEN-01845,Packed,2026-08-09T02:45:44Z
GEN-01845,Inspected,2026-08-09T03:38:38Z
GEN-01845,Shipped,2026-08-09T07:23:57Z
GEN-01845,Delivered,2026-08-09T10:48:25Z
GEN-01846,Order Created,2026-08-13T19:08:40Z
GEN-01846,Payment Received,2026-08-13T19:19:19Z
GEN-01846,Packed,2026-08-13T22:23:48Z
GEN-01846,Inspected,2026-08-13T22:56:56Z
GEN-01846,Shipped,2026-08-14T00:44:26Z
GEN-01846,Delivered,2026-08-14T05:42:16Z
GEN-01847,Order Created,2026-08-10T12:17:42Z
GEN-01847,Payment Received,2026-08-10T12:32:59Z
GEN-01847,Packed,2026-08-10T18:46:59Z
GEN-01847,Inspected,2026-08-10T19:36:02Z
GEN-01847,Shipped,2026-08-10T22:48:15Z
GEN-01847,Delivered,2026-08-11T01:09:43Z
GEN-01848,Order Created,2026-08-10T17:28:45Z
GEN-01848,Payment Received,2026-08-10T17:44:21Z
GEN-01848,Packed,2026-08-10T20:45:07Z
GEN-01848,Inspected,2026-08-10T21:10:30Z
GEN-01848,Shipped,2026-08-11T00:09:47Z
GEN-01848,Delivered,2026-08-11T06:03:22Z
GEN-01849,Order Created,2026-08-07T14:47:26Z
GEN-01849,Payment Received,2026-08-07T15:04:48Z
GEN-01849,Packed,2026-08-08T01:26:52Z
GEN-01849,Inspected,2026-08-08T01:52:10Z
GEN-01849,Shipped,2026-08-08T03:26:33Z
GEN-01849,Delivered,2026-08-08T06:39:16Z
GEN-01850,Order Created,2026-08-13T11:38:16Z
GEN-01850,Payment Received,2026-08-13T11:47:57Z
GEN-01850,Packed,2026-08-13T14:07:15Z
GEN-01850,Inspected,2026-08-13T15:07:09Z
GEN-01850,Shipped,2026-08-13T18:22:44Z
GEN-01850,Delivered,2026-08-13T20:04:12Z
GEN-01851,Order Created,2026-08-03T19:09:52Z
GEN-01851,Payment Attempt,2026-08-03T19:25:50Z
GEN-01851,Payment Attempt,2026-08-03T19:40:19Z
GEN-01851,Payment Received,2026-08-03T19:46:14Z
GEN-01851,Packed,2026-08-04T00:08:44Z
GEN-01851,Inspected,2026-08-04T00:59:20Z
GEN-01851,Shipped,2026-08-04T03:47:22Z
GEN-01851,Delivered,2026-08-04T06:01:22Z
GEN-01852,Order Created,2026-08-13T16:46:27Z
GEN-01852,Payment Received,2026-08-13T17:01:46Z
GEN-01852,Packed,2026-08-14T05:29:14Z
GEN-01853,Order Created,2026-08-06T19:41:50Z
GEN-01853,Payment Received,2026-08-06T19:55:43Z
GEN-01853,Packed,2026-08-06T22:12:53Z
GEN-01853,Inspected,2026-08-06T22:48:41Z
GEN-01853,Shipped,2026-08-07T01:19:58Z
GEN-01853,Delivered,2026-08-07T02:31:09Z
GEN-01854,Order Created,2026-08-11T10:00:46Z
GEN-01854,Payment Attempt,2026-08-11T10:16:06Z
GEN-01854,Payment Received,2026-08-11T10:24:21Z
GEN-01854,Packed,2026-08-11T13:30:35Z
GEN-01854,Inspected,2026-08-11T14:24:58Z
GEN-01854,Shipped,2026-08-11T16:37:54Z
GEN-01854,Delivered,2026-08-11T20:35:02Z
GEN-01855,Order Created,2026-08-13T09:00:41Z
GEN-01855,Payment Received,2026-08-13T09:16:48Z
GEN-01855,Packed,2026-08-13T16:39:46Z
GEN-01855,Inspected,2026-08-13T17:34:26Z
GEN-01855,Packed,2026-08-13T20:29:40Z
GEN-01855,Inspected,2026-08-13T21:15:18Z
GEN-01855,Shipped,2026-08-13T22:25:43Z
GEN-01855,Delivered,2026-08-14T04:11:08Z
GEN-01856,Order Created,2026-08-13T13:54:39Z
GEN-01856,Payment Attempt,2026-08-13T14:14:03Z
GEN-01856,Payment Attempt,2026-08-13T14:25:42Z
GEN-01856,Payment Received,2026-08-13T14:31:42Z
GEN-01856,Packed,2026-08-14T03:11:13Z
GEN-01856,Inspected,2026-08-14T03:40:16Z
GEN-01856,Shipped,2026-08-14T05:19:31Z
GEN-01856,Delivered,2026-08-14T08:15:25Z
GEN-01857,Order Created,2026-08-11T08:53:51Z
GEN-01857,Payment Received,2026-08-11T09:05:43Z
GEN-01857,Packed,2026-08-11T11:39:58Z
GEN-01857,Inspected,2026-08-11T12:38:07Z
GEN-01857,Shipped,2026-08-11T14:47:39Z
GEN-01857,Delivered,2026-08-11T16:15:49Z
GEN-01858,Order Created,2026-08-15T12:03:33Z
GEN-01858,Payment Received,2026-08-15T12:06:29Z
GEN-01858,Packed,2026-08-15T15:32:42Z
GEN-01858,Inspected,2026-08-15T16:19:48Z
GEN-01858,Packed,2026-08-15T17:55:57Z
GEN-01858,Inspected,2026-08-15T18:28:23Z
GEN-01858,Shipped,2026-08-15T20:56:08Z
GEN-01858,Delivered,2026-08-15T23:26:41Z
GEN-01859,Order Created,2026-08-14T19:25:59Z
GEN-01859,Payment Received,2026-08-14T19:29:41Z
GEN-01859,Packed,2026-08-15T03:29:03Z
GEN-01859,Inspected,2026-08-15T04:11:46Z
GEN-01859,Shipped,2026-08-15T07:24:41Z
GEN-01860,Order Created,2026-08-06T11:24:15Z
GEN-01860,Payment Attempt,2026-08-06T11:28:55Z
GEN-01860,Payment Received,2026-08-06T11:44:03Z
GEN-01860,Packed,2026-08-06T15:48:41Z
GEN-01860,Inspected,2026-08-06T16:35:09Z
GEN-01860,Shipped,2026-08-06T19:15:58Z
GEN-01860,Delivered,2026-08-06T21:27:25Z
GEN-01861,Order Created,2026-08-05T19:17:14Z
GEN-01861,Payment Received,2026-08-05T19:33:40Z
GEN-01861,Packed,2026-08-06T06:53:12Z
GEN-01861,Inspected,2026-08-06T07:27:30Z
GEN-01861,Shipped,2026-08-06T09:52:19Z
GEN-01861,Delivered,2026-08-06T11:47:07Z
GEN-01862,Order Created,2026-08-05T13:07:37Z
GEN-01862,Payment Received,2026-08-05T13:20:13Z
GEN-01862,Packed,2026-08-05T19:18:07Z
GEN-01862,Inspected,2026-08-05T19:45:29Z
GEN-01862,Shipped,2026-08-05T23:31:47Z
GEN-01862,Delivered,2026-08-06T02:30:36Z
GEN-01863,Order Created,2026-08-10T18:21:52Z
GEN-01863,Payment Received,2026-08-10T18:39:12Z
GEN-01863,Packed,2026-08-10T22:58:03Z
GEN-01863,Inspected,2026-08-10T23:30:29Z
GEN-01863,Shipped,2026-08-11T02:49:51Z
GEN-01863,Delivered,2026-08-11T05:17:56Z
GEN-01864,Order Created,2026-08-03T17:24:27Z
GEN-01864,Payment Attempt,2026-08-03T17:31:39Z
GEN-01864,Payment Received,2026-08-03T17:48:15Z
GEN-01864,Packed,2026-08-04T01:33:53Z
GEN-01864,Inspected,2026-08-04T02:03:38Z
GEN-01864,Shipped,2026-08-04T05:19:20Z
GEN-01864,Delivered,2026-08-04T06:53:03Z
GEN-01865,Order Created,2026-08-09T11:55:48Z
GEN-01865,Payment Received,2026-08-09T12:00:53Z
GEN-01865,Packed,2026-08-11T16:19:46Z
GEN-01865,Inspected,2026-08-11T16:59:07Z
GEN-01865,Shipped,2026-08-11T19:08:53Z
GEN-01865,Delivered,2026-08-11T20:59:14Z
GEN-01866,Order Created,2026-08-03T09:10:13Z
GEN-01866,Payment Received,2026-08-03T09:25:21Z
GEN-01866,Packed,2026-08-03T19:10:40Z
GEN-01866,Inspected,2026-08-03T20:01:30Z
GEN-01866,Shipped,2026-08-03T22:15:46Z
GEN-01866,Delivered,2026-08-04T00:30:40Z
GEN-01867,Order Created,2026-08-11T19:31:15Z
GEN-01867,Payment Received,2026-08-11T19:44:10Z
GEN-01867,Packed,2026-08-12T09:39:30Z
GEN-01867,Inspected,2026-08-12T10:27:02Z
GEN-01867,Shipped,2026-08-12T11:31:48Z
GEN-01867,Delivered,2026-08-12T14:24:42Z
GEN-01868,Order Created,2026-08-08T19:40:54Z
GEN-01868,Payment Received,2026-08-08T19:53:28Z
GEN-01868,Packed,2026-08-09T07:18:16Z
GEN-01868,Inspected,2026-08-09T08:18:14Z
GEN-01868,Shipped,2026-08-09T10:41:26Z
GEN-01868,Delivered,2026-08-09T13:09:19Z
GEN-01869,Order Created,2026-08-13T11:16:26Z
GEN-01869,Payment Received,2026-08-13T11:30:02Z
GEN-01869,Packed,2026-08-13T14:46:07Z
GEN-01869,Inspected,2026-08-13T15:13:50Z
GEN-01869,Shipped,2026-08-13T18:22:18Z
GEN-01869,Delivered,2026-08-13T21:04:43Z
GEN-01870,Order Created,2026-08-14T19:02:17Z
GEN-01870,Payment Received,2026-08-14T19:19:10Z
GEN-01870,Packed,2026-08-14T23:06:46Z
GEN-01870,Inspected,2026-08-14T23:28:48Z
GEN-01870,Shipped,2026-08-15T03:19:00Z
GEN-01870,Delivered,2026-08-15T07:48:33Z
GEN-01871,Order Created,2026-08-10T12:23:42Z
GEN-01871,Payment Received,2026-08-10T12:33:32Z
GEN-01871,Packed,2026-08-10T23:20:38Z
GEN-01871,Inspected,2026-08-10T23:55:16Z
GEN-01871,Shipped,2026-08-11T03:27:40Z
GEN-01871,Delivered,2026-08-11T05:33:53Z
GEN-01872,Order Created,2026-08-05T09:55:59Z
GEN-01872,Payment Attempt,2026-08-05T10:14:27Z
GEN-01872,Payment Received,2026-08-05T10:30:37Z
GEN-01872,Packed,2026-08-05T15:19:40Z
GEN-01872,Inspected,2026-08-05T15:52:22Z
GEN-01872,Shipped,2026-08-05T17:11:38Z
GEN-01872,Delivered,2026-08-05T20:13:33Z
GEN-01873,Order Created,2026-08-08T18:18:01Z
GEN-01873,Payment Received,2026-08-08T18:27:10Z
GEN-01873,Packed,2026-08-09T02:44:16Z
GEN-01873,Inspected,2026-08-09T03:21:32Z
GEN-01873,Shipped,2026-08-09T05:51:18Z
GEN-01873,Delivered,2026-08-09T09:05:41Z
GEN-01874,Order Created,2026-08-06T19:00:23Z
GEN-01874,Payment Received,2026-08-06T19:08:25Z
GEN-01874,Packed,2026-08-06T23:35:00Z
GEN-01874,Inspected,2026-08-06T23:56:56Z
GEN-01874,Shipped,2026-08-07T03:42:09Z
GEN-01874,Delivered,2026-08-07T06:30:42Z
GEN-01875,Order Created,2026-08-07T11:53:13Z
GEN-01875,Payment Received,2026-08-07T12:10:00Z
GEN-01875,Packed,2026-08-07T16:11:53Z
GEN-01875,Inspected,2026-08-07T16:34:17Z
GEN-01875,Shipped,2026-08-07T19:12:58Z
GEN-01875,Delivered,2026-08-07T20:45:53Z
GEN-01876,Order Created,2026-08-08T14:48:25Z
GEN-01876,Payment Attempt,2026-08-08T14:58:34Z
GEN-01876,Payment Received,2026-08-08T15:18:18Z
GEN-01876,Packed,2026-08-09T09:45:37Z
GEN-01876,Inspected,2026-08-09T10:35:45Z
GEN-01876,Shipped,2026-08-09T11:52:35Z
GEN-01876,Delivered,2026-08-09T14:34:00Z
GEN-01877,Order Created,2026-08-10T19:31:06Z
GEN-01877,Payment Received,2026-08-10T19:39:38Z
GEN-01877,Packed,2026-08-11T00:55:47Z
GEN-01877,Inspected,2026-08-11T01:42:14Z
GEN-01877,Packed,2026-08-11T03:56:17Z
GEN-01877,Inspected,2026-08-11T04:44:06Z
GEN-01877,Packed,2026-08-11T07:27:04Z
GEN-01877,Inspected,2026-08-11T07:47:29Z
GEN-01877,Packed,2026-08-11T10:19:54Z
GEN-01877,Inspected,2026-08-11T10:43:56Z
GEN-01877,Shipped,2026-08-11T14:26:28Z
GEN-01877,Delivered,2026-08-11T17:15:11Z
GEN-01878,Order Created,2026-08-15T08:29:31Z
GEN-01878,Payment Attempt,2026-08-15T08:52:13Z
GEN-01878,Payment Received,2026-08-15T09:10:05Z
GEN-01878,Packed,2026-08-15T15:06:21Z
GEN-01878,Inspected,2026-08-15T15:38:40Z
GEN-01878,Shipped,2026-08-15T19:35:15Z
GEN-01878,Delivered,2026-08-15T21:16:16Z
GEN-01879,Order Created,2026-08-11T09:00:04Z
GEN-01879,Payment Received,2026-08-11T09:06:39Z
GEN-01879,Packed,2026-08-11T17:08:44Z
GEN-01879,Inspected,2026-08-11T17:35:59Z
GEN-01879,Shipped,2026-08-11T19:59:51Z
GEN-01879,Delivered,2026-08-12T00:25:39Z
GEN-01880,Order Created,2026-08-13T14:09:41Z
GEN-01880,Payment Attempt,2026-08-13T14:20:25Z
GEN-01880,Payment Received,2026-08-13T14:30:35Z
GEN-01880,Packed,2026-08-13T18:08:08Z
GEN-01880,Inspected,2026-08-13T18:36:18Z
GEN-01880,Shipped,2026-08-13T20:28:09Z
GEN-01880,Delivered,2026-08-13T23:45:28Z
GEN-01881,Order Created,2026-08-11T09:57:23Z
GEN-01881,Payment Received,2026-08-11T10:07:20Z
GEN-01881,Packed,2026-08-11T13:15:35Z
GEN-01881,Inspected,2026-08-11T13:50:35Z
GEN-01881,Shipped,2026-08-11T17:13:09Z
GEN-01881,Delivered,2026-08-12T01:40:06Z
GEN-01882,Order Created,2026-08-12T13:02:45Z
GEN-01882,Payment Received,2026-08-12T13:21:13Z
GEN-01882,Packed,2026-08-12T16:29:35Z
GEN-01883,Order Created,2026-08-05T10:04:44Z
GEN-01883,Payment Received,2026-08-05T10:12:25Z
GEN-01883,Packed,2026-08-05T19:57:49Z
GEN-01883,Inspected,2026-08-05T20:27:47Z
GEN-01883,Packed,2026-08-05T22:32:06Z
GEN-01883,Inspected,2026-08-05T23:27:35Z
GEN-01883,Packed,2026-08-06T02:10:54Z
GEN-01883,Inspected,2026-08-06T02:45:57Z
GEN-01883,Shipped,2026-08-06T06:44:47Z
GEN-01883,Delivered,2026-08-06T08:58:10Z
GEN-01884,Order Created,2026-08-05T15:56:48Z
GEN-01884,Payment Received,2026-08-05T16:01:12Z
GEN-01884,Packed,2026-08-06T00:54:20Z
GEN-01884,Inspected,2026-08-06T01:15:05Z
GEN-01884,Packed,2026-08-06T02:24:24Z
GEN-01884,Inspected,2026-08-06T02:56:04Z
GEN-01884,Packed,2026-08-06T04:25:50Z
GEN-01884,Inspected,2026-08-06T04:54:35Z
GEN-01884,Packed,2026-08-06T07:32:55Z
GEN-01884,Inspected,2026-08-06T08:06:36Z
GEN-01884,Shipped,2026-08-06T11:13:28Z
GEN-01884,Delivered,2026-08-06T14:22:04Z
GEN-01885,Order Created,2026-08-13T11:01:39Z
GEN-01885,Payment Attempt,2026-08-13T11:10:42Z
GEN-01885,Payment Attempt,2026-08-13T11:34:18Z
GEN-01885,Payment Received,2026-08-13T11:47:33Z
GEN-01885,Packed,2026-08-14T01:10:41Z
GEN-01885,Inspected,2026-08-14T01:47:23Z
GEN-01885,Shipped,2026-08-14T04:30:18Z
GEN-01886,Order Created,2026-08-14T18:27:34Z
GEN-01886,Payment Received,2026-08-14T18:38:15Z
GEN-01886,Packed,2026-08-14T23:31:21Z
GEN-01886,Inspected,2026-08-15T00:20:08Z
GEN-01886,Shipped,2026-08-15T02:02:08Z
GEN-01886,Delivered,2026-08-15T03:44:52Z
GEN-01887,Order Created,2026-08-12T08:14:21Z
GEN-01887,Payment Received,2026-08-12T08:25:49Z
GEN-01887,Packed,2026-08-12T12:34:36Z
GEN-01887,Inspected,2026-08-12T13:14:19Z
GEN-01887,Shipped,2026-08-12T15:07:59Z
GEN-01887,Delivered,2026-08-12T17:52:42Z
GEN-01888,Order Created,2026-08-06T12:30:30Z
GEN-01888,Payment Received,2026-08-06T12:37:31Z
GEN-01888,Packed,2026-08-06T14:03:36Z
GEN-01888,Inspected,2026-08-06T14:41:52Z
GEN-01888,Packed,2026-08-06T15:56:05Z
GEN-01888,Inspected,2026-08-06T16:36:28Z
GEN-01888,Shipped,2026-08-06T18:42:40Z
GEN-01888,Delivered,2026-08-06T20:37:53Z
GEN-01889,Order Created,2026-08-13T16:24:02Z
GEN-01889,Payment Attempt,2026-08-13T16:42:14Z
GEN-01889,Payment Received,2026-08-13T16:50:16Z
GEN-01889,Packed,2026-08-14T00:22:17Z
GEN-01889,Inspected,2026-08-14T00:57:43Z
GEN-01889,Shipped,2026-08-14T03:47:35Z
GEN-01889,Delivered,2026-08-14T06:52:29Z
GEN-01890,Order Created,2026-08-04T08:31:11Z
GEN-01890,Payment Attempt,2026-08-04T08:45:44Z
GEN-01890,Payment Received,2026-08-04T08:51:35Z
GEN-01890,Packed,2026-08-04T14:32:19Z
GEN-01890,Inspected,2026-08-04T15:09:17Z
GEN-01890,Packed,2026-08-04T17:36:31Z
GEN-01890,Inspected,2026-08-04T18:12:29Z
GEN-01890,Shipped,2026-08-04T20:55:40Z
GEN-01890,Delivered,2026-08-05T00:16:55Z
GEN-01891,Order Created,2026-08-09T10:18:22Z
GEN-01891,Payment Received,2026-08-09T10:25:22Z
GEN-01891,Packed,2026-08-10T05:43:27Z
GEN-01891,Inspected,2026-08-10T06:40:49Z
GEN-01891,Shipped,2026-08-10T10:35:59Z
GEN-01891,Delivered,2026-08-10T16:35:27Z
GEN-01892,Order Created,2026-08-11T09:33:06Z
GEN-01892,Payment Received,2026-08-11T09:45:51Z
GEN-01892,Packed,2026-08-11T17:00:53Z
GEN-01892,Inspected,2026-08-11T17:57:09Z
GEN-01892,Shipped,2026-08-11T20:19:02Z
GEN-01892,Delivered,2026-08-11T22:23:07Z
GEN-01893,Order Created,2026-08-08T18:24:43Z
GEN-01893,Payment Received,2026-08-08T18:31:13Z
GEN-01893,Packed,2026-08-09T08:24:33Z
GEN-01893,Inspected,2026-08-09T08:53:13Z
GEN-01893,Shipped,2026-08-09T10:15:36Z
GEN-01893,Delivered,2026-08-09T13:23:18Z
GEN-01894,Order Created,2026-08-06T10:13:18Z
GEN-01894,Payment Received,2026-08-06T10:16:59Z
GEN-01894,Packed,2026-08-06T17:08:48Z
GEN-01894,Inspected,2026-08-06T17:34:03Z
GEN-01894,Shipped,2026-08-06T21:31:40Z
GEN-01894,Delivered,2026-08-07T00:02:45Z
GEN-01895,Order Created,2026-08-05T16:17:19Z
GEN-01895,Payment Received,2026-08-05T16:19:27Z
GEN-01895,Packed,2026-08-05T21:09:25Z
GEN-01895,Inspected,2026-08-05T22:09:14Z
GEN-01895,Shipped,2026-08-06T01:39:38Z
GEN-01895,Delivered,2026-08-06T03:24:41Z
GEN-01896,Order Created,2026-08-07T17:02:52Z
GEN-01896,Payment Received,2026-08-07T17:16:01Z
GEN-01896,Packed,2026-08-07T20:34:38Z
GEN-01896,Inspected,2026-08-07T21:05:45Z
GEN-01896,Shipped,2026-08-07T22:41:08Z
GEN-01896,Delivered,2026-08-08T01:14:25Z
GEN-01897,Order Created,2026-08-12T10:54:14Z
GEN-01897,Payment Received,2026-08-12T11:09:17Z
GEN-01897,Packed,2026-08-12T19:52:45Z
GEN-01897,Inspected,2026-08-12T20:15:09Z
GEN-01897,Shipped,2026-08-13T00:11:34Z
GEN-01897,Delivered,2026-08-13T03:48:43Z
GEN-01898,Order Created,2026-08-04T12:04:43Z
GEN-01898,Payment Attempt,2026-08-04T12:09:58Z
GEN-01898,Payment Attempt,2026-08-04T12:23:17Z
GEN-01898,Payment Received,2026-08-04T12:31:50Z
GEN-01898,Packed,2026-08-04T21:35:13Z
GEN-01898,Inspected,2026-08-04T22:03:14Z
GEN-01898,Packed,2026-08-04T23:46:50Z
GEN-01898,Inspected,2026-08-05T00:39:04Z
GEN-01898,Shipped,2026-08-05T02:43:40Z
GEN-01899,Order Created,2026-08-13T09:09:17Z
GEN-01899,Payment Attempt,2026-08-13T09:17:15Z
GEN-01899,Payment Received,2026-08-13T09:30:42Z
GEN-01899,Packed,2026-08-13T15:04:50Z
GEN-01899,Inspected,2026-08-13T15:59:36Z
GEN-01899,Packed,2026-08-13T17:03:50Z
GEN-01899,Inspected,2026-08-13T17:59:53Z
GEN-01899,Packed,2026-08-13T20:08:52Z
GEN-01899,Inspected,2026-08-13T21:00:28Z
GEN-01899,Shipped,2026-08-14T00:57:34Z
GEN-01899,Delivered,2026-08-14T08:30:14Z
GEN-01900,Order Created,2026-08-07T09:21:49Z
GEN-01900,Payment Received,2026-08-07T09:32:25Z
GEN-01900,Packed,2026-08-07T13:08:32Z
GEN-01900,Inspected,2026-08-07T14:07:16Z
GEN-01900,Shipped,2026-08-07T15:13:07Z
GEN-01900,Delivered,2026-08-07T16:37:22Z
GEN-01901,Order Created,2026-08-08T19:01:14Z
GEN-01901,Payment Received,2026-08-08T19:10:20Z
GEN-01901,Packed,2026-08-09T04:44:23Z
GEN-01901,Inspected,2026-08-09T05:23:43Z
GEN-01901,Shipped,2026-08-09T08:03:24Z
GEN-01901,Delivered,2026-08-09T11:59:22Z
GEN-01902,Order Created,2026-08-12T14:38:58Z
GEN-01902,Payment Received,2026-08-12T14:41:15Z
GEN-01902,Packed,2026-08-13T00:01:50Z
GEN-01902,Inspected,2026-08-13T00:35:47Z
GEN-01902,Shipped,2026-08-13T02:35:08Z
GEN-01903,Order Created,2026-08-10T10:19:28Z
GEN-01903,Payment Received,2026-08-10T10:34:37Z
GEN-01903,Packed,2026-08-10T15:15:37Z
GEN-01903,Inspected,2026-08-10T16:11:30Z
GEN-01903,Shipped,2026-08-10T18:10:25Z
GEN-01903,Delivered,2026-08-10T20:05:55Z
GEN-01904,Order Created,2026-08-12T19:28:49Z
GEN-01904,Payment Received,2026-08-12T19:38:02Z
GEN-01904,Packed,2026-08-13T09:21:14Z
GEN-01904,Inspected,2026-08-13T10:12:35Z
GEN-01904,Shipped,2026-08-13T11:29:43Z
GEN-01904,Delivered,2026-08-13T15:23:12Z
GEN-01905,Order Created,2026-08-03T12:16:57Z
GEN-01905,Payment Attempt,2026-08-03T12:29:03Z
GEN-01905,Payment Received,2026-08-03T12:45:35Z
GEN-01905,Packed,2026-08-03T17:06:23Z
GEN-01905,Inspected,2026-08-03T17:46:28Z
GEN-01905,Shipped,2026-08-03T20:46:44Z
GEN-01905,Delivered,2026-08-04T00:11:35Z
GEN-01906,Order Created,2026-08-08T12:52:19Z
GEN-01906,Payment Received,2026-08-08T13:06:03Z
GEN-01906,Packed,2026-08-09T01:09:49Z
GEN-01906,Inspected,2026-08-09T01:49:30Z
GEN-01906,Shipped,2026-08-09T04:54:11Z
GEN-01906,Delivered,2026-08-09T08:06:18Z
GEN-01907,Order Created,2026-08-03T18:18:58Z
GEN-01907,Payment Received,2026-08-03T18:35:58Z
GEN-01907,Packed,2026-08-03T22:37:16Z
GEN-01908,Order Created,2026-08-06T09:05:31Z
GEN-01908,Payment Attempt,2026-08-06T09:20:57Z
GEN-01908,Payment Received,2026-08-06T09:26:18Z
GEN-01908,Packed,2026-08-06T19:49:10Z
GEN-01908,Inspected,2026-08-06T20:31:06Z
GEN-01908,Packed,2026-08-06T21:31:21Z
GEN-01908,Inspected,2026-08-06T22:30:01Z
GEN-01908,Packed,2026-08-07T00:50:18Z
GEN-01908,Inspected,2026-08-07T01:30:50Z
GEN-01908,Packed,2026-08-07T03:08:09Z
GEN-01908,Inspected,2026-08-07T03:43:53Z
GEN-01908,Shipped,2026-08-07T05:05:25Z
GEN-01908,Delivered,2026-08-07T08:14:33Z
GEN-01909,Order Created,2026-08-13T19:11:50Z
GEN-01909,Payment Received,2026-08-13T19:30:33Z
GEN-01909,Packed,2026-08-14T03:55:07Z
GEN-01909,Inspected,2026-08-14T04:22:25Z
GEN-01909,Packed,2026-08-14T06:14:52Z
GEN-01909,Inspected,2026-08-14T06:39:47Z
GEN-01909,Packed,2026-08-14T09:24:19Z
GEN-01909,Inspected,2026-08-14T09:46:01Z
GEN-01909,Packed,2026-08-14T11:18:39Z
GEN-01909,Inspected,2026-08-14T12:00:56Z
GEN-01909,Shipped,2026-08-14T13:52:54Z
GEN-01909,Delivered,2026-08-14T15:39:10Z
GEN-01910,Order Created,2026-08-12T09:08:47Z
GEN-01910,Payment Received,2026-08-12T09:12:35Z
GEN-01910,Packed,2026-08-12T13:13:12Z
GEN-01910,Inspected,2026-08-12T13:44:32Z
GEN-01910,Shipped,2026-08-12T16:32:50Z
GEN-01910,Delivered,2026-08-12T20:05:22Z
GEN-01911,Order Created,2026-08-09T18:53:07Z
GEN-01911,Payment Attempt,2026-08-09T19:02:23Z
GEN-01911,Payment Received,2026-08-09T19:16:38Z
GEN-01911,Packed,2026-08-10T14:01:45Z
GEN-01911,Inspected,2026-08-10T14:39:56Z
GEN-01911,Shipped,2026-08-10T18:37:55Z
GEN-01911,Delivered,2026-08-10T21:48:49Z
GEN-01912,Order Created,2026-08-04T16:41:04Z
GEN-01912,Payment Attempt,2026-08-04T16:50:25Z
GEN-01912,Payment Received,2026-08-04T16:57:00Z
GEN-01912,Packed,2026-08-04T21:47:34Z
GEN-01912,Inspected,2026-08-04T22:12:37Z
GEN-01912,Shipped,2026-08-05T00:58:24Z
GEN-01912,Delivered,2026-08-05T02:53:00Z
GEN-01913,Order Created,2026-08-12T10:05:01Z
GEN-01913,Payment Received,2026-08-12T10:23:05Z
GEN-01913,Packed,2026-08-12T18:09:55Z
GEN-01913,Inspected,2026-08-12T18:42:34Z
GEN-01913,Shipped,2026-08-12T22:35:22Z
GEN-01913,Delivered,2026-08-13T00:24:20Z
GEN-01914,Order Created,2026-08-04T16:28:28Z
GEN-01914,Payment Attempt,2026-08-04T16:45:39Z
GEN-01914,Payment Received,2026-08-04T16:55:46Z
GEN-01914,Packed,2026-08-05T03:52:18Z
GEN-01915,Order Created,2026-08-04T14:52:19Z
GEN-01915,Payment Attempt,2026-08-04T15:06:57Z
GEN-01915,Payment Received,2026-08-04T15:12:03Z
GEN-01915,Packed,2026-08-04T19:50:59Z
GEN-01916,Order Created,2026-08-16T19:49:48Z
GEN-01916,Payment Received,2026-08-16T20:08:39Z
GEN-01916,Packed,2026-08-17T08:21:47Z
GEN-01916,Inspected,2026-08-17T09:05:33Z
GEN-01916,Shipped,2026-08-17T11:58:07Z
GEN-01916,Delivered,2026-08-17T16:44:31Z
GEN-01917,Order Created,2026-08-10T17:06:02Z
GEN-01917,Payment Received,2026-08-10T17:21:05Z
GEN-01917,Packed,2026-08-10T20:35:08Z
GEN-01918,Order Created,2026-08-05T10:48:29Z
GEN-01918,Payment Received,2026-08-05T10:53:56Z
GEN-01918,Packed,2026-08-05T12:58:51Z
GEN-01918,Inspected,2026-08-05T13:34:23Z
GEN-01918,Packed,2026-08-05T15:32:03Z
GEN-01918,Inspected,2026-08-05T16:02:34Z
GEN-01918,Packed,2026-08-05T17:33:06Z
GEN-01918,Inspected,2026-08-05T18:09:49Z
GEN-01918,Packed,2026-08-05T19:46:55Z
GEN-01918,Inspected,2026-08-05T20:10:23Z
GEN-01918,Shipped,2026-08-05T22:45:44Z
GEN-01918,Delivered,2026-08-06T00:24:31Z
GEN-01919,Order Created,2026-08-14T11:22:10Z
GEN-01919,Payment Received,2026-08-14T11:26:29Z
GEN-01919,Packed,2026-08-14T17:28:02Z
GEN-01919,Inspected,2026-08-14T18:05:33Z
GEN-01919,Shipped,2026-08-14T19:46:12Z
GEN-01919,Delivered,2026-08-14T23:05:23Z
GEN-01920,Order Created,2026-08-12T15:10:45Z
GEN-01920,Payment Received,2026-08-12T15:21:59Z
GEN-01920,Packed,2026-08-12T21:23:09Z
GEN-01920,Inspected,2026-08-12T21:48:17Z
GEN-01920,Shipped,2026-08-12T23:10:15Z
GEN-01920,Delivered,2026-08-13T00:44:50Z
GEN-01921,Order Created,2026-08-09T19:25:27Z
GEN-01921,Payment Received,2026-08-09T19:29:12Z
GEN-01921,Packed,2026-08-10T10:02:36Z
GEN-01921,Inspected,2026-08-10T10:48:33Z
GEN-01921,Packed,2026-08-10T12:24:20Z
GEN-01921,Inspected,2026-08-10T12:51:40Z
GEN-01921,Shipped,2026-08-10T16:10:15Z
GEN-01921,Delivered,2026-08-10T18:33:05Z
GEN-01922,Order Created,2026-08-04T12:27:49Z
GEN-01922,Payment Received,2026-08-04T12:35:46Z
GEN-01922,Packed,2026-08-04T19:53:42Z
GEN-01922,Inspected,2026-08-04T20:46:39Z
GEN-01922,Packed,2026-08-04T23:20:44Z
GEN-01922,Inspected,2026-08-05T00:20:36Z
GEN-01922,Shipped,2026-08-05T02:23:18Z
GEN-01923,Order Created,2026-08-13T12:10:45Z
GEN-01923,Payment Attempt,2026-08-13T12:27:46Z
GEN-01923,Payment Received,2026-08-13T12:35:25Z
GEN-01923,Packed,2026-08-13T16:31:36Z
GEN-01923,Inspected,2026-08-13T17:09:41Z
GEN-01923,Shipped,2026-08-13T19:41:16Z
GEN-01924,Order Created,2026-08-10T10:09:23Z
GEN-01925,Order Created,2026-08-06T13:36:26Z
GEN-01925,Payment Attempt,2026-08-06T13:54:45Z
GEN-01925,Payment Received,2026-08-06T14:14:20Z
GEN-01925,Packed,2026-08-06T19:23:29Z
GEN-01925,Inspected,2026-08-06T20:21:19Z
GEN-01925,Shipped,2026-08-06T21:41:54Z
GEN-01925,Delivered,2026-08-07T00:16:49Z
GEN-01926,Order Created,2026-08-07T19:30:01Z
GEN-01926,Payment Received,2026-08-07T19:33:46Z
GEN-01926,Packed,2026-08-08T01:40:01Z
GEN-01927,Order Created,2026-08-11T18:09:45Z
GEN-01927,Payment Received,2026-08-11T18:20:19Z
GEN-01927,Packed,2026-08-12T04:00:18Z
GEN-01927,Inspected,2026-08-12T04:24:57Z
GEN-01927,Shipped,2026-08-12T07:09:03Z
GEN-01927,Delivered,2026-08-12T11:12:37Z
GEN-01928,Order Created,2026-08-15T11:41:48Z
GEN-01928,Payment Received,2026-08-15T12:01:48Z
GEN-01928,Packed,2026-08-16T07:33:36Z
GEN-01928,Inspected,2026-08-16T08:19:59Z
GEN-01928,Shipped,2026-08-16T10:13:05Z
GEN-01928,Delivered,2026-08-16T15:09:27Z
GEN-01929,Order Created,2026-08-06T11:12:30Z
GEN-01929,Payment Attempt,2026-08-06T11:29:50Z
GEN-01929,Payment Attempt,2026-08-06T11:45:55Z
GEN-01929,Payment Received,2026-08-06T11:59:30Z
GEN-01929,Packed,2026-08-07T01:58:09Z
GEN-01929,Inspected,2026-08-07T02:18:27Z
GEN-01929,Shipped,2026-08-07T04:14:19Z
GEN-01929,Delivered,2026-08-07T06:02:30Z
GEN-01930,Order Created,2026-08-11T10:28:19Z
GEN-01931,Order Created,2026-08-05T11:38:12Z
GEN-01931,Payment Received,2026-08-05T11:53:08Z
GEN-01931,Packed,2026-08-06T02:08:16Z
GEN-01931,Inspected,2026-08-06T02:45:35Z
GEN-01931,Shipped,2026-08-06T06:37:22Z
GEN-01931,Delivered,2026-08-06T11:56:32Z
GEN-01932,Order Created,2026-08-12T13:30:21Z
GEN-01932,Payment Received,2026-08-12T13:34:34Z
GEN-01932,Packed,2026-08-12T19:09:38Z
GEN-01932,Inspected,2026-08-12T19:55:56Z
GEN-01932,Shipped,2026-08-12T21:54:06Z
GEN-01932,Delivered,2026-08-13T00:28:21Z
GEN-01933,Order Created,2026-08-10T08:21:09Z
GEN-01933,Payment Received,2026-08-10T08:37:57Z
GEN-01933,Packed,2026-08-10T14:01:08Z
GEN-01933,Inspected,2026-08-10T14:43:41Z
GEN-01933,Shipped,2026-08-10T17:24:08Z
GEN-01933,Delivered,2026-08-10T21:08:58Z
GEN-01934,Order Created,2026-08-06T17:49:50Z
GEN-01934,Payment Received,2026-08-06T17:51:58Z
GEN-01934,Packed,2026-08-06T21:50:57Z
GEN-01934,Inspected,2026-08-06T22:38:34Z
GEN-01934,Shipped,2026-08-07T01:13:06Z
GEN-01934,Delivered,2026-08-07T02:51:26Z
GEN-01935,Order Created,2026-08-14T19:30:07Z
GEN-01935,Payment Attempt,2026-08-14T19:41:45Z
GEN-01935,Payment Received,2026-08-14T19:49:02Z
GEN-01935,Packed,2026-08-15T02:31:47Z
GEN-01936,Order Created,2026-08-04T12:05:21Z
GEN-01936,Payment Received,2026-08-04T12:07:51Z
GEN-01936,Packed,2026-08-04T21:55:29Z
GEN-01936,Inspected,2026-08-04T22:31:19Z
GEN-01936,Shipped,2026-08-05T01:06:15Z
GEN-01936,Delivered,2026-08-05T03:33:56Z
GEN-01937,Order Created,2026-08-04T16:33:25Z
GEN-01937,Payment Received,2026-08-04T16:35:48Z
GEN-01937,Packed,2026-08-04T18:46:59Z
GEN-01937,Inspected,2026-08-04T19:30:36Z
GEN-01937,Shipped,2026-08-04T22:39:17Z
GEN-01938,Order Created,2026-08-04T14:22:37Z
GEN-01938,Payment Received,2026-08-04T14:29:44Z
GEN-01938,Packed,2026-08-05T05:38:31Z
GEN-01938,Inspected,2026-08-05T06:09:57Z
GEN-01938,Shipped,2026-08-05T09:26:07Z
GEN-01938,Delivered,2026-08-05T14:51:51Z
GEN-01939,Order Created,2026-08-12T16:15:19Z
GEN-01939,Payment Received,2026-08-12T16:24:25Z
GEN-01939,Packed,2026-08-12T20:30:50Z
GEN-01939,Inspected,2026-08-12T20:53:58Z
GEN-01939,Shipped,2026-08-13T00:45:45Z
GEN-01939,Delivered,2026-08-13T03:05:16Z
GEN-01940,Order Created,2026-08-06T12:09:59Z
GEN-01940,Payment Received,2026-08-06T12:21:02Z
GEN-01940,Packed,2026-08-06T17:28:27Z
GEN-01940,Inspected,2026-08-06T18:27:25Z
GEN-01940,Shipped,2026-08-06T22:25:05Z
GEN-01940,Delivered,2026-08-07T01:55:59Z
GEN-01941,Order Created,2026-08-03T17:29:43Z
GEN-01941,Payment Received,2026-08-03T17:48:50Z
GEN-01941,Packed,2026-08-04T00:41:50Z
GEN-01941,Inspected,2026-08-04T01:31:33Z
GEN-01941,Shipped,2026-08-04T04:04:24Z
GEN-01941,Delivered,2026-08-04T06:14:29Z
GEN-01942,Order Created,2026-08-04T18:30:27Z
GEN-01942,Payment Received,2026-08-04T18:38:02Z
GEN-01942,Packed,2026-08-05T00:12:40Z
GEN-01942,Inspected,2026-08-05T00:52:11Z
GEN-01942,Shipped,2026-08-05T02:51:24Z
GEN-01942,Delivered,2026-08-05T05:10:10Z
GEN-01943,Order Created,2026-08-14T19:47:36Z
GEN-01943,Payment Received,2026-08-14T20:04:55Z
GEN-01943,Packed,2026-08-15T05:03:21Z
GEN-01943,Inspected,2026-08-15T05:51:00Z
GEN-01943,Shipped,2026-08-15T08:14:40Z
GEN-01943,Delivered,2026-08-15T11:18:28Z
GEN-01944,Order Created,2026-08-06T19:35:02Z
GEN-01944,Payment Received,2026-08-06T19:52:04Z
GEN-01944,Packed,2026-08-06T22:56:13Z
GEN-01944,Inspected,2026-08-06T23:23:52Z
GEN-01944,Shipped,2026-08-07T03:00:21Z
GEN-01944,Delivered,2026-08-07T06:00:39Z
GEN-01945,Order Created,2026-08-10T09:58:00Z
GEN-01945,Payment Attempt,2026-08-10T10:06:59Z
GEN-01945,Payment Attempt,2026-08-10T10:15:23Z
GEN-01945,Payment Received,2026-08-10T10:26:33Z
GEN-01945,Packed,2026-08-10T16:38:30Z
GEN-01945,Inspected,2026-08-10T17:00:52Z
GEN-01945,Packed,2026-08-10T19:23:27Z
GEN-01945,Inspected,2026-08-10T20:01:05Z
GEN-01945,Shipped,2026-08-10T21:13:49Z
GEN-01946,Order Created,2026-08-06T17:30:57Z
GEN-01946,Payment Attempt,2026-08-06T17:36:21Z
GEN-01946,Payment Received,2026-08-06T17:50:47Z
GEN-01946,Packed,2026-08-07T01:14:02Z
GEN-01946,Inspected,2026-08-07T01:44:55Z
GEN-01946,Shipped,2026-08-07T03:50:27Z
GEN-01947,Order Created,2026-08-03T15:30:33Z
GEN-01947,Payment Received,2026-08-03T15:40:04Z
GEN-01947,Packed,2026-08-03T21:36:22Z
GEN-01947,Inspected,2026-08-03T22:26:39Z
GEN-01947,Shipped,2026-08-04T01:02:17Z
GEN-01947,Delivered,2026-08-04T03:58:46Z
GEN-01948,Order Created,2026-08-11T19:39:02Z
GEN-01948,Payment Attempt,2026-08-11T19:57:05Z
GEN-01948,Payment Received,2026-08-11T20:02:55Z
GEN-01948,Packed,2026-08-12T05:27:38Z
GEN-01948,Inspected,2026-08-12T05:55:31Z
GEN-01948,Shipped,2026-08-12T09:25:38Z
GEN-01948,Delivered,2026-08-12T11:53:00Z
GEN-01949,Order Created,2026-08-13T08:07:38Z
GEN-01949,Payment Received,2026-08-13T08:19:35Z
GEN-01949,Packed,2026-08-13T12:17:43Z
GEN-01949,Inspected,2026-08-13T13:10:28Z
GEN-01949,Shipped,2026-08-13T14:37:34Z
GEN-01949,Delivered,2026-08-13T15:20:47Z
GEN-01950,Order Created,2026-08-10T10:06:22Z
GEN-01950,Payment Received,2026-08-10T10:09:21Z
GEN-01950,Packed,2026-08-10T17:05:56Z
GEN-01950,Inspected,2026-08-10T18:02:42Z
GEN-01950,Shipped,2026-08-10T21:37:02Z
GEN-01950,Delivered,2026-08-11T01:20:00Z
GEN-01951,Order Created,2026-08-13T18:39:08Z
GEN-01951,Payment Received,2026-08-13T18:49:59Z
GEN-01951,Packed,2026-08-14T14:02:21Z
GEN-01951,Inspected,2026-08-14T14:37:31Z
GEN-01951,Packed,2026-08-14T16:54:55Z
GEN-01951,Inspected,2026-08-14T17:51:38Z
GEN-01951,Shipped,2026-08-14T20:20:34Z
GEN-01951,Delivered,2026-08-14T23:18:01Z
GEN-01952,Order Created,2026-08-03T15:10:26Z
GEN-01952,Payment Received,2026-08-03T15:28:02Z
GEN-01952,Packed,2026-08-03T19:06:05Z
GEN-01952,Inspected,2026-08-03T19:54:30Z
GEN-01952,Shipped,2026-08-03T22:06:43Z
GEN-01952,Delivered,2026-08-04T02:49:09Z
GEN-01953,Order Created,2026-08-09T08:57:00Z
GEN-01953,Payment Attempt,2026-08-09T09:16:01Z
GEN-01953,Payment Attempt,2026-08-09T09:22:50Z
GEN-01953,Payment Received,2026-08-09T09:39:27Z
GEN-01953,Packed,2026-08-10T14:58:52Z
GEN-01953,Inspected,2026-08-10T15:45:50Z
GEN-01953,Shipped,2026-08-10T16:48:25Z
GEN-01953,Delivered,2026-08-10T23:13:15Z
GEN-01954,Order Created,2026-08-03T13:37:14Z
GEN-01954,Payment Received,2026-08-03T13:42:24Z
GEN-01954,Packed,2026-08-03T18:59:33Z
GEN-01955,Order Created,2026-08-11T11:39:12Z
GEN-01955,Payment Attempt,2026-08-11T12:02:42Z
GEN-01955,Payment Attempt,2026-08-11T12:07:11Z
GEN-01955,Payment Received,2026-08-11T12:12:55Z
GEN-01955,Packed,2026-08-11T19:53:29Z
GEN-01955,Inspected,2026-08-11T20:43:27Z
GEN-01955,Shipped,2026-08-11T23:41:57Z
GEN-01955,Delivered,2026-08-12T03:09:51Z
GEN-01956,Order Created,2026-08-03T12:38:29Z
GEN-01956,Payment Received,2026-08-03T12:41:48Z
GEN-01956,Packed,2026-08-03T16:03:01Z
GEN-01957,Order Created,2026-08-15T16:35:52Z
GEN-01957,Payment Received,2026-08-15T16:46:29Z
GEN-01957,Packed,2026-08-16T03:30:03Z
GEN-01957,Inspected,2026-08-16T04:08:30Z
GEN-01957,Shipped,2026-08-16T06:17:34Z
GEN-01957,Delivered,2026-08-16T09:52:42Z
GEN-01958,Order Created,2026-08-04T09:46:36Z
GEN-01958,Payment Received,2026-08-04T09:52:39Z
GEN-01958,Packed,2026-08-04T13:18:31Z
GEN-01958,Inspected,2026-08-04T13:45:30Z
GEN-01958,Shipped,2026-08-04T17:29:31Z
GEN-01958,Delivered,2026-08-04T19:46:09Z
GEN-01959,Order Created,2026-08-05T12:43:45Z
GEN-01959,Payment Received,2026-08-05T12:56:21Z
GEN-01959,Packed,2026-08-05T19:12:06Z
GEN-01960,Order Created,2026-08-11T16:31:26Z
GEN-01960,Payment Received,2026-08-11T16:47:53Z
GEN-01960,Packed,2026-08-11T21:55:00Z
GEN-01960,Inspected,2026-08-11T22:51:10Z
GEN-01960,Shipped,2026-08-12T02:08:29Z
GEN-01960,Delivered,2026-08-12T06:19:37Z
GEN-01961,Order Created,2026-08-13T19:35:16Z
GEN-01961,Payment Received,2026-08-13T19:39:14Z
GEN-01961,Packed,2026-08-14T00:32:33Z
GEN-01961,Inspected,2026-08-14T01:07:29Z
GEN-01961,Shipped,2026-08-14T03:34:48Z
GEN-01961,Delivered,2026-08-14T05:37:28Z
GEN-01962,Order Created,2026-08-11T08:40:03Z
GEN-01962,Payment Received,2026-08-11T08:48:27Z
GEN-01962,Packed,2026-08-11T18:26:41Z
GEN-01962,Inspected,2026-08-11T18:52:10Z
GEN-01962,Shipped,2026-08-11T22:10:04Z
GEN-01962,Delivered,2026-08-12T02:06:40Z
GEN-01963,Order Created,2026-08-12T18:34:32Z
GEN-01963,Payment Attempt,2026-08-12T18:41:37Z
GEN-01963,Payment Received,2026-08-12T18:51:06Z
GEN-01963,Packed,2026-08-13T02:11:33Z
GEN-01963,Inspected,2026-08-13T02:44:57Z
GEN-01963,Shipped,2026-08-13T04:46:06Z
GEN-01963,Delivered,2026-08-13T07:08:30Z
GEN-01964,Order Created,2026-08-06T16:46:05Z
GEN-01964,Payment Received,2026-08-06T16:53:02Z
GEN-01964,Packed,2026-08-07T00:15:55Z
GEN-01964,Inspected,2026-08-07T00:42:09Z
GEN-01964,Shipped,2026-08-07T03:43:40Z
GEN-01964,Delivered,2026-08-07T06:41:46Z
GEN-01965,Order Created,2026-08-06T16:41:02Z
GEN-01965,Payment Received,2026-08-06T16:46:33Z
GEN-01965,Packed,2026-08-07T14:12:59Z
GEN-01965,Inspected,2026-08-07T14:39:18Z
GEN-01965,Shipped,2026-08-07T17:07:51Z
GEN-01965,Delivered,2026-08-07T20:48:33Z
GEN-01966,Order Created,2026-08-12T14:09:14Z
GEN-01966,Payment Received,2026-08-12T14:12:46Z
GEN-01966,Packed,2026-08-13T04:21:05Z
GEN-01967,Order Created,2026-08-05T10:53:00Z
GEN-01967,Payment Received,2026-08-05T11:03:24Z
GEN-01967,Packed,2026-08-05T16:14:48Z
GEN-01968,Order Created,2026-08-04T14:54:36Z
GEN-01968,Payment Received,2026-08-04T15:11:08Z
GEN-01968,Packed,2026-08-05T04:36:58Z
GEN-01968,Inspected,2026-08-05T04:57:01Z
GEN-01968,Shipped,2026-08-05T08:40:22Z
GEN-01968,Delivered,2026-08-05T09:21:12Z
GEN-01969,Order Created,2026-08-05T10:38:02Z
GEN-01969,Payment Received,2026-08-05T10:57:21Z
GEN-01969,Packed,2026-08-06T03:10:47Z
GEN-01969,Inspected,2026-08-06T04:03:47Z
GEN-01969,Shipped,2026-08-06T06:55:24Z
GEN-01969,Delivered,2026-08-06T09:41:52Z
GEN-01970,Order Created,2026-08-07T12:15:31Z
GEN-01970,Payment Received,2026-08-07T12:18:12Z
GEN-01970,Packed,2026-08-07T18:34:32Z
GEN-01970,Inspected,2026-08-07T19:12:19Z
GEN-01970,Packed,2026-08-07T20:44:03Z
GEN-01970,Inspected,2026-08-07T21:17:04Z
GEN-01970,Shipped,2026-08-07T22:38:35Z
GEN-01970,Delivered,2026-08-08T04:14:58Z
GEN-01971,Order Created,2026-08-11T18:57:48Z
GEN-01971,Payment Received,2026-08-11T19:06:21Z
GEN-01971,Packed,2026-08-11T21:35:50Z
GEN-01971,Inspected,2026-08-11T22:04:22Z
GEN-01971,Shipped,2026-08-12T02:02:03Z
GEN-01971,Delivered,2026-08-12T04:43:17Z
GEN-01972,Order Created,2026-08-04T19:18:47Z
GEN-01972,Payment Attempt,2026-08-04T19:34:42Z
GEN-01972,Payment Received,2026-08-04T19:41:12Z
GEN-01972,Packed,2026-08-04T22:20:29Z
GEN-01972,Inspected,2026-08-04T22:56:30Z
GEN-01972,Shipped,2026-08-05T01:48:52Z
GEN-01972,Delivered,2026-08-05T04:30:34Z
GEN-01973,Order Created,2026-08-03T16:46:57Z
GEN-01973,Payment Attempt,2026-08-03T17:01:27Z
GEN-01973,Payment Received,2026-08-03T17:03:39Z
GEN-01973,Packed,2026-08-04T01:53:59Z
GEN-01973,Inspected,2026-08-04T02:18:33Z
GEN-01973,Packed,2026-08-04T05:18:16Z
GEN-01973,Inspected,2026-08-04T06:14:27Z
GEN-01973,Shipped,2026-08-04T08:51:33Z
GEN-01973,Delivered,2026-08-04T11:06:15Z
GEN-01974,Order Created,2026-08-14T08:30:18Z
GEN-01974,Payment Received,2026-08-14T08:38:58Z
GEN-01974,Packed,2026-08-14T15:37:28Z
GEN-01974,Inspected,2026-08-14T16:30:13Z
GEN-01974,Shipped,2026-08-14T18:11:50Z
GEN-01974,Delivered,2026-08-14T20:39:14Z
GEN-01975,Order Created,2026-08-11T12:22:30Z
GEN-01975,Payment Attempt,2026-08-11T12:44:59Z
GEN-01975,Payment Received,2026-08-11T12:58:57Z
GEN-01975,Packed,2026-08-11T23:22:18Z
GEN-01975,Inspected,2026-08-11T23:48:08Z
GEN-01975,Shipped,2026-08-12T01:14:41Z
GEN-01975,Delivered,2026-08-12T04:09:01Z
GEN-01976,Order Created,2026-08-11T15:04:09Z
GEN-01976,Payment Received,2026-08-11T15:21:36Z
GEN-01976,Packed,2026-08-11T22:50:00Z
GEN-01976,Inspected,2026-08-11T23:20:02Z
GEN-01976,Shipped,2026-08-12T02:13:30Z
GEN-01976,Delivered,2026-08-12T04:49:06Z
GEN-01977,Order Created,2026-08-06T08:34:57Z
GEN-01978,Order Created,2026-08-04T09:33:37Z
GEN-01978,Payment Received,2026-08-04T09:49:11Z
GEN-01978,Packed,2026-08-04T14:26:36Z
GEN-01978,Inspected,2026-08-04T15:04:49Z
GEN-01978,Packed,2026-08-04T17:09:28Z
GEN-01978,Inspected,2026-08-04T17:48:09Z
GEN-01978,Shipped,2026-08-04T20:31:31Z
GEN-01978,Delivered,2026-08-05T00:18:40Z
GEN-01979,Order Created,2026-08-10T14:09:23Z
GEN-01979,Payment Received,2026-08-10T14:16:53Z
GEN-01979,Packed,2026-08-10T20:43:16Z
GEN-01979,Inspected,2026-08-10T21:39:57Z
GEN-01979,Shipped,2026-08-11T00:48:28Z
GEN-01979,Delivered,2026-08-11T02:50:26Z
GEN-01980,Order Created,2026-08-14T17:18:53Z
GEN-01980,Payment Received,2026-08-14T17:32:01Z
GEN-01980,Packed,2026-08-15T01:32:43Z
GEN-01980,Inspected,2026-08-15T02:28:31Z
GEN-01980,Shipped,2026-08-15T05:12:32Z
GEN-01980,Delivered,2026-08-15T11:15:52Z
GEN-01981,Order Created,2026-08-10T19:17:01Z
GEN-01981,Payment Received,2026-08-10T19:31:59Z
GEN-01981,Packed,2026-08-11T03:46:21Z
GEN-01981,Inspected,2026-08-11T04:17:47Z
GEN-01981,Shipped,2026-08-11T06:59:12Z
GEN-01981,Delivered,2026-08-11T09:33:32Z
GEN-01982,Order Created,2026-08-03T18:03:42Z
GEN-01982,Payment Received,2026-08-03T18:08:55Z
GEN-01982,Packed,2026-08-03T22:19:45Z
GEN-01982,Inspected,2026-08-03T23:06:28Z
GEN-01982,Shipped,2026-08-04T00:41:39Z
GEN-01982,Delivered,2026-08-04T01:41:52Z
GEN-01983,Order Created,2026-08-07T19:38:52Z
GEN-01983,Payment Received,2026-08-07T19:57:00Z
GEN-01983,Packed,2026-08-07T23:21:59Z
GEN-01983,Inspected,2026-08-07T23:42:28Z
GEN-01983,Shipped,2026-08-08T03:36:06Z
GEN-01983,Delivered,2026-08-08T05:48:08Z
GEN-01984,Order Created,2026-08-10T15:52:31Z
GEN-01984,Payment Attempt,2026-08-10T16:06:02Z
GEN-01984,Payment Attempt,2026-08-10T16:26:31Z
GEN-01984,Payment Received,2026-08-10T16:40:59Z
GEN-01984,Packed,2026-08-11T07:22:32Z
GEN-01984,Inspected,2026-08-11T07:48:23Z
GEN-01984,Shipped,2026-08-11T09:13:10Z
GEN-01984,Delivered,2026-08-11T12:15:26Z
GEN-01985,Order Created,2026-08-04T13:48:39Z
GEN-01985,Payment Received,2026-08-04T13:56:44Z
GEN-01985,Packed,2026-08-04T22:39:05Z
GEN-01985,Inspected,2026-08-04T23:08:33Z
GEN-01985,Shipped,2026-08-05T01:12:26Z
GEN-01985,Delivered,2026-08-05T03:56:04Z
GEN-01986,Order Created,2026-08-12T13:34:44Z
GEN-01986,Payment Received,2026-08-12T13:41:34Z
GEN-01986,Packed,2026-08-12T19:14:19Z
GEN-01986,Inspected,2026-08-12T20:02:10Z
GEN-01986,Shipped,2026-08-12T21:12:19Z
GEN-01986,Delivered,2026-08-12T23:38:44Z
GEN-01987,Order Created,2026-08-16T15:14:31Z
GEN-01987,Payment Received,2026-08-16T15:16:40Z
GEN-01987,Packed,2026-08-16T20:27:04Z
GEN-01988,Order Created,2026-08-11T14:05:13Z
GEN-01988,Payment Attempt,2026-08-11T14:15:57Z
GEN-01988,Payment Received,2026-08-11T14:18:09Z
GEN-01988,Packed,2026-08-11T21:23:22Z
GEN-01988,Inspected,2026-08-11T22:11:33Z
GEN-01988,Shipped,2026-08-12T01:03:50Z
GEN-01988,Delivered,2026-08-12T03:28:18Z
GEN-01989,Order Created,2026-08-03T19:21:53Z
GEN-01989,Payment Received,2026-08-03T19:34:14Z
GEN-01989,Packed,2026-08-04T08:02:42Z
GEN-01989,Inspected,2026-08-04T08:44:09Z
GEN-01989,Packed,2026-08-04T09:44:59Z
GEN-01989,Inspected,2026-08-04T10:43:53Z
GEN-01989,Shipped,2026-08-04T12:49:07Z
GEN-01989,Delivered,2026-08-04T18:12:29Z
GEN-01990,Order Created,2026-08-12T10:13:44Z
GEN-01990,Payment Received,2026-08-12T10:28:57Z
GEN-01990,Packed,2026-08-12T18:32:55Z
GEN-01990,Inspected,2026-08-12T19:09:56Z
GEN-01990,Shipped,2026-08-12T21:48:43Z
GEN-01990,Delivered,2026-08-13T02:50:30Z
GEN-01991,Order Created,2026-08-05T13:48:38Z
GEN-01991,Payment Received,2026-08-05T13:51:23Z
GEN-01991,Packed,2026-08-05T19:06:51Z
GEN-01991,Inspected,2026-08-05T19:31:43Z
GEN-01991,Shipped,2026-08-05T22:56:45Z
GEN-01991,Delivered,2026-08-06T03:56:17Z
GEN-01992,Order Created,2026-08-10T16:55:09Z
GEN-01992,Payment Received,2026-08-10T17:12:04Z
GEN-01992,Packed,2026-08-10T20:19:43Z
GEN-01992,Inspected,2026-08-10T20:49:43Z
GEN-01992,Shipped,2026-08-11T00:17:49Z
GEN-01992,Delivered,2026-08-11T02:39:12Z
GEN-01993,Order Created,2026-08-10T15:07:51Z
GEN-01993,Payment Received,2026-08-10T15:14:02Z
GEN-01993,Packed,2026-08-10T23:30:14Z
GEN-01993,Inspected,2026-08-10T23:50:45Z
GEN-01993,Shipped,2026-08-11T03:38:42Z
GEN-01994,Order Created,2026-08-15T17:04:11Z
GEN-01994,Payment Received,2026-08-15T17:16:33Z
GEN-01994,Packed,2026-08-15T22:02:27Z
GEN-01994,Inspected,2026-08-15T23:00:51Z
GEN-01994,Shipped,2026-08-16T00:31:27Z
GEN-01994,Delivered,2026-08-16T01:36:48Z
GEN-01995,Order Created,2026-08-14T17:46:41Z
GEN-01995,Payment Received,2026-08-14T18:06:41Z
GEN-01995,Packed,2026-08-15T00:58:47Z
GEN-01996,Order Created,2026-08-07T11:49:59Z
GEN-01996,Payment Received,2026-08-07T12:05:12Z
GEN-01996,Packed,2026-08-07T15:21:22Z
GEN-01996,Inspected,2026-08-07T15:47:17Z
GEN-01996,Shipped,2026-08-07T18:30:33Z
GEN-01996,Delivered,2026-08-07T21:40:07Z
GEN-01997,Order Created,2026-08-08T19:46:43Z
GEN-01997,Payment Received,2026-08-08T19:56:00Z
GEN-01997,Packed,2026-08-09T12:45:49Z
GEN-01997,Inspected,2026-08-09T13:20:00Z
GEN-01997,Shipped,2026-08-09T16:40:20Z
GEN-01997,Delivered,2026-08-09T19:35:34Z
GEN-01998,Order Created,2026-08-06T15:31:27Z
GEN-01998,Payment Received,2026-08-06T15:51:05Z
GEN-01998,Packed,2026-08-06T23:56:59Z
GEN-01999,Order Created,2026-08-07T11:07:14Z
GEN-01999,Payment Received,2026-08-07T11:20:36Z
GEN-01999,Packed,2026-08-07T15:56:07Z
GEN-01999,Inspected,2026-08-07T16:24:10Z
GEN-01999,Shipped,2026-08-07T19:43:17Z
GEN-01999,Delivered,2026-08-07T22:24:16Z
GEN-02000,Order Created,2026-08-09T17:48:26Z
GEN-02000,Payment Received,2026-08-09T18:03:26Z
GEN-02000,Packed,2026-08-10T01:17:04Z
GEN-02000,Inspected,2026-08-10T01:42:45Z
GEN-02000,Shipped,2026-08-10T03:21:41Z
GEN-02000,Delivered,2026-08-10T05:55:15Z
GEN-02001,Order Created,2026-08-06T13:54:51Z
GEN-02001,Payment Received,2026-08-06T14:12:36Z
GEN-02001,Packed,2026-08-06T18:37:45Z
GEN-02001,Inspected,2026-08-06T19:18:09Z
GEN-02001,Packed,2026-08-06T22:15:54Z
GEN-02001,Inspected,2026-08-06T22:53:30Z
GEN-02001,Packed,2026-08-07T00:00:25Z
GEN-02001,Inspected,2026-08-07T00:46:20Z
GEN-02001,Shipped,2026-08-07T04:30:29Z
GEN-02001,Delivered,2026-08-07T06:43:15Z
GEN-02002,Order Created,2026-08-16T16:32:06Z
GEN-02002,Payment Received,2026-08-16T16:50:02Z
GEN-02002,Packed,2026-08-17T03:32:20Z
GEN-02002,Inspected,2026-08-17T04:30:00Z
GEN-02002,Shipped,2026-08-17T06:43:34Z
GEN-02002,Delivered,2026-08-17T11:07:12Z
GEN-02003,Order Created,2026-08-05T11:22:08Z
GEN-02003,Payment Received,2026-08-05T11:30:53Z
GEN-02003,Packed,2026-08-05T18:38:42Z
GEN-02004,Order Created,2026-08-15T15:45:04Z
GEN-02004,Payment Received,2026-08-15T15:58:01Z
GEN-02004,Packed,2026-08-16T00:37:49Z
GEN-02004,Inspected,2026-08-16T01:36:49Z
GEN-02004,Shipped,2026-08-16T04:54:21Z
GEN-02004,Delivered,2026-08-16T08:10:25Z
GEN-02005,Order Created,2026-08-07T14:10:28Z
GEN-02005,Payment Received,2026-08-07T14:23:53Z
GEN-02005,Packed,2026-08-07T20:56:19Z
GEN-02005,Inspected,2026-08-07T21:36:05Z
GEN-02005,Shipped,2026-08-08T01:18:34Z
GEN-02005,Delivered,2026-08-08T04:44:46Z
GEN-02006,Order Created,2026-08-16T18:26:55Z
GEN-02006,Payment Received,2026-08-16T18:42:17Z
GEN-02006,Packed,2026-08-17T17:08:11Z
GEN-02006,Inspected,2026-08-17T17:54:07Z
GEN-02006,Shipped,2026-08-17T20:56:52Z
GEN-02006,Delivered,2026-08-18T00:12:47Z
GEN-02007,Order Created,2026-08-03T08:12:30Z
GEN-02007,Payment Received,2026-08-03T08:28:41Z
GEN-02007,Packed,2026-08-03T18:59:08Z
GEN-02007,Inspected,2026-08-03T19:25:47Z
GEN-02007,Shipped,2026-08-03T21:04:08Z
GEN-02007,Delivered,2026-08-04T01:52:12Z
GEN-02008,Order Created,2026-08-10T10:57:02Z
GEN-02008,Payment Attempt,2026-08-10T11:07:03Z
GEN-02008,Payment Received,2026-08-10T11:14:36Z
GEN-02008,Packed,2026-08-10T15:33:57Z
GEN-02008,Inspected,2026-08-10T16:08:21Z
GEN-02008,Shipped,2026-08-10T18:06:59Z
GEN-02008,Delivered,2026-08-10T19:43:26Z
GEN-02009,Order Created,2026-08-07T18:06:26Z
GEN-02010,Order Created,2026-08-11T15:29:07Z
GEN-02010,Payment Received,2026-08-11T15:40:06Z
GEN-02010,Packed,2026-08-11T23:16:06Z
GEN-02010,Inspected,2026-08-12T00:15:02Z
GEN-02010,Shipped,2026-08-12T02:49:05Z
GEN-02010,Delivered,2026-08-12T05:16:43Z
GEN-02011,Order Created,2026-08-04T09:23:43Z
GEN-02011,Payment Received,2026-08-04T09:36:31Z
GEN-02011,Packed,2026-08-04T22:53:37Z
GEN-02011,Inspected,2026-08-04T23:24:06Z
GEN-02011,Shipped,2026-08-05T01:56:57Z
GEN-02011,Delivered,2026-08-05T04:48:09Z
GEN-02012,Order Created,2026-08-07T16:57:53Z
GEN-02012,Payment Received,2026-08-07T17:09:33Z
GEN-02012,Packed,2026-08-08T00:45:49Z
GEN-02012,Inspected,2026-08-08T01:13:00Z
GEN-02012,Shipped,2026-08-08T04:42:04Z
GEN-02012,Delivered,2026-08-08T07:42:56Z
GEN-02013,Order Created,2026-08-11T10:35:07Z
GEN-02013,Payment Received,2026-08-11T10:48:26Z
GEN-02013,Packed,2026-08-11T14:49:34Z
GEN-02013,Inspected,2026-08-11T15:13:12Z
GEN-02013,Shipped,2026-08-11T16:18:34Z
GEN-02013,Delivered,2026-08-11T18:17:34Z
GEN-02014,Order Created,2026-08-14T09:19:30Z
GEN-02014,Payment Received,2026-08-14T09:34:41Z
GEN-02014,Packed,2026-08-14T16:43:45Z
GEN-02014,Inspected,2026-08-14T17:07:48Z
GEN-02014,Packed,2026-08-14T18:29:49Z
GEN-02014,Inspected,2026-08-14T18:56:23Z
GEN-02014,Packed,2026-08-14T21:55:05Z
GEN-02014,Inspected,2026-08-14T22:26:50Z
GEN-02014,Shipped,2026-08-14T23:36:04Z
GEN-02014,Delivered,2026-08-15T01:44:05Z
GEN-02015,Order Created,2026-08-06T15:12:26Z
GEN-02015,Payment Received,2026-08-06T15:30:45Z
GEN-02015,Packed,2026-08-07T00:21:08Z
GEN-02015,Inspected,2026-08-07T00:54:20Z
GEN-02015,Shipped,2026-08-07T01:55:13Z
GEN-02015,Delivered,2026-08-07T10:09:49Z
GEN-02016,Order Created,2026-08-11T11:02:18Z
GEN-02016,Payment Received,2026-08-11T11:13:42Z
GEN-02016,Packed,2026-08-11T15:56:37Z
GEN-02016,Inspected,2026-08-11T16:18:06Z
GEN-02016,Shipped,2026-08-11T19:59:25Z
GEN-02016,Delivered,2026-08-12T00:23:23Z
GEN-02017,Order Created,2026-08-03T11:27:04Z
GEN-02017,Payment Received,2026-08-03T11:37:07Z
GEN-02017,Packed,2026-08-03T19:45:06Z
GEN-02017,Inspected,2026-08-03T20:24:07Z
GEN-02017,Shipped,2026-08-03T21:52:48Z
GEN-02017,Delivered,2026-08-04T01:06:54Z
GEN-02018,Order Created,2026-08-07T14:45:09Z
GEN-02019,Order Created,2026-08-06T15:49:40Z
GEN-02019,Payment Received,2026-08-06T16:02:57Z
GEN-02019,Packed,2026-08-06T19:41:57Z
GEN-02019,Inspected,2026-08-06T20:14:25Z
GEN-02019,Shipped,2026-08-06T23:06:46Z
GEN-02019,Delivered,2026-08-07T02:29:19Z
GEN-02020,Order Created,2026-08-03T18:57:13Z
GEN-02020,Payment Attempt,2026-08-03T19:04:37Z
GEN-02020,Payment Received,2026-08-03T19:09:04Z
GEN-02020,Packed,2026-08-03T22:54:05Z
GEN-02020,Inspected,2026-08-03T23:39:25Z
GEN-02020,Shipped,2026-08-04T01:15:34Z
GEN-02020,Delivered,2026-08-04T03:41:59Z
GEN-02021,Order Created,2026-08-03T19:13:52Z
GEN-02021,Payment Received,2026-08-03T19:22:51Z
GEN-02021,Packed,2026-08-04T03:11:17Z
GEN-02021,Inspected,2026-08-04T04:03:34Z
GEN-02021,Shipped,2026-08-04T05:17:08Z
GEN-02021,Delivered,2026-08-04T09:24:16Z
GEN-02022,Order Created,2026-08-15T18:40:21Z
GEN-02022,Payment Received,2026-08-15T18:52:57Z
GEN-02022,Packed,2026-08-15T23:15:10Z
GEN-02022,Inspected,2026-08-15T23:40:43Z
GEN-02022,Shipped,2026-08-16T02:43:05Z
GEN-02022,Delivered,2026-08-16T06:08:04Z
GEN-02023,Order Created,2026-08-07T08:10:27Z
GEN-02023,Payment Received,2026-08-07T08:27:45Z
GEN-02023,Packed,2026-08-07T21:33:23Z
GEN-02023,Inspected,2026-08-07T22:10:23Z
GEN-02023,Shipped,2026-08-08T01:03:33Z
GEN-02023,Delivered,2026-08-08T04:48:56Z
GEN-02024,Order Created,2026-08-12T14:58:02Z
GEN-02024,Payment Received,2026-08-12T15:09:45Z
GEN-02024,Packed,2026-08-13T00:42:05Z
GEN-02024,Inspected,2026-08-13T01:41:23Z
GEN-02024,Shipped,2026-08-13T04:28:03Z
GEN-02024,Delivered,2026-08-13T09:18:17Z
GEN-02025,Order Created,2026-08-10T11:23:27Z
GEN-02025,Payment Received,2026-08-10T11:34:12Z
GEN-02025,Packed,2026-08-10T16:16:19Z
GEN-02025,Inspected,2026-08-10T16:44:26Z
GEN-02025,Shipped,2026-08-10T19:30:47Z
GEN-02025,Delivered,2026-08-10T22:58:19Z
GEN-02026,Order Created,2026-08-07T10:19:30Z
GEN-02026,Payment Received,2026-08-07T10:31:00Z
GEN-02026,Packed,2026-08-07T16:36:44Z
GEN-02026,Inspected,2026-08-07T16:59:10Z
GEN-02026,Shipped,2026-08-07T18:02:19Z
GEN-02026,Delivered,2026-08-07T21:11:56Z
GEN-02027,Order Created,2026-08-12T12:52:17Z
GEN-02027,Payment Received,2026-08-12T13:03:31Z
GEN-02027,Packed,2026-08-12T16:56:05Z
GEN-02027,Inspected,2026-08-12T17:27:18Z
GEN-02027,Shipped,2026-08-12T18:33:33Z
GEN-02027,Delivered,2026-08-12T21:34:43Z
GEN-02028,Order Created,2026-08-06T13:38:07Z
GEN-02028,Payment Received,2026-08-06T13:46:00Z
GEN-02028,Packed,2026-08-06T17:17:55Z
GEN-02028,Inspected,2026-08-06T17:46:04Z
GEN-02028,Shipped,2026-08-06T19:11:05Z
GEN-02028,Delivered,2026-08-06T22:49:28Z
GEN-02029,Order Created,2026-08-03T16:14:12Z
GEN-02029,Payment Attempt,2026-08-03T16:30:36Z
GEN-02029,Payment Attempt,2026-08-03T16:48:21Z
GEN-02029,Payment Received,2026-08-03T17:06:53Z
GEN-02029,Packed,2026-08-03T18:50:37Z
GEN-02029,Inspected,2026-08-03T19:34:44Z
GEN-02029,Shipped,2026-08-03T21:59:46Z
GEN-02029,Delivered,2026-08-04T00:24:59Z
GEN-02030,Order Created,2026-08-15T12:40:23Z
GEN-02030,Payment Received,2026-08-15T12:51:21Z
GEN-02030,Packed,2026-08-15T18:00:07Z
GEN-02030,Inspected,2026-08-15T18:27:48Z
GEN-02030,Shipped,2026-08-15T20:14:18Z
GEN-02030,Delivered,2026-08-16T00:05:55Z
GEN-02031,Order Created,2026-08-13T18:58:47Z
GEN-02031,Payment Attempt,2026-08-13T19:05:46Z
GEN-02031,Payment Attempt,2026-08-13T19:21:38Z
GEN-02031,Payment Received,2026-08-13T19:39:18Z
GEN-02031,Packed,2026-08-14T04:34:12Z
GEN-02031,Inspected,2026-08-14T04:56:02Z
GEN-02031,Shipped,2026-08-14T08:11:16Z
GEN-02031,Delivered,2026-08-14T10:50:52Z
GEN-02032,Order Created,2026-08-09T15:31:42Z
GEN-02032,Payment Received,2026-08-09T15:50:34Z
GEN-02032,Packed,2026-08-10T03:25:19Z
GEN-02032,Inspected,2026-08-10T04:10:17Z
GEN-02032,Shipped,2026-08-10T07:37:01Z
GEN-02032,Delivered,2026-08-10T10:45:17Z
GEN-02033,Order Created,2026-08-04T14:47:16Z
GEN-02033,Payment Received,2026-08-04T15:06:53Z
GEN-02033,Packed,2026-08-04T18:32:44Z
GEN-02033,Inspected,2026-08-04T18:54:48Z
GEN-02033,Shipped,2026-08-04T22:00:31Z
GEN-02033,Delivered,2026-08-05T00:43:50Z
GEN-02034,Order Created,2026-08-03T14:52:19Z
GEN-02035,Order Created,2026-08-10T15:29:23Z
GEN-02035,Payment Received,2026-08-10T15:32:53Z
GEN-02035,Packed,2026-08-10T19:40:14Z
GEN-02035,Inspected,2026-08-10T20:11:42Z
GEN-02035,Shipped,2026-08-10T23:19:13Z
GEN-02035,Delivered,2026-08-11T04:51:38Z
GEN-02036,Order Created,2026-08-05T12:12:23Z
GEN-02036,Payment Attempt,2026-08-05T12:21:38Z
GEN-02036,Payment Attempt,2026-08-05T12:35:59Z
GEN-02036,Payment Received,2026-08-05T12:40:38Z
GEN-02036,Packed,2026-08-05T23:01:38Z
GEN-02036,Inspected,2026-08-05T23:56:17Z
GEN-02036,Shipped,2026-08-06T01:04:41Z
GEN-02036,Delivered,2026-08-06T02:34:32Z
GEN-02037,Order Created,2026-08-13T18:24:21Z
GEN-02037,Payment Attempt,2026-08-13T18:37:28Z
GEN-02037,Payment Received,2026-08-13T18:39:36Z
GEN-02037,Packed,2026-08-14T06:41:06Z
GEN-02037,Inspected,2026-08-14T07:07:47Z
GEN-02037,Shipped,2026-08-14T10:22:04Z
GEN-02037,Delivered,2026-08-14T16:34:56Z
GEN-02038,Order Created,2026-08-06T19:44:50Z
GEN-02038,Payment Attempt,2026-08-06T19:57:50Z
GEN-02038,Payment Received,2026-08-06T20:08:43Z
GEN-02038,Packed,2026-08-07T01:54:57Z
GEN-02038,Inspected,2026-08-07T02:38:08Z
GEN-02038,Shipped,2026-08-07T05:48:25Z
GEN-02038,Delivered,2026-08-07T08:11:18Z
GEN-02039,Order Created,2026-08-03T10:15:17Z
GEN-02039,Payment Received,2026-08-03T10:26:44Z
GEN-02039,Packed,2026-08-03T18:27:40Z
GEN-02039,Inspected,2026-08-03T19:12:17Z
GEN-02039,Packed,2026-08-03T21:55:02Z
GEN-02039,Inspected,2026-08-03T22:29:00Z
GEN-02039,Packed,2026-08-04T00:41:15Z
GEN-02039,Inspected,2026-08-04T01:35:01Z
GEN-02039,Shipped,2026-08-04T03:38:48Z
GEN-02039,Delivered,2026-08-04T06:15:34Z
GEN-02040,Order Created,2026-08-06T13:23:39Z
GEN-02040,Payment Attempt,2026-08-06T13:41:37Z
GEN-02040,Payment Attempt,2026-08-06T13:49:18Z
GEN-02040,Payment Received,2026-08-06T13:54:27Z
GEN-02040,Packed,2026-08-06T19:06:15Z
GEN-02040,Inspected,2026-08-06T19:35:18Z
GEN-02040,Shipped,2026-08-06T21:47:10Z
GEN-02040,Delivered,2026-08-07T00:31:55Z
GEN-02041,Order Created,2026-08-06T18:18:15Z
GEN-02041,Payment Received,2026-08-06T18:28:03Z
GEN-02041,Packed,2026-08-06T22:22:34Z
GEN-02041,Inspected,2026-08-06T23:14:22Z
GEN-02041,Shipped,2026-08-07T01:38:53Z
GEN-02041,Delivered,2026-08-07T03:45:52Z
GEN-02042,Order Created,2026-08-06T17:09:01Z
GEN-02042,Payment Received,2026-08-06T17:15:40Z
GEN-02042,Packed,2026-08-06T22:06:03Z
GEN-02042,Inspected,2026-08-06T22:46:30Z
GEN-02042,Shipped,2026-08-07T01:49:58Z
GEN-02042,Delivered,2026-08-07T10:00:29Z
GEN-02043,Order Created,2026-08-16T08:47:46Z
GEN-02043,Payment Received,2026-08-16T08:51:56Z
GEN-02043,Packed,2026-08-16T15:28:38Z
GEN-02043,Inspected,2026-08-16T15:55:05Z
GEN-02043,Shipped,2026-08-16T17:17:31Z
GEN-02043,Delivered,2026-08-16T19:27:06Z
GEN-02044,Order Created,2026-08-06T19:49:51Z
GEN-02044,Payment Received,2026-08-06T20:04:53Z
GEN-02044,Packed,2026-08-06T23:09:47Z
GEN-02044,Inspected,2026-08-06T23:47:36Z
GEN-02044,Shipped,2026-08-07T02:17:10Z
GEN-02044,Delivered,2026-08-07T04:22:30Z
GEN-02045,Order Created,2026-08-04T08:18:49Z
GEN-02045,Payment Received,2026-08-04T08:24:50Z
GEN-02045,Packed,2026-08-04T13:02:03Z
GEN-02045,Inspected,2026-08-04T13:32:07Z
GEN-02045,Shipped,2026-08-04T14:59:15Z
GEN-02045,Delivered,2026-08-04T18:24:54Z
GEN-02046,Order Created,2026-08-13T08:16:39Z
GEN-02046,Payment Received,2026-08-13T08:23:41Z
GEN-02046,Packed,2026-08-13T13:31:50Z
GEN-02046,Inspected,2026-08-13T14:20:39Z
GEN-02046,Shipped,2026-08-13T16:54:47Z
GEN-02046,Delivered,2026-08-13T19:32:18Z
GEN-02047,Order Created,2026-08-13T09:01:57Z
GEN-02047,Payment Received,2026-08-13T09:17:05Z
GEN-02047,Packed,2026-08-13T12:00:51Z
GEN-02047,Inspected,2026-08-13T12:46:43Z
GEN-02047,Shipped,2026-08-13T14:40:01Z
GEN-02047,Delivered,2026-08-13T17:06:00Z
GEN-02048,Order Created,2026-08-08T09:57:43Z
GEN-02048,Payment Attempt,2026-08-08T10:05:30Z
GEN-02048,Payment Attempt,2026-08-08T10:12:45Z
GEN-02048,Payment Received,2026-08-08T10:24:01Z
GEN-02048,Packed,2026-08-08T22:46:01Z
GEN-02048,Inspected,2026-08-08T23:33:11Z
GEN-02048,Packed,2026-08-09T00:49:16Z
GEN-02048,Inspected,2026-08-09T01:36:43Z
GEN-02048,Shipped,2026-08-09T05:26:58Z
GEN-02048,Delivered,2026-08-09T12:05:17Z
GEN-02049,Order Created,2026-08-15T17:36:36Z
GEN-02049,Payment Received,2026-08-15T17:53:51Z
GEN-02049,Packed,2026-08-16T01:21:03Z
GEN-02049,Inspected,2026-08-16T02:00:05Z
GEN-02049,Packed,2026-08-16T03:48:50Z
GEN-02049,Inspected,2026-08-16T04:45:39Z
GEN-02049,Shipped,2026-08-16T05:55:19Z
GEN-02049,Delivered,2026-08-16T10:58:58Z
GEN-02050,Order Created,2026-08-06T11:25:06Z
GEN-02050,Payment Received,2026-08-06T11:35:37Z
GEN-02050,Packed,2026-08-06T18:24:43Z
GEN-02050,Inspected,2026-08-06T19:24:38Z
GEN-02050,Shipped,2026-08-06T22:16:07Z
GEN-02050,Delivered,2026-08-07T03:08:42Z
GEN-02051,Order Created,2026-08-04T12:21:08Z
GEN-02051,Payment Received,2026-08-04T12:38:45Z
GEN-02051,Packed,2026-08-04T17:05:10Z
GEN-02052,Order Created,2026-08-06T15:23:03Z
GEN-02052,Payment Attempt,2026-08-06T15:34:33Z
GEN-02052,Payment Received,2026-08-06T15:40:01Z
GEN-02052,Packed,2026-08-06T21:49:32Z
GEN-02052,Inspected,2026-08-06T22:11:02Z
GEN-02052,Packed,2026-08-07T00:05:02Z
GEN-02052,Inspected,2026-08-07T00:59:29Z
GEN-02052,Shipped,2026-08-07T03:32:24Z
GEN-02052,Delivered,2026-08-07T08:08:44Z
GEN-02053,Order Created,2026-08-03T18:37:10Z
GEN-02053,Payment Received,2026-08-03T18:41:16Z
GEN-02053,Packed,2026-08-04T01:11:02Z
GEN-02053,Inspected,2026-08-04T01:46:44Z
GEN-02053,Packed,2026-08-04T04:29:41Z
GEN-02053,Inspected,2026-08-04T05:09:00Z
GEN-02053,Packed,2026-08-04T06:28:15Z
GEN-02053,Inspected,2026-08-04T07:16:08Z
GEN-02053,Shipped,2026-08-04T10:21:16Z
GEN-02053,Delivered,2026-08-04T14:19:36Z
GEN-02054,Order Created,2026-08-10T08:47:39Z
GEN-02054,Payment Received,2026-08-10T08:50:05Z
GEN-02054,Packed,2026-08-10T20:25:34Z
GEN-02054,Inspected,2026-08-10T21:05:17Z
GEN-02054,Shipped,2026-08-10T23:22:55Z
GEN-02054,Delivered,2026-08-11T02:59:42Z
GEN-02055,Order Created,2026-08-06T12:38:52Z
GEN-02055,Payment Received,2026-08-06T12:50:21Z
GEN-02055,Packed,2026-08-06T19:32:02Z
GEN-02055,Inspected,2026-08-06T19:52:29Z
GEN-02055,Shipped,2026-08-06T23:11:36Z
GEN-02055,Delivered,2026-08-07T03:26:46Z
GEN-02056,Order Created,2026-08-03T11:46:23Z
GEN-02056,Payment Received,2026-08-03T12:01:00Z
GEN-02056,Packed,2026-08-03T20:23:03Z
GEN-02056,Inspected,2026-08-03T20:56:51Z
GEN-02056,Packed,2026-08-03T22:42:22Z
GEN-02056,Inspected,2026-08-03T23:15:48Z
GEN-02056,Packed,2026-08-04T00:43:50Z
GEN-02056,Inspected,2026-08-04T01:25:30Z
GEN-02056,Shipped,2026-08-04T02:28:01Z
GEN-02056,Delivered,2026-08-04T05:10:52Z
GEN-02057,Order Created,2026-08-12T11:18:04Z
GEN-02057,Payment Received,2026-08-12T11:29:19Z
GEN-02057,Packed,2026-08-12T19:09:12Z
GEN-02057,Inspected,2026-08-12T20:04:00Z
GEN-02057,Packed,2026-08-12T22:41:50Z
GEN-02057,Inspected,2026-08-12T23:40:03Z
GEN-02057,Packed,2026-08-13T01:19:57Z
GEN-02057,Inspected,2026-08-13T01:56:26Z
GEN-02057,Shipped,2026-08-13T05:14:44Z
GEN-02057,Delivered,2026-08-13T11:23:44Z
GEN-02058,Order Created,2026-08-09T15:38:14Z
GEN-02058,Payment Received,2026-08-09T15:42:32Z
GEN-02058,Packed,2026-08-10T01:05:38Z
GEN-02058,Inspected,2026-08-10T01:53:54Z
GEN-02058,Packed,2026-08-10T04:19:43Z
GEN-02058,Inspected,2026-08-10T04:59:38Z
GEN-02058,Shipped,2026-08-10T06:52:56Z
GEN-02058,Delivered,2026-08-10T08:45:13Z
GEN-02059,Order Created,2026-08-13T12:09:51Z
GEN-02059,Payment Attempt,2026-08-13T12:28:48Z
GEN-02059,Payment Received,2026-08-13T12:40:24Z
GEN-02059,Packed,2026-08-13T16:54:35Z
GEN-02059,Inspected,2026-08-13T17:24:40Z
GEN-02059,Shipped,2026-08-13T19:40:51Z
GEN-02059,Delivered,2026-08-13T22:05:50Z
GEN-02060,Order Created,2026-08-07T14:02:37Z
GEN-02060,Payment Received,2026-08-07T14:09:01Z
GEN-02060,Packed,2026-08-07T17:38:23Z
GEN-02060,Inspected,2026-08-07T18:07:13Z
GEN-02060,Shipped,2026-08-07T20:30:48Z
GEN-02060,Delivered,2026-08-07T21:55:26Z
GEN-02061,Order Created,2026-08-06T19:42:46Z
GEN-02061,Payment Received,2026-08-06T19:55:02Z
GEN-02061,Packed,2026-08-06T23:46:00Z
GEN-02061,Inspected,2026-08-07T00:26:32Z
GEN-02061,Shipped,2026-08-07T01:57:58Z
GEN-02061,Delivered,2026-08-07T04:01:50Z
GEN-02062,Order Created,2026-08-13T14:28:49Z
GEN-02062,Payment Received,2026-08-13T14:43:54Z
GEN-02062,Packed,2026-08-13T19:13:51Z
GEN-02062,Inspected,2026-08-13T19:53:00Z
GEN-02062,Packed,2026-08-13T21:06:11Z
GEN-02062,Inspected,2026-08-13T21:28:52Z
GEN-02062,Shipped,2026-08-14T01:11:20Z
GEN-02062,Delivered,2026-08-14T04:54:07Z
GEN-02063,Order Created,2026-08-11T09:57:00Z
GEN-02063,Payment Received,2026-08-11T10:06:31Z
GEN-02063,Packed,2026-08-11T19:54:50Z
GEN-02063,Inspected,2026-08-11T20:45:44Z
GEN-02063,Packed,2026-08-11T23:23:26Z
GEN-02063,Inspected,2026-08-11T23:48:43Z
GEN-02063,Packed,2026-08-12T02:21:37Z
GEN-02063,Inspected,2026-08-12T02:59:35Z
GEN-02063,Packed,2026-08-12T05:11:48Z
GEN-02063,Inspected,2026-08-12T05:35:52Z
GEN-02063,Shipped,2026-08-12T07:56:33Z
GEN-02063,Delivered,2026-08-12T10:42:11Z
GEN-02064,Order Created,2026-08-10T19:05:22Z
GEN-02064,Payment Received,2026-08-10T19:09:06Z
GEN-02064,Packed,2026-08-11T02:32:26Z
GEN-02064,Inspected,2026-08-11T03:23:06Z
GEN-02064,Shipped,2026-08-11T06:57:19Z
GEN-02064,Delivered,2026-08-11T10:30:10Z
GEN-02065,Order Created,2026-08-04T12:40:32Z
GEN-02065,Payment Attempt,2026-08-04T13:00:58Z
GEN-02065,Payment Received,2026-08-04T13:03:38Z
GEN-02065,Packed,2026-08-04T23:00:23Z
GEN-02065,Inspected,2026-08-04T23:24:58Z
GEN-02065,Shipped,2026-08-05T00:45:01Z
GEN-02065,Delivered,2026-08-05T06:08:05Z
GEN-02066,Order Created,2026-08-12T09:24:09Z
GEN-02066,Payment Received,2026-08-12T09:31:56Z
GEN-02066,Packed,2026-08-12T12:46:50Z
GEN-02066,Inspected,2026-08-12T13:33:34Z
GEN-02066,Shipped,2026-08-12T16:09:20Z
GEN-02066,Delivered,2026-08-12T21:48:48Z
GEN-02067,Order Created,2026-08-07T19:56:24Z
GEN-02067,Payment Received,2026-08-07T20:11:48Z
GEN-02067,Packed,2026-08-08T00:13:21Z
GEN-02067,Inspected,2026-08-08T00:43:16Z
GEN-02067,Shipped,2026-08-08T04:27:15Z
GEN-02067,Delivered,2026-08-08T07:05:57Z
GEN-02068,Order Created,2026-08-16T17:04:58Z
GEN-02068,Payment Attempt,2026-08-16T17:25:15Z
GEN-02068,Payment Received,2026-08-16T17:28:48Z
GEN-02068,Packed,2026-08-17T03:45:42Z
GEN-02069,Order Created,2026-08-14T18:06:11Z
GEN-02069,Payment Attempt,2026-08-14T18:17:17Z
GEN-02069,Payment Attempt,2026-08-14T18:25:42Z
GEN-02069,Payment Received,2026-08-14T18:45:22Z
GEN-02069,Packed,2026-08-15T00:40:45Z
GEN-02069,Inspected,2026-08-15T01:03:25Z
GEN-02069,Shipped,2026-08-15T03:32:52Z
GEN-02069,Delivered,2026-08-15T07:09:20Z
GEN-02070,Order Created,2026-08-10T14:05:35Z
GEN-02070,Payment Received,2026-08-10T14:10:53Z
GEN-02070,Packed,2026-08-11T05:43:05Z
GEN-02070,Inspected,2026-08-11T06:07:12Z
GEN-02070,Shipped,2026-08-11T07:34:05Z
GEN-02070,Delivered,2026-08-11T10:06:08Z
GEN-02071,Order Created,2026-08-13T17:42:11Z
GEN-02071,Payment Attempt,2026-08-13T17:52:49Z
GEN-02071,Payment Received,2026-08-13T18:07:04Z
GEN-02071,Packed,2026-08-13T21:09:05Z
GEN-02071,Inspected,2026-08-13T22:02:26Z
GEN-02071,Shipped,2026-08-14T01:56:08Z
GEN-02071,Delivered,2026-08-14T04:48:27Z
GEN-02072,Order Created,2026-08-06T19:14:12Z
GEN-02072,Payment Received,2026-08-06T19:27:27Z
GEN-02072,Packed,2026-08-07T04:20:06Z
GEN-02072,Inspected,2026-08-07T05:02:15Z
GEN-02072,Shipped,2026-08-07T06:31:59Z
GEN-02072,Delivered,2026-08-07T10:22:34Z
GEN-02073,Order Created,2026-08-14T13:53:03Z
GEN-02073,Payment Received,2026-08-14T13:56:21Z
GEN-02073,Packed,2026-08-14T17:11:47Z
GEN-02073,Inspected,2026-08-14T18:01:03Z
GEN-02073,Packed,2026-08-14T20:58:55Z
GEN-02073,Inspected,2026-08-14T21:35:10Z
GEN-02073,Packed,2026-08-14T23:02:09Z
GEN-02073,Inspected,2026-08-14T23:48:17Z
GEN-02073,Shipped,2026-08-15T03:20:25Z
GEN-02073,Delivered,2026-08-15T05:42:26Z
GEN-02074,Order Created,2026-08-12T18:00:57Z
GEN-02074,Payment Received,2026-08-12T18:08:38Z
GEN-02074,Packed,2026-08-12T21:15:27Z
GEN-02074,Inspected,2026-08-12T21:53:34Z
GEN-02074,Shipped,2026-08-13T01:00:46Z
GEN-02074,Delivered,2026-08-13T02:48:19Z
GEN-02075,Order Created,2026-08-11T14:28:46Z
GEN-02075,Payment Attempt,2026-08-11T14:40:49Z
GEN-02075,Payment Attempt,2026-08-11T14:50:42Z
GEN-02075,Payment Received,2026-08-11T14:57:40Z
GEN-02075,Packed,2026-08-11T23:14:30Z
GEN-02075,Inspected,2026-08-11T23:39:14Z
GEN-02075,Shipped,2026-08-12T03:08:52Z
GEN-02075,Delivered,2026-08-12T05:54:20Z
GEN-02076,Order Created,2026-08-03T16:58:18Z
GEN-02076,Payment Attempt,2026-08-03T17:18:58Z
GEN-02076,Payment Received,2026-08-03T17:35:43Z
GEN-02076,Packed,2026-08-04T00:32:22Z
GEN-02076,Inspected,2026-08-04T01:26:32Z
GEN-02076,Shipped,2026-08-04T04:42:11Z
GEN-02076,Delivered,2026-08-04T07:31:44Z
GEN-02077,Order Created,2026-08-10T17:23:43Z
GEN-02077,Payment Received,2026-08-10T17:42:08Z
GEN-02077,Packed,2026-08-11T04:22:21Z
GEN-02078,Order Created,2026-08-13T08:13:55Z
GEN-02078,Payment Received,2026-08-13T08:24:37Z
GEN-02078,Packed,2026-08-14T03:12:10Z
GEN-02078,Inspected,2026-08-14T03:48:28Z
GEN-02078,Shipped,2026-08-14T05:41:34Z
GEN-02078,Delivered,2026-08-14T08:52:39Z
GEN-02079,Order Created,2026-08-11T15:01:26Z
GEN-02079,Payment Received,2026-08-11T15:08:26Z
GEN-02079,Packed,2026-08-12T04:22:38Z
GEN-02079,Inspected,2026-08-12T04:46:53Z
GEN-02079,Shipped,2026-08-12T06:55:01Z
GEN-02079,Delivered,2026-08-12T09:38:04Z
GEN-02080,Order Created,2026-08-03T12:52:18Z
GEN-02080,Payment Attempt,2026-08-03T13:16:09Z
GEN-02080,Payment Attempt,2026-08-03T13:26:56Z
GEN-02080,Payment Received,2026-08-03T13:41:52Z
GEN-02080,Packed,2026-08-03T16:11:32Z
GEN-02080,Inspected,2026-08-03T17:07:32Z
GEN-02080,Packed,2026-08-03T18:29:17Z
GEN-02080,Inspected,2026-08-03T18:56:51Z
GEN-02080,Shipped,2026-08-03T22:23:23Z
GEN-02080,Delivered,2026-08-04T00:46:38Z
GEN-02081,Order Created,2026-08-04T17:44:32Z
GEN-02081,Payment Received,2026-08-04T17:46:38Z
GEN-02081,Packed,2026-08-04T21:36:38Z
GEN-02081,Inspected,2026-08-04T22:23:30Z
GEN-02081,Shipped,2026-08-04T23:30:10Z
GEN-02081,Delivered,2026-08-05T01:24:38Z
GEN-02082,Order Created,2026-08-04T10:55:50Z
GEN-02082,Payment Received,2026-08-04T11:01:22Z
GEN-02082,Packed,2026-08-04T21:08:59Z
GEN-02083,Order Created,2026-08-04T14:50:27Z
GEN-02083,Payment Received,2026-08-04T14:58:20Z
GEN-02083,Packed,2026-08-04T17:36:22Z
GEN-02083,Inspected,2026-08-04T18:07:45Z
GEN-02083,Shipped,2026-08-04T20:37:34Z
GEN-02083,Delivered,2026-08-05T00:29:24Z
GEN-02084,Order Created,2026-08-11T15:55:48Z
GEN-02084,Payment Attempt,2026-08-11T16:08:26Z
GEN-02084,Payment Attempt,2026-08-11T16:27:19Z
GEN-02084,Payment Received,2026-08-11T16:29:29Z
GEN-02084,Packed,2026-08-11T18:24:28Z
GEN-02084,Inspected,2026-08-11T19:05:17Z
GEN-02084,Shipped,2026-08-11T20:25:16Z
GEN-02084,Delivered,2026-08-11T22:45:55Z
GEN-02085,Order Created,2026-08-03T10:55:17Z
GEN-02085,Payment Attempt,2026-08-03T11:04:59Z
GEN-02085,Payment Received,2026-08-03T11:23:10Z
GEN-02085,Packed,2026-08-03T17:30:07Z
GEN-02085,Inspected,2026-08-03T18:13:19Z
GEN-02085,Shipped,2026-08-03T19:16:45Z
GEN-02085,Delivered,2026-08-03T22:39:49Z
GEN-02086,Order Created,2026-08-10T18:51:16Z
GEN-02086,Payment Received,2026-08-10T18:59:13Z
GEN-02086,Packed,2026-08-11T00:28:05Z
GEN-02086,Inspected,2026-08-11T00:52:12Z
GEN-02086,Shipped,2026-08-11T02:59:16Z
GEN-02087,Order Created,2026-08-12T14:07:46Z
GEN-02087,Payment Received,2026-08-12T14:10:14Z
GEN-02087,Packed,2026-08-12T18:44:29Z
GEN-02087,Inspected,2026-08-12T19:28:00Z
GEN-02087,Shipped,2026-08-12T22:31:03Z
GEN-02087,Delivered,2026-08-13T01:25:01Z
GEN-02088,Order Created,2026-08-09T12:44:37Z
GEN-02088,Payment Received,2026-08-09T12:56:40Z
GEN-02088,Packed,2026-08-09T20:44:11Z
GEN-02088,Inspected,2026-08-09T21:22:29Z
GEN-02088,Shipped,2026-08-09T23:29:15Z
GEN-02089,Order Created,2026-08-05T16:49:11Z
GEN-02089,Payment Received,2026-08-05T17:00:53Z
GEN-02089,Packed,2026-08-05T21:14:02Z
GEN-02089,Inspected,2026-08-05T21:59:45Z
GEN-02089,Shipped,2026-08-06T00:22:04Z
GEN-02089,Delivered,2026-08-06T02:47:24Z
GEN-02090,Order Created,2026-08-07T17:38:30Z
GEN-02090,Payment Received,2026-08-07T17:49:47Z
GEN-02090,Packed,2026-08-07T23:11:29Z
GEN-02090,Inspected,2026-08-08T00:01:16Z
GEN-02090,Shipped,2026-08-08T01:05:04Z
GEN-02090,Delivered,2026-08-08T03:15:36Z
GEN-02091,Order Created,2026-08-14T19:02:02Z
GEN-02091,Payment Received,2026-08-14T19:05:08Z
GEN-02091,Packed,2026-08-15T04:12:30Z
GEN-02091,Inspected,2026-08-15T04:54:10Z
GEN-02091,Shipped,2026-08-15T08:43:40Z
GEN-02091,Delivered,2026-08-15T11:05:49Z
GEN-02092,Order Created,2026-08-06T14:21:28Z
GEN-02092,Payment Received,2026-08-06T14:31:14Z
GEN-02092,Packed,2026-08-06T21:08:43Z
GEN-02092,Inspected,2026-08-06T21:57:41Z
GEN-02092,Shipped,2026-08-06T23:42:37Z
GEN-02092,Delivered,2026-08-07T03:39:00Z
GEN-02093,Order Created,2026-08-03T13:37:12Z
GEN-02093,Payment Received,2026-08-03T13:47:24Z
GEN-02093,Packed,2026-08-03T15:41:57Z
GEN-02093,Inspected,2026-08-03T16:03:26Z
GEN-02093,Shipped,2026-08-03T18:33:09Z
GEN-02093,Delivered,2026-08-03T21:40:41Z
GEN-02094,Order Created,2026-08-09T15:22:50Z
GEN-02094,Payment Received,2026-08-09T15:30:56Z
GEN-02094,Packed,2026-08-09T20:11:09Z
GEN-02094,Inspected,2026-08-09T20:49:57Z
GEN-02094,Packed,2026-08-09T22:51:16Z
GEN-02094,Inspected,2026-08-09T23:11:33Z
GEN-02094,Packed,2026-08-10T01:15:59Z
GEN-02094,Inspected,2026-08-10T02:11:43Z
GEN-02094,Packed,2026-08-10T03:15:29Z
GEN-02094,Inspected,2026-08-10T03:51:48Z
GEN-02094,Shipped,2026-08-10T05:08:13Z
GEN-02094,Delivered,2026-08-10T09:37:35Z
GEN-02095,Order Created,2026-08-04T19:18:50Z
GEN-02095,Payment Received,2026-08-04T19:24:04Z
GEN-02095,Packed,2026-08-05T00:54:29Z
GEN-02095,Inspected,2026-08-05T01:22:41Z
GEN-02095,Shipped,2026-08-05T04:25:53Z
GEN-02095,Delivered,2026-08-05T07:25:55Z
GEN-02096,Order Created,2026-08-12T15:11:46Z
GEN-02096,Payment Received,2026-08-12T15:25:28Z
GEN-02096,Packed,2026-08-12T18:33:39Z
GEN-02097,Order Created,2026-08-07T08:03:08Z
GEN-02097,Payment Received,2026-08-07T08:08:44Z
GEN-02097,Packed,2026-08-07T14:59:54Z
GEN-02097,Inspected,2026-08-07T15:49:05Z
GEN-02097,Shipped,2026-08-07T19:07:30Z
GEN-02097,Delivered,2026-08-07T21:57:42Z
GEN-02098,Order Created,2026-08-15T10:41:57Z
GEN-02098,Payment Received,2026-08-15T10:57:30Z
GEN-02098,Packed,2026-08-15T21:10:40Z
GEN-02098,Inspected,2026-08-15T22:07:49Z
GEN-02098,Shipped,2026-08-15T23:31:16Z
GEN-02098,Delivered,2026-08-16T01:11:12Z
GEN-02099,Order Created,2026-08-14T12:19:23Z
GEN-02099,Payment Attempt,2026-08-14T12:25:43Z
GEN-02099,Payment Attempt,2026-08-14T12:29:49Z
GEN-02099,Payment Received,2026-08-14T12:35:12Z
GEN-02099,Packed,2026-08-14T21:47:21Z
GEN-02099,Inspected,2026-08-14T22:40:55Z
GEN-02099,Packed,2026-08-15T01:06:23Z
GEN-02099,Inspected,2026-08-15T02:02:34Z
GEN-02099,Shipped,2026-08-15T04:23:38Z
GEN-02099,Delivered,2026-08-15T08:17:59Z
GEN-02100,Order Created,2026-08-04T11:37:10Z
GEN-02100,Payment Received,2026-08-04T11:42:20Z
GEN-02100,Packed,2026-08-04T15:17:58Z
GEN-02100,Inspected,2026-08-04T15:40:37Z
GEN-02100,Packed,2026-08-04T17:53:13Z
GEN-02100,Inspected,2026-08-04T18:38:57Z
GEN-02100,Shipped,2026-08-04T20:46:01Z
GEN-02100,Delivered,2026-08-05T00:19:26Z
GEN-02101,Order Created,2026-08-08T16:42:28Z
GEN-02101,Payment Received,2026-08-08T16:58:42Z
GEN-02101,Packed,2026-08-09T04:30:55Z
GEN-02101,Inspected,2026-08-09T04:57:51Z
GEN-02101,Shipped,2026-08-09T08:57:24Z
GEN-02101,Delivered,2026-08-09T12:08:47Z
GEN-02102,Order Created,2026-08-05T19:36:07Z
GEN-02102,Payment Received,2026-08-05T19:45:53Z
GEN-02102,Packed,2026-08-05T22:07:03Z
GEN-02102,Inspected,2026-08-05T22:50:49Z
GEN-02102,Packed,2026-08-06T01:10:39Z
GEN-02102,Inspected,2026-08-06T01:46:20Z
GEN-02102,Shipped,2026-08-06T04:45:26Z
GEN-02102,Delivered,2026-08-06T06:40:17Z
GEN-02103,Order Created,2026-08-06T16:59:02Z
GEN-02103,Payment Received,2026-08-06T17:15:36Z
GEN-02103,Packed,2026-08-06T21:03:58Z
GEN-02104,Order Created,2026-08-14T11:28:26Z
GEN-02104,Payment Received,2026-08-14T11:40:12Z
GEN-02104,Packed,2026-08-14T21:51:18Z
GEN-02104,Inspected,2026-08-14T22:40:29Z
GEN-02104,Shipped,2026-08-15T02:33:41Z
GEN-02104,Delivered,2026-08-15T06:32:04Z
GEN-02105,Order Created,2026-08-11T10:12:06Z
GEN-02105,Payment Attempt,2026-08-11T10:16:29Z
GEN-02105,Payment Received,2026-08-11T10:29:16Z
GEN-02105,Packed,2026-08-11T17:10:45Z
GEN-02105,Inspected,2026-08-11T17:31:11Z
GEN-02105,Shipped,2026-08-11T18:47:08Z
GEN-02105,Delivered,2026-08-11T20:53:27Z
GEN-02106,Order Created,2026-08-10T08:29:35Z
GEN-02106,Payment Received,2026-08-10T08:49:06Z
GEN-02106,Packed,2026-08-10T17:17:20Z
GEN-02106,Inspected,2026-08-10T17:41:17Z
GEN-02106,Shipped,2026-08-10T20:11:06Z
GEN-02106,Delivered,2026-08-10T22:33:24Z
GEN-02107,Order Created,2026-08-05T09:49:55Z
GEN-02107,Payment Received,2026-08-05T10:08:15Z
GEN-02107,Packed,2026-08-05T17:35:42Z
GEN-02107,Inspected,2026-08-05T18:02:06Z
GEN-02107,Packed,2026-08-05T20:28:12Z
GEN-02107,Inspected,2026-08-05T21:09:24Z
GEN-02107,Packed,2026-08-05T22:31:10Z
GEN-02107,Inspected,2026-08-05T23:23:37Z
GEN-02107,Shipped,2026-08-06T01:16:06Z
GEN-02107,Delivered,2026-08-06T05:32:53Z
GEN-02108,Order Created,2026-08-03T18:41:12Z
GEN-02108,Payment Received,2026-08-03T18:50:16Z
GEN-02108,Packed,2026-08-04T00:16:12Z
GEN-02108,Inspected,2026-08-04T00:48:39Z
GEN-02108,Shipped,2026-08-04T03:29:32Z
GEN-02108,Delivered,2026-08-04T05:31:57Z
GEN-02109,Order Created,2026-08-03T10:42:06Z
GEN-02109,Payment Received,2026-08-03T10:55:55Z
GEN-02109,Packed,2026-08-03T21:49:33Z
GEN-02109,Inspected,2026-08-03T22:35:25Z
GEN-02109,Packed,2026-08-04T00:17:31Z
GEN-02109,Inspected,2026-08-04T00:44:25Z
GEN-02109,Shipped,2026-08-04T02:52:12Z
GEN-02109,Delivered,2026-08-04T05:36:48Z
GEN-02110,Order Created,2026-08-07T16:03:20Z
GEN-02110,Payment Received,2026-08-07T16:14:03Z
GEN-02110,Packed,2026-08-07T22:31:05Z
GEN-02110,Inspected,2026-08-07T23:00:21Z
GEN-02110,Shipped,2026-08-08T01:23:34Z
GEN-02110,Delivered,2026-08-08T03:55:34Z
GEN-02111,Order Created,2026-08-13T12:50:07Z
GEN-02111,Payment Received,2026-08-13T13:04:53Z
GEN-02111,Packed,2026-08-13T21:49:54Z
GEN-02111,Inspected,2026-08-13T22:42:57Z
GEN-02111,Shipped,2026-08-14T00:07:31Z
GEN-02111,Delivered,2026-08-14T02:48:58Z
GEN-02112,Order Created,2026-08-04T15:13:43Z
GEN-02112,Payment Attempt,2026-08-04T15:31:06Z
GEN-02112,Payment Attempt,2026-08-04T15:49:14Z
GEN-02112,Payment Received,2026-08-04T15:57:13Z
GEN-02112,Packed,2026-08-04T20:28:42Z
GEN-02112,Inspected,2026-08-04T21:14:26Z
GEN-02112,Shipped,2026-08-04T23:41:14Z
GEN-02112,Delivered,2026-08-05T04:42:26Z
GEN-02113,Order Created,2026-08-03T19:14:27Z
GEN-02113,Payment Received,2026-08-03T19:20:11Z
GEN-02113,Packed,2026-08-03T21:27:34Z
GEN-02113,Inspected,2026-08-03T22:18:29Z
GEN-02113,Shipped,2026-08-04T01:09:14Z
GEN-02113,Delivered,2026-08-04T06:46:22Z
GEN-02114,Order Created,2026-08-06T15:47:21Z
GEN-02114,Payment Attempt,2026-08-06T15:56:38Z
GEN-02114,Payment Received,2026-08-06T16:06:33Z
GEN-02114,Packed,2026-08-06T20:21:37Z
GEN-02114,Inspected,2026-08-06T20:42:07Z
GEN-02114,Packed,2026-08-06T22:19:27Z
GEN-02114,Inspected,2026-08-06T22:57:16Z
GEN-02114,Packed,2026-08-07T00:21:58Z
GEN-02114,Inspected,2026-08-07T01:00:24Z
GEN-02114,Packed,2026-08-07T03:00:57Z
GEN-02114,Inspected,2026-08-07T03:50:31Z
GEN-02114,Shipped,2026-08-07T06:25:36Z
GEN-02114,Delivered,2026-08-07T11:06:39Z
GEN-02115,Order Created,2026-08-13T09:39:58Z
GEN-02115,Payment Received,2026-08-13T09:59:17Z
GEN-02115,Packed,2026-08-13T14:09:11Z
GEN-02115,Inspected,2026-08-13T14:31:50Z
GEN-02115,Shipped,2026-08-13T16:46:59Z
GEN-02115,Delivered,2026-08-13T20:35:41Z
GEN-02116,Order Created,2026-08-11T16:24:06Z
GEN-02116,Payment Received,2026-08-11T16:36:59Z
GEN-02116,Packed,2026-08-11T20:44:34Z
GEN-02116,Inspected,2026-08-11T21:29:40Z
GEN-02116,Shipped,2026-08-11T22:30:42Z
GEN-02116,Delivered,2026-08-12T01:53:28Z
GEN-02117,Order Created,2026-08-13T18:26:24Z
GEN-02117,Payment Received,2026-08-13T18:34:44Z
GEN-02117,Packed,2026-08-13T22:28:21Z
GEN-02118,Order Created,2026-08-07T14:31:09Z
GEN-02118,Payment Received,2026-08-07T14:37:17Z
GEN-02118,Packed,2026-08-08T00:35:32Z
GEN-02118,Inspected,2026-08-08T01:08:36Z
GEN-02118,Shipped,2026-08-08T02:48:39Z
GEN-02118,Delivered,2026-08-08T05:32:57Z
GEN-02119,Order Created,2026-08-10T18:23:42Z
GEN-02119,Payment Received,2026-08-10T18:27:55Z
GEN-02119,Packed,2026-08-10T23:31:47Z
GEN-02119,Inspected,2026-08-11T00:02:49Z
GEN-02119,Shipped,2026-08-11T03:47:13Z
GEN-02119,Delivered,2026-08-11T06:01:26Z
GEN-02120,Order Created,2026-08-16T15:04:04Z
GEN-02120,Payment Received,2026-08-16T15:08:02Z
GEN-02120,Packed,2026-08-16T21:16:18Z
GEN-02120,Inspected,2026-08-16T21:54:29Z
GEN-02120,Shipped,2026-08-17T00:58:06Z
GEN-02120,Delivered,2026-08-17T05:43:14Z
GEN-02121,Order Created,2026-08-16T09:38:23Z
GEN-02121,Payment Received,2026-08-16T09:42:16Z
GEN-02121,Packed,2026-08-17T14:08:15Z
GEN-02121,Inspected,2026-08-17T14:39:39Z
GEN-02121,Shipped,2026-08-17T16:58:42Z
GEN-02121,Delivered,2026-08-17T21:29:04Z
GEN-02122,Order Created,2026-08-06T14:44:37Z
GEN-02122,Payment Received,2026-08-06T14:51:33Z
GEN-02122,Packed,2026-08-06T20:10:41Z
GEN-02122,Inspected,2026-08-06T20:39:54Z
GEN-02122,Shipped,2026-08-06T23:15:18Z
GEN-02122,Delivered,2026-08-07T00:56:27Z
GEN-02123,Order Created,2026-08-11T18:29:01Z
GEN-02123,Payment Attempt,2026-08-11T18:53:10Z
GEN-02123,Payment Received,2026-08-11T19:08:03Z
GEN-02123,Packed,2026-08-12T08:26:59Z
GEN-02123,Inspected,2026-08-12T08:50:51Z
GEN-02123,Shipped,2026-08-12T10:24:23Z
GEN-02123,Delivered,2026-08-12T15:04:05Z
GEN-02124,Order Created,2026-08-03T08:39:52Z
GEN-02124,Payment Received,2026-08-03T08:46:55Z
GEN-02124,Packed,2026-08-03T16:26:15Z
GEN-02124,Inspected,2026-08-03T16:47:17Z
GEN-02124,Shipped,2026-08-03T20:27:59Z
GEN-02124,Delivered,2026-08-03T22:40:10Z
GEN-02125,Order Created,2026-08-06T13:06:06Z
GEN-02125,Payment Received,2026-08-06T13:15:01Z
GEN-02125,Packed,2026-08-06T17:51:23Z
GEN-02125,Inspected,2026-08-06T18:36:06Z
GEN-02125,Shipped,2026-08-06T22:01:32Z
GEN-02125,Delivered,2026-08-07T03:03:56Z
GEN-02126,Order Created,2026-08-14T19:01:37Z
GEN-02126,Payment Received,2026-08-14T19:10:53Z
GEN-02126,Packed,2026-08-15T07:52:57Z
GEN-02126,Inspected,2026-08-15T08:19:49Z
GEN-02126,Shipped,2026-08-15T10:46:51Z
GEN-02126,Delivered,2026-08-15T15:33:55Z
GEN-02127,Order Created,2026-08-12T14:36:06Z
GEN-02127,Payment Received,2026-08-12T14:43:43Z
GEN-02127,Packed,2026-08-12T22:56:17Z
GEN-02127,Inspected,2026-08-12T23:29:35Z
GEN-02127,Shipped,2026-08-13T01:17:38Z
GEN-02127,Delivered,2026-08-13T04:11:58Z
GEN-02128,Order Created,2026-08-10T17:22:08Z
GEN-02128,Payment Received,2026-08-10T17:40:25Z
GEN-02128,Packed,2026-08-10T21:28:55Z
GEN-02128,Inspected,2026-08-10T22:23:47Z
GEN-02128,Packed,2026-08-10T23:34:02Z
GEN-02128,Inspected,2026-08-10T23:57:31Z
GEN-02128,Shipped,2026-08-11T02:32:20Z
GEN-02128,Delivered,2026-08-11T07:18:26Z
GEN-02129,Order Created,2026-08-10T19:48:48Z
GEN-02129,Payment Received,2026-08-10T19:53:48Z
GEN-02129,Packed,2026-08-11T04:27:59Z
GEN-02129,Inspected,2026-08-11T04:53:27Z
GEN-02129,Shipped,2026-08-11T08:20:19Z
GEN-02129,Delivered,2026-08-11T11:18:08Z
GEN-02130,Order Created,2026-08-05T19:57:10Z
GEN-02130,Payment Received,2026-08-05T20:10:43Z
GEN-02130,Packed,2026-08-06T01:00:16Z
GEN-02130,Inspected,2026-08-06T01:46:51Z
GEN-02130,Shipped,2026-08-06T03:35:26Z
GEN-02130,Delivered,2026-08-06T07:37:51Z
GEN-02131,Order Created,2026-08-06T10:51:56Z
GEN-02131,Payment Attempt,2026-08-06T11:16:41Z
GEN-02131,Payment Attempt,2026-08-06T11:41:00Z
GEN-02131,Payment Received,2026-08-06T11:50:57Z
GEN-02131,Packed,2026-08-06T16:40:50Z
GEN-02131,Inspected,2026-08-06T17:17:59Z
GEN-02131,Packed,2026-08-06T20:05:53Z
GEN-02131,Inspected,2026-08-06T21:03:32Z
GEN-02131,Shipped,2026-08-07T00:57:16Z
GEN-02131,Delivered,2026-08-07T02:12:46Z
GEN-02132,Order Created,2026-08-12T15:52:22Z
GEN-02132,Payment Received,2026-08-12T16:04:05Z
GEN-02132,Packed,2026-08-13T02:56:15Z
GEN-02132,Inspected,2026-08-13T03:32:16Z
GEN-02132,Shipped,2026-08-13T05:43:54Z
GEN-02132,Delivered,2026-08-13T09:44:03Z
GEN-02133,Order Created,2026-08-05T11:13:13Z
GEN-02133,Payment Received,2026-08-05T11:20:29Z
GEN-02133,Packed,2026-08-05T20:20:35Z
GEN-02133,Inspected,2026-08-05T21:18:28Z
GEN-02133,Shipped,2026-08-05T22:38:23Z
GEN-02133,Delivered,2026-08-06T00:55:06Z
GEN-02134,Order Created,2026-08-14T15:53:31Z
GEN-02134,Payment Received,2026-08-14T16:06:22Z
GEN-02134,Packed,2026-08-14T18:51:17Z
GEN-02134,Inspected,2026-08-14T19:35:25Z
GEN-02134,Shipped,2026-08-14T22:41:08Z
GEN-02135,Order Created,2026-08-10T15:06:49Z
GEN-02135,Payment Received,2026-08-10T15:22:59Z
GEN-02135,Packed,2026-08-10T20:22:05Z
GEN-02135,Inspected,2026-08-10T20:49:14Z
GEN-02135,Packed,2026-08-10T23:33:43Z
GEN-02135,Inspected,2026-08-11T00:13:21Z
GEN-02135,Shipped,2026-08-11T02:07:12Z
GEN-02135,Delivered,2026-08-11T07:05:57Z
GEN-02136,Order Created,2026-08-12T17:42:37Z
GEN-02136,Payment Received,2026-08-12T17:58:34Z
GEN-02136,Packed,2026-08-13T07:59:59Z
GEN-02137,Order Created,2026-08-10T17:24:05Z
GEN-02137,Payment Attempt,2026-08-10T17:43:00Z
GEN-02137,Payment Received,2026-08-10T17:58:33Z
GEN-02137,Packed,2026-08-10T22:23:19Z
GEN-02137,Inspected,2026-08-10T23:15:49Z
GEN-02137,Shipped,2026-08-11T01:17:06Z
GEN-02137,Delivered,2026-08-11T02:12:20Z
GEN-02138,Order Created,2026-08-12T19:02:28Z
GEN-02138,Payment Received,2026-08-12T19:15:10Z
GEN-02138,Packed,2026-08-13T01:41:18Z
GEN-02138,Inspected,2026-08-13T02:41:06Z
GEN-02138,Shipped,2026-08-13T04:58:19Z
GEN-02138,Delivered,2026-08-13T08:32:31Z
GEN-02139,Order Created,2026-08-04T13:00:29Z
GEN-02139,Payment Received,2026-08-04T13:18:03Z
GEN-02139,Packed,2026-08-04T18:46:21Z
GEN-02139,Inspected,2026-08-04T19:41:49Z
GEN-02139,Shipped,2026-08-04T22:14:34Z
GEN-02139,Delivered,2026-08-05T00:13:28Z
GEN-02140,Order Created,2026-08-11T15:28:41Z
GEN-02140,Payment Attempt,2026-08-11T15:33:08Z
GEN-02140,Payment Received,2026-08-11T15:36:24Z
GEN-02140,Packed,2026-08-12T00:13:10Z
GEN-02140,Inspected,2026-08-12T01:04:49Z
GEN-02140,Shipped,2026-08-12T02:12:08Z
GEN-02140,Delivered,2026-08-12T06:08:23Z
GEN-02141,Order Created,2026-08-12T13:10:56Z
GEN-02141,Payment Received,2026-08-12T13:29:38Z
GEN-02141,Packed,2026-08-12T17:58:47Z
GEN-02141,Inspected,2026-08-12T18:52:58Z
GEN-02141,Shipped,2026-08-12T22:14:58Z
GEN-02141,Delivered,2026-08-13T01:46:22Z
GEN-02142,Order Created,2026-08-10T16:58:45Z
GEN-02142,Payment Received,2026-08-10T17:01:49Z
GEN-02142,Packed,2026-08-10T19:42:40Z
GEN-02142,Inspected,2026-08-10T20:12:09Z
GEN-02142,Shipped,2026-08-10T22:40:39Z
GEN-02143,Order Created,2026-08-05T09:55:29Z
GEN-02143,Payment Received,2026-08-05T10:05:31Z
GEN-02143,Packed,2026-08-05T18:17:51Z
GEN-02143,Inspected,2026-08-05T19:16:09Z
GEN-02143,Shipped,2026-08-05T21:57:02Z
GEN-02143,Delivered,2026-08-06T01:22:34Z
GEN-02144,Order Created,2026-08-03T16:56:46Z
GEN-02144,Payment Received,2026-08-03T17:01:42Z
GEN-02144,Packed,2026-08-03T21:13:09Z
GEN-02144,Inspected,2026-08-03T21:56:45Z
GEN-02144,Shipped,2026-08-04T00:29:31Z
GEN-02144,Delivered,2026-08-04T03:17:57Z
GEN-02145,Order Created,2026-08-05T16:22:46Z
GEN-02145,Payment Received,2026-08-05T16:25:06Z
GEN-02145,Packed,2026-08-05T19:56:01Z
GEN-02145,Inspected,2026-08-05T20:22:03Z
GEN-02145,Packed,2026-08-05T22:05:33Z
GEN-02145,Inspected,2026-08-05T22:30:46Z
GEN-02145,Shipped,2026-08-06T00:28:36Z
GEN-02145,Delivered,2026-08-06T04:40:35Z
GEN-02146,Order Created,2026-08-10T16:44:41Z
GEN-02146,Payment Received,2026-08-10T16:47:22Z
GEN-02146,Packed,2026-08-10T20:31:22Z
GEN-02146,Inspected,2026-08-10T21:18:01Z
GEN-02146,Shipped,2026-08-11T01:05:56Z
GEN-02146,Delivered,2026-08-11T05:35:24Z
GEN-02147,Order Created,2026-08-10T12:09:51Z
GEN-02147,Payment Received,2026-08-10T12:14:18Z
GEN-02147,Packed,2026-08-10T16:01:49Z
GEN-02148,Order Created,2026-08-07T12:24:53Z
GEN-02148,Payment Received,2026-08-07T12:44:04Z
GEN-02148,Packed,2026-08-07T21:18:43Z
GEN-02148,Inspected,2026-08-07T21:55:48Z
GEN-02148,Shipped,2026-08-07T23:49:40Z
GEN-02148,Delivered,2026-08-08T05:22:03Z
GEN-02149,Order Created,2026-08-03T08:08:14Z
GEN-02149,Payment Received,2026-08-03T08:17:00Z
GEN-02149,Packed,2026-08-03T12:48:00Z
GEN-02149,Inspected,2026-08-03T13:27:26Z
GEN-02149,Shipped,2026-08-03T16:45:18Z
GEN-02149,Delivered,2026-08-03T20:39:29Z
GEN-02150,Order Created,2026-08-07T13:54:27Z
GEN-02150,Payment Attempt,2026-08-07T14:10:08Z
GEN-02150,Payment Received,2026-08-07T14:21:22Z
GEN-02150,Packed,2026-08-07T18:21:11Z
GEN-02150,Inspected,2026-08-07T19:09:03Z
GEN-02150,Shipped,2026-08-07T22:30:53Z
GEN-02150,Delivered,2026-08-08T00:33:18Z
GEN-02151,Order Created,2026-08-10T17:48:02Z
GEN-02151,Payment Received,2026-08-10T18:02:05Z
GEN-02151,Packed,2026-08-11T00:04:52Z
GEN-02151,Inspected,2026-08-11T00:34:19Z
GEN-02151,Shipped,2026-08-11T03:42:42Z
GEN-02151,Delivered,2026-08-11T06:09:50Z
GEN-02152,Order Created,2026-08-12T14:45:38Z
GEN-02152,Payment Received,2026-08-12T14:58:06Z
GEN-02152,Packed,2026-08-12T21:00:58Z
GEN-02152,Inspected,2026-08-12T21:27:35Z
GEN-02152,Shipped,2026-08-12T22:34:46Z
GEN-02152,Delivered,2026-08-13T02:41:02Z
GEN-02153,Order Created,2026-08-09T11:02:56Z
GEN-02153,Payment Received,2026-08-09T11:10:11Z
GEN-02153,Packed,2026-08-09T22:51:51Z
GEN-02153,Inspected,2026-08-09T23:35:18Z
GEN-02153,Shipped,2026-08-10T02:00:26Z
GEN-02153,Delivered,2026-08-10T04:12:06Z
GEN-02154,Order Created,2026-08-12T18:14:51Z
GEN-02154,Payment Received,2026-08-12T18:30:56Z
GEN-02154,Packed,2026-08-12T20:50:27Z
GEN-02154,Inspected,2026-08-12T21:26:52Z
GEN-02154,Packed,2026-08-12T23:20:50Z
GEN-02154,Inspected,2026-08-13T00:08:43Z
GEN-02154,Shipped,2026-08-13T02:48:42Z
GEN-02154,Delivered,2026-08-13T06:21:49Z
GEN-02155,Order Created,2026-08-13T11:12:18Z
GEN-02155,Payment Received,2026-08-13T11:19:29Z
GEN-02155,Packed,2026-08-13T14:47:03Z
GEN-02155,Inspected,2026-08-13T15:44:30Z
GEN-02155,Shipped,2026-08-13T16:47:37Z
GEN-02155,Delivered,2026-08-13T19:35:33Z
GEN-02156,Order Created,2026-08-06T10:24:17Z
GEN-02156,Payment Attempt,2026-08-06T10:37:53Z
GEN-02156,Payment Received,2026-08-06T10:48:02Z
GEN-02156,Packed,2026-08-06T18:29:47Z
GEN-02156,Inspected,2026-08-06T19:07:51Z
GEN-02156,Shipped,2026-08-06T22:26:10Z
GEN-02156,Delivered,2026-08-07T03:20:30Z
GEN-02157,Order Created,2026-08-13T16:39:15Z
GEN-02157,Payment Received,2026-08-13T16:57:47Z
GEN-02157,Packed,2026-08-13T21:31:26Z
GEN-02157,Inspected,2026-08-13T22:19:43Z
GEN-02157,Shipped,2026-08-14T01:49:12Z
GEN-02157,Delivered,2026-08-14T04:35:20Z
GEN-02158,Order Created,2026-08-10T13:38:56Z
GEN-02158,Payment Received,2026-08-10T13:57:39Z
GEN-02158,Packed,2026-08-10T15:39:54Z
GEN-02158,Inspected,2026-08-10T16:04:20Z
GEN-02158,Shipped,2026-08-10T19:40:58Z
GEN-02158,Delivered,2026-08-10T23:42:04Z
GEN-02159,Order Created,2026-08-10T18:53:40Z
GEN-02159,Payment Received,2026-08-10T19:03:16Z
GEN-02159,Packed,2026-08-11T00:19:20Z
GEN-02159,Inspected,2026-08-11T01:01:50Z
GEN-02159,Shipped,2026-08-11T04:54:36Z
GEN-02159,Delivered,2026-08-11T10:59:08Z
GEN-02160,Order Created,2026-08-03T14:18:19Z
GEN-02160,Payment Received,2026-08-03T14:22:40Z
GEN-02160,Packed,2026-08-03T19:29:26Z
GEN-02160,Inspected,2026-08-03T20:09:38Z
GEN-02160,Packed,2026-08-03T22:37:26Z
GEN-02160,Inspected,2026-08-03T22:58:07Z
GEN-02160,Shipped,2026-08-04T02:11:58Z
GEN-02160,Delivered,2026-08-04T04:49:34Z
GEN-02161,Order Created,2026-08-10T18:03:18Z
GEN-02161,Payment Received,2026-08-10T18:10:50Z
GEN-02161,Packed,2026-08-10T22:29:46Z
GEN-02161,Inspected,2026-08-10T23:26:49Z
GEN-02161,Shipped,2026-08-11T03:10:31Z
GEN-02161,Delivered,2026-08-11T05:26:22Z
GEN-02162,Order Created,2026-08-14T09:27:58Z
GEN-02162,Payment Attempt,2026-08-14T09:38:48Z
GEN-02162,Payment Attempt,2026-08-14T09:42:05Z
GEN-02162,Payment Received,2026-08-14T09:57:32Z
GEN-02162,Packed,2026-08-14T16:25:54Z
GEN-02162,Inspected,2026-08-14T17:04:10Z
GEN-02162,Shipped,2026-08-14T19:07:04Z
GEN-02162,Delivered,2026-08-15T00:02:33Z
GEN-02163,Order Created,2026-08-12T10:59:38Z
GEN-02163,Payment Received,2026-08-12T11:09:15Z
GEN-02163,Packed,2026-08-12T14:54:03Z
GEN-02163,Inspected,2026-08-12T15:26:51Z
GEN-02163,Shipped,2026-08-12T19:10:34Z
GEN-02163,Delivered,2026-08-12T20:50:52Z
GEN-02164,Order Created,2026-08-09T16:40:38Z
GEN-02164,Payment Received,2026-08-09T16:57:40Z
GEN-02164,Packed,2026-08-10T15:21:36Z
GEN-02164,Inspected,2026-08-10T16:09:32Z
GEN-02164,Packed,2026-08-10T18:22:38Z
GEN-02164,Inspected,2026-08-10T18:59:22Z
GEN-02164,Packed,2026-08-10T21:49:45Z
GEN-02164,Inspected,2026-08-10T22:20:21Z
GEN-02164,Packed,2026-08-10T23:43:46Z
GEN-02164,Inspected,2026-08-11T00:32:58Z
GEN-02164,Shipped,2026-08-11T02:42:44Z
GEN-02164,Delivered,2026-08-11T06:48:42Z
GEN-02165,Order Created,2026-08-13T13:47:06Z
GEN-02165,Payment Received,2026-08-13T14:06:44Z
GEN-02165,Packed,2026-08-13T22:39:40Z
GEN-02165,Inspected,2026-08-13T23:34:12Z
GEN-02165,Shipped,2026-08-14T02:02:05Z
GEN-02165,Delivered,2026-08-14T05:59:02Z
GEN-02166,Order Created,2026-08-07T10:45:20Z
GEN-02166,Payment Attempt,2026-08-07T10:50:39Z
GEN-02166,Payment Received,2026-08-07T11:04:18Z
GEN-02166,Packed,2026-08-07T12:59:01Z
GEN-02166,Inspected,2026-08-07T13:28:56Z
GEN-02166,Shipped,2026-08-07T16:13:29Z
GEN-02166,Delivered,2026-08-07T19:30:50Z
GEN-02167,Order Created,2026-08-13T14:55:41Z
GEN-02167,Payment Received,2026-08-13T15:13:13Z
GEN-02167,Packed,2026-08-14T08:44:40Z
GEN-02167,Inspected,2026-08-14T09:09:19Z
GEN-02167,Shipped,2026-08-14T12:00:26Z
GEN-02167,Delivered,2026-08-14T13:38:30Z
GEN-02168,Order Created,2026-08-14T11:11:48Z
GEN-02168,Payment Received,2026-08-14T11:27:37Z
GEN-02168,Packed,2026-08-14T19:44:51Z
GEN-02168,Inspected,2026-08-14T20:39:48Z
GEN-02168,Shipped,2026-08-14T21:48:52Z
GEN-02168,Delivered,2026-08-15T01:03:20Z
GEN-02169,Order Created,2026-08-03T09:54:49Z
GEN-02169,Payment Received,2026-08-03T10:05:40Z
GEN-02169,Packed,2026-08-03T20:16:44Z
GEN-02169,Inspected,2026-08-03T20:47:09Z
GEN-02169,Shipped,2026-08-04T00:43:20Z
GEN-02169,Delivered,2026-08-04T03:11:13Z
GEN-02170,Order Created,2026-08-07T08:14:37Z
GEN-02170,Payment Attempt,2026-08-07T08:32:46Z
GEN-02170,Payment Attempt,2026-08-07T08:53:13Z
GEN-02170,Payment Received,2026-08-07T08:59:27Z
GEN-02170,Packed,2026-08-07T20:50:59Z
GEN-02170,Inspected,2026-08-07T21:25:39Z
GEN-02170,Shipped,2026-08-07T23:41:59Z
GEN-02170,Delivered,2026-08-08T03:25:46Z
GEN-02171,Order Created,2026-08-16T19:47:25Z
GEN-02171,Payment Attempt,2026-08-16T20:09:23Z
GEN-02171,Payment Received,2026-08-16T20:16:04Z
GEN-02171,Packed,2026-08-17T10:46:55Z
GEN-02171,Inspected,2026-08-17T11:13:31Z
GEN-02171,Packed,2026-08-17T13:34:23Z
GEN-02171,Inspected,2026-08-17T14:13:31Z
GEN-02171,Shipped,2026-08-17T15:54:02Z
GEN-02172,Order Created,2026-08-14T11:48:48Z
GEN-02172,Payment Received,2026-08-14T12:02:33Z
GEN-02172,Packed,2026-08-14T16:27:58Z
GEN-02172,Inspected,2026-08-14T16:59:22Z
GEN-02172,Shipped,2026-08-14T19:38:18Z
GEN-02172,Delivered,2026-08-14T22:58:57Z
GEN-02173,Order Created,2026-08-13T13:16:12Z
GEN-02173,Payment Received,2026-08-13T13:32:18Z
GEN-02173,Packed,2026-08-13T20:06:03Z
GEN-02173,Inspected,2026-08-13T21:05:43Z
GEN-02173,Packed,2026-08-13T23:44:02Z
GEN-02173,Inspected,2026-08-14T00:18:59Z
GEN-02173,Packed,2026-08-14T01:31:36Z
GEN-02173,Inspected,2026-08-14T02:01:22Z
GEN-02173,Packed,2026-08-14T04:30:18Z
GEN-02173,Inspected,2026-08-14T05:11:20Z
GEN-02173,Shipped,2026-08-14T08:43:02Z
GEN-02173,Delivered,2026-08-14T13:07:11Z
GEN-02174,Order Created,2026-08-03T15:21:39Z
GEN-02174,Payment Received,2026-08-03T15:36:23Z
GEN-02174,Packed,2026-08-03T18:41:58Z
GEN-02174,Inspected,2026-08-03T19:29:30Z
GEN-02174,Packed,2026-08-03T20:48:24Z
GEN-02174,Inspected,2026-08-03T21:20:28Z
GEN-02174,Shipped,2026-08-03T23:17:59Z
GEN-02174,Delivered,2026-08-04T02:02:29Z
GEN-02175,Order Created,2026-08-03T14:52:41Z
GEN-02175,Payment Received,2026-08-03T15:02:31Z
GEN-02175,Packed,2026-08-03T19:11:38Z
GEN-02175,Inspected,2026-08-03T20:03:23Z
GEN-02175,Shipped,2026-08-03T21:10:36Z
GEN-02175,Delivered,2026-08-04T02:28:21Z
GEN-02176,Order Created,2026-08-04T17:38:22Z
GEN-02177,Order Created,2026-08-06T08:48:34Z
GEN-02177,Payment Attempt,2026-08-06T09:03:44Z
GEN-02177,Payment Received,2026-08-06T09:09:54Z
GEN-02177,Packed,2026-08-06T15:56:15Z
GEN-02177,Inspected,2026-08-06T16:39:51Z
GEN-02177,Shipped,2026-08-06T18:14:45Z
GEN-02177,Delivered,2026-08-06T20:22:59Z
GEN-02178,Order Created,2026-08-11T11:44:23Z
GEN-02178,Payment Attempt,2026-08-11T12:02:43Z
GEN-02178,Payment Received,2026-08-11T12:17:39Z
GEN-02178,Packed,2026-08-11T16:23:10Z
GEN-02178,Inspected,2026-08-11T16:46:12Z
GEN-02178,Shipped,2026-08-11T19:33:48Z
GEN-02178,Delivered,2026-08-11T21:09:15Z
GEN-02179,Order Created,2026-08-04T16:33:17Z
GEN-02179,Payment Received,2026-08-04T16:36:22Z
GEN-02179,Packed,2026-08-05T08:52:06Z
GEN-02179,Inspected,2026-08-05T09:19:36Z
GEN-02179,Packed,2026-08-05T10:52:30Z
GEN-02179,Inspected,2026-08-05T11:33:13Z
GEN-02179,Shipped,2026-08-05T15:07:17Z
GEN-02179,Delivered,2026-08-05T18:29:28Z
GEN-02180,Order Created,2026-08-12T10:07:00Z
GEN-02180,Payment Received,2026-08-12T10:25:31Z
GEN-02180,Packed,2026-08-12T14:21:52Z
GEN-02180,Inspected,2026-08-12T15:15:31Z
GEN-02180,Shipped,2026-08-12T17:22:36Z
GEN-02180,Delivered,2026-08-12T18:36:53Z
GEN-02181,Order Created,2026-08-06T16:24:20Z
GEN-02181,Payment Received,2026-08-06T16:26:48Z
GEN-02181,Packed,2026-08-07T00:39:32Z
GEN-02181,Inspected,2026-08-07T01:34:00Z
GEN-02181,Shipped,2026-08-07T03:50:00Z
GEN-02181,Delivered,2026-08-07T05:46:51Z
GEN-02182,Order Created,2026-08-11T14:07:39Z
GEN-02182,Payment Received,2026-08-11T14:15:22Z
GEN-02182,Packed,2026-08-11T22:21:44Z
GEN-02182,Inspected,2026-08-11T22:50:27Z
GEN-02182,Shipped,2026-08-12T02:39:25Z
GEN-02182,Delivered,2026-08-12T07:30:16Z
GEN-02183,Order Created,2026-08-13T14:57:59Z
GEN-02183,Payment Received,2026-08-13T15:04:08Z
GEN-02183,Packed,2026-08-13T21:03:56Z
GEN-02183,Inspected,2026-08-13T21:44:19Z
GEN-02183,Shipped,2026-08-14T00:09:08Z
GEN-02183,Delivered,2026-08-14T02:16:51Z
GEN-02184,Order Created,2026-08-12T16:57:08Z
GEN-02184,Payment Received,2026-08-12T17:00:10Z
GEN-02184,Packed,2026-08-12T23:01:45Z
GEN-02184,Inspected,2026-08-12T23:27:59Z
GEN-02184,Shipped,2026-08-13T02:21:44Z
GEN-02184,Delivered,2026-08-13T04:15:09Z
GEN-02185,Order Created,2026-08-03T11:07:44Z
GEN-02185,Payment Received,2026-08-03T11:11:17Z
GEN-02185,Packed,2026-08-04T03:00:18Z
GEN-02185,Inspected,2026-08-04T03:56:50Z
GEN-02185,Shipped,2026-08-04T07:55:20Z
GEN-02185,Delivered,2026-08-04T10:46:35Z
GEN-02186,Order Created,2026-08-03T11:44:44Z
GEN-02187,Order Created,2026-08-13T08:36:58Z
GEN-02187,Payment Received,2026-08-13T08:42:41Z
GEN-02187,Packed,2026-08-13T12:28:11Z
GEN-02187,Inspected,2026-08-13T12:59:29Z
GEN-02187,Shipped,2026-08-13T16:34:27Z
GEN-02187,Delivered,2026-08-13T21:14:16Z
GEN-02188,Order Created,2026-08-14T13:34:56Z
GEN-02188,Payment Attempt,2026-08-14T13:41:19Z
GEN-02188,Payment Received,2026-08-14T14:00:16Z
GEN-02188,Packed,2026-08-14T18:58:19Z
GEN-02188,Inspected,2026-08-14T19:45:03Z
GEN-02188,Shipped,2026-08-14T23:00:53Z
GEN-02188,Delivered,2026-08-15T00:40:57Z
GEN-02189,Order Created,2026-08-03T12:15:55Z
GEN-02189,Payment Received,2026-08-03T12:32:04Z
GEN-02189,Packed,2026-08-03T17:17:09Z
GEN-02189,Inspected,2026-08-03T18:06:11Z
GEN-02189,Shipped,2026-08-03T20:25:26Z
GEN-02189,Delivered,2026-08-03T22:47:47Z
GEN-02190,Order Created,2026-08-03T15:53:06Z
GEN-02190,Payment Received,2026-08-03T16:12:11Z
GEN-02190,Packed,2026-08-03T23:04:13Z
GEN-02190,Inspected,2026-08-03T23:58:22Z
GEN-02190,Shipped,2026-08-04T03:14:05Z
GEN-02190,Delivered,2026-08-04T06:44:24Z
GEN-02191,Order Created,2026-08-03T17:26:18Z
GEN-02191,Payment Attempt,2026-08-03T17:48:15Z
GEN-02191,Payment Received,2026-08-03T18:04:19Z
GEN-02191,Packed,2026-08-04T00:25:35Z
GEN-02191,Inspected,2026-08-04T01:02:30Z
GEN-02191,Shipped,2026-08-04T02:48:49Z
GEN-02191,Delivered,2026-08-04T05:57:39Z
GEN-02192,Order Created,2026-08-11T19:40:32Z
GEN-02192,Payment Attempt,2026-08-11T19:52:31Z
GEN-02192,Payment Received,2026-08-11T19:57:42Z
GEN-02192,Packed,2026-08-12T01:22:38Z
GEN-02192,Inspected,2026-08-12T02:17:27Z
GEN-02192,Shipped,2026-08-12T06:09:44Z
GEN-02192,Delivered,2026-08-12T08:33:35Z
GEN-02193,Order Created,2026-08-10T13:13:25Z
GEN-02193,Payment Received,2026-08-10T13:26:59Z
GEN-02193,Packed,2026-08-10T19:50:44Z
GEN-02193,Inspected,2026-08-10T20:22:50Z
GEN-02193,Shipped,2026-08-10T22:30:39Z
GEN-02193,Delivered,2026-08-11T00:47:05Z
GEN-02194,Order Created,2026-08-06T18:40:39Z
GEN-02195,Order Created,2026-08-07T18:04:31Z
GEN-02195,Payment Received,2026-08-07T18:15:40Z
GEN-02195,Packed,2026-08-08T06:55:39Z
GEN-02195,Inspected,2026-08-08T07:35:14Z
GEN-02195,Shipped,2026-08-08T10:52:21Z
GEN-02195,Delivered,2026-08-08T14:31:14Z
GEN-02196,Order Created,2026-08-09T17:24:35Z
GEN-02196,Payment Attempt,2026-08-09T17:38:04Z
GEN-02196,Payment Received,2026-08-09T17:44:26Z
GEN-02196,Packed,2026-08-09T21:34:27Z
GEN-02196,Inspected,2026-08-09T22:29:09Z
GEN-02196,Packed,2026-08-10T00:12:03Z
GEN-02196,Inspected,2026-08-10T01:11:57Z
GEN-02196,Shipped,2026-08-10T02:16:37Z
GEN-02196,Delivered,2026-08-10T06:15:08Z
GEN-02197,Order Created,2026-08-06T10:37:47Z
GEN-02197,Payment Received,2026-08-06T10:55:44Z
GEN-02197,Packed,2026-08-06T23:22:16Z
GEN-02197,Inspected,2026-08-07T00:18:49Z
GEN-02197,Shipped,2026-08-07T03:45:34Z
GEN-02197,Delivered,2026-08-07T05:35:28Z
GEN-02198,Order Created,2026-08-04T17:00:51Z
GEN-02198,Payment Received,2026-08-04T17:05:25Z
GEN-02198,Packed,2026-08-05T04:10:16Z
GEN-02198,Inspected,2026-08-05T04:46:56Z
GEN-02198,Shipped,2026-08-05T08:15:07Z
GEN-02198,Delivered,2026-08-05T10:11:45Z
GEN-02199,Order Created,2026-08-08T10:09:18Z
GEN-02199,Payment Received,2026-08-08T10:19:19Z
GEN-02199,Packed,2026-08-08T20:11:23Z
GEN-02199,Inspected,2026-08-08T20:46:03Z
GEN-02199,Shipped,2026-08-08T23:17:55Z
GEN-02199,Delivered,2026-08-09T02:47:26Z
GEN-02200,Order Created,2026-08-03T16:12:12Z
GEN-02200,Payment Attempt,2026-08-03T16:32:20Z
GEN-02200,Payment Received,2026-08-03T16:36:36Z
GEN-02200,Packed,2026-08-03T21:59:13Z
GEN-02200,Inspected,2026-08-03T22:24:41Z
GEN-02200,Shipped,2026-08-04T00:46:53Z
GEN-02200,Delivered,2026-08-04T03:29:33Z
GEN-02201,Order Created,2026-08-13T18:19:26Z
GEN-02201,Payment Received,2026-08-13T18:28:55Z
GEN-02201,Packed,2026-08-13T23:03:42Z
GEN-02201,Inspected,2026-08-13T23:46:23Z
GEN-02201,Shipped,2026-08-14T03:24:34Z
GEN-02201,Delivered,2026-08-14T08:55:47Z
GEN-02202,Order Created,2026-08-10T12:17:30Z
GEN-02202,Payment Attempt,2026-08-10T12:22:59Z
GEN-02202,Payment Attempt,2026-08-10T12:43:20Z
GEN-02202,Payment Received,2026-08-10T12:57:29Z
GEN-02202,Packed,2026-08-10T19:33:57Z
GEN-02202,Inspected,2026-08-10T20:23:36Z
GEN-02202,Shipped,2026-08-10T22:44:23Z
GEN-02202,Delivered,2026-08-11T00:15:49Z
GEN-02203,Order Created,2026-08-07T11:10:04Z
GEN-02203,Payment Received,2026-08-07T11:17:42Z
GEN-02203,Packed,2026-08-07T19:30:45Z
GEN-02203,Inspected,2026-08-07T19:51:08Z
GEN-02203,Shipped,2026-08-07T22:15:33Z
GEN-02203,Delivered,2026-08-08T00:19:53Z
GEN-02204,Order Created,2026-08-03T15:43:20Z
GEN-02204,Payment Received,2026-08-03T15:45:31Z
GEN-02204,Packed,2026-08-03T19:06:36Z
GEN-02204,Inspected,2026-08-03T19:59:43Z
GEN-02204,Shipped,2026-08-03T23:42:00Z
GEN-02204,Delivered,2026-08-04T03:20:25Z
GEN-02205,Order Created,2026-08-10T08:55:32Z
GEN-02205,Payment Received,2026-08-10T09:08:20Z
GEN-02205,Packed,2026-08-10T13:05:44Z
GEN-02205,Inspected,2026-08-10T13:48:31Z
GEN-02205,Shipped,2026-08-10T15:25:32Z
GEN-02205,Delivered,2026-08-10T19:44:27Z
GEN-02206,Order Created,2026-08-05T12:35:35Z
GEN-02206,Payment Received,2026-08-05T12:45:42Z
GEN-02206,Packed,2026-08-05T20:53:34Z
GEN-02206,Inspected,2026-08-05T21:26:58Z
GEN-02206,Shipped,2026-08-05T23:35:21Z
GEN-02207,Order Created,2026-08-03T12:09:20Z
GEN-02207,Payment Received,2026-08-03T12:12:38Z
GEN-02207,Packed,2026-08-03T16:57:31Z
GEN-02207,Inspected,2026-08-03T17:37:20Z
GEN-02207,Packed,2026-08-03T19:10:04Z
GEN-02207,Inspected,2026-08-03T19:32:58Z
GEN-02207,Shipped,2026-08-03T22:28:25Z
GEN-02207,Delivered,2026-08-04T02:25:18Z
GEN-02208,Order Created,2026-08-08T19:29:49Z
GEN-02208,Payment Attempt,2026-08-08T19:39:22Z
GEN-02208,Payment Received,2026-08-08T19:52:15Z
GEN-02208,Packed,2026-08-09T01:04:15Z
GEN-02208,Inspected,2026-08-09T01:55:28Z
GEN-02208,Shipped,2026-08-09T05:39:19Z
GEN-02208,Delivered,2026-08-09T08:00:10Z
GEN-02209,Order Created,2026-08-04T09:28:29Z
GEN-02209,Payment Attempt,2026-08-04T09:48:26Z
GEN-02209,Payment Attempt,2026-08-04T09:59:56Z
GEN-02209,Payment Received,2026-08-04T10:12:17Z
GEN-02209,Packed,2026-08-04T13:56:55Z
GEN-02209,Inspected,2026-08-04T14:31:58Z
GEN-02209,Packed,2026-08-04T17:15:55Z
GEN-02209,Inspected,2026-08-04T17:49:08Z
GEN-02209,Shipped,2026-08-04T20:57:24Z
GEN-02209,Delivered,2026-08-05T00:03:58Z
GEN-02210,Order Created,2026-08-04T13:47:42Z
GEN-02211,Order Created,2026-08-06T12:04:56Z
GEN-02211,Payment Received,2026-08-06T12:18:53Z
GEN-02211,Packed,2026-08-06T20:24:26Z
GEN-02211,Inspected,2026-08-06T20:56:59Z
GEN-02211,Shipped,2026-08-07T00:51:54Z
GEN-02211,Delivered,2026-08-07T02:49:00Z
GEN-02212,Order Created,2026-08-07T08:33:13Z
GEN-02212,Payment Received,2026-08-07T08:51:08Z
GEN-02212,Packed,2026-08-07T13:25:36Z
GEN-02212,Inspected,2026-08-07T14:01:17Z
GEN-02212,Packed,2026-08-07T15:22:50Z
GEN-02212,Inspected,2026-08-07T15:44:34Z
GEN-02212,Packed,2026-08-07T17:56:03Z
GEN-02212,Inspected,2026-08-07T18:16:24Z
GEN-02212,Shipped,2026-08-07T22:16:16Z
GEN-02212,Delivered,2026-08-08T03:45:41Z
GEN-02213,Order Created,2026-08-05T08:09:35Z
GEN-02213,Payment Received,2026-08-05T08:18:58Z
GEN-02213,Packed,2026-08-05T11:37:09Z
GEN-02213,Inspected,2026-08-05T12:34:03Z
GEN-02213,Shipped,2026-08-05T15:36:40Z
GEN-02213,Delivered,2026-08-05T21:04:10Z
GEN-02214,Order Created,2026-08-06T08:16:05Z
GEN-02214,Payment Received,2026-08-06T08:34:07Z
GEN-02214,Packed,2026-08-06T11:12:12Z
GEN-02215,Order Created,2026-08-14T14:42:50Z
GEN-02215,Payment Attempt,2026-08-14T15:00:37Z
GEN-02215,Payment Received,2026-08-14T15:07:48Z
GEN-02215,Packed,2026-08-14T19:53:21Z
GEN-02215,Inspected,2026-08-14T20:32:14Z
GEN-02215,Shipped,2026-08-14T22:06:40Z
GEN-02215,Delivered,2026-08-15T06:34:21Z
GEN-02216,Order Created,2026-08-11T11:21:28Z
GEN-02216,Payment Received,2026-08-11T11:25:38Z
GEN-02216,Packed,2026-08-11T18:27:06Z
GEN-02216,Inspected,2026-08-11T18:58:25Z
GEN-02216,Shipped,2026-08-11T21:34:43Z
GEN-02216,Delivered,2026-08-12T00:26:47Z
GEN-02217,Order Created,2026-08-05T15:09:07Z
GEN-02217,Payment Received,2026-08-05T15:25:17Z
GEN-02217,Packed,2026-08-05T20:21:52Z
GEN-02218,Order Created,2026-08-15T12:39:54Z
GEN-02218,Payment Attempt,2026-08-15T12:47:30Z
GEN-02218,Payment Attempt,2026-08-15T12:54:18Z
GEN-02218,Payment Received,2026-08-15T13:04:49Z
GEN-02218,Packed,2026-08-17T04:29:53Z
GEN-02218,Inspected,2026-08-17T05:01:38Z
GEN-02218,Shipped,2026-08-17T08:07:19Z
GEN-02218,Delivered,2026-08-17T11:22:03Z
GEN-02219,Order Created,2026-08-04T09:10:41Z
GEN-02219,Payment Received,2026-08-04T09:27:37Z
GEN-02219,Packed,2026-08-04T16:11:10Z
GEN-02219,Inspected,2026-08-04T17:08:04Z
GEN-02219,Shipped,2026-08-04T19:51:53Z
GEN-02219,Delivered,2026-08-04T22:02:29Z
GEN-02220,Order Created,2026-08-03T12:08:58Z
GEN-02220,Payment Received,2026-08-03T12:17:59Z
GEN-02220,Packed,2026-08-04T02:50:30Z
GEN-02220,Inspected,2026-08-04T03:22:12Z
GEN-02220,Packed,2026-08-04T04:44:22Z
GEN-02220,Inspected,2026-08-04T05:16:07Z
GEN-02220,Packed,2026-08-04T07:19:52Z
GEN-02220,Inspected,2026-08-04T07:57:56Z
GEN-02220,Packed,2026-08-04T10:15:45Z
GEN-02220,Inspected,2026-08-04T11:02:46Z
GEN-02220,Shipped,2026-08-04T14:37:32Z
GEN-02220,Delivered,2026-08-04T17:02:02Z
GEN-02221,Order Created,2026-08-04T11:54:02Z
GEN-02221,Payment Received,2026-08-04T12:02:32Z
GEN-02221,Packed,2026-08-04T17:51:23Z
GEN-02222,Order Created,2026-08-06T18:25:07Z
GEN-02222,Payment Attempt,2026-08-06T18:45:28Z
GEN-02222,Payment Received,2026-08-06T18:59:15Z
GEN-02222,Packed,2026-08-06T23:00:04Z
GEN-02222,Inspected,2026-08-06T23:25:53Z
GEN-02222,Shipped,2026-08-07T01:52:37Z
GEN-02222,Delivered,2026-08-07T04:08:06Z
GEN-02223,Order Created,2026-08-11T16:45:48Z
GEN-02223,Payment Received,2026-08-11T16:52:32Z
GEN-02223,Packed,2026-08-11T19:43:23Z
GEN-02223,Inspected,2026-08-11T20:21:26Z
GEN-02223,Shipped,2026-08-11T22:13:04Z
GEN-02223,Delivered,2026-08-12T05:04:35Z
GEN-02224,Order Created,2026-08-04T09:57:33Z
GEN-02224,Payment Received,2026-08-04T10:06:29Z
GEN-02224,Packed,2026-08-05T02:01:55Z
GEN-02224,Inspected,2026-08-05T02:59:51Z
GEN-02224,Shipped,2026-08-05T06:11:32Z
GEN-02224,Delivered,2026-08-05T08:58:53Z
GEN-02225,Order Created,2026-08-07T18:32:52Z
GEN-02225,Payment Received,2026-08-07T18:37:40Z
GEN-02225,Packed,2026-08-07T22:06:51Z
GEN-02225,Inspected,2026-08-07T23:03:03Z
GEN-02225,Shipped,2026-08-08T00:27:43Z
GEN-02225,Delivered,2026-08-08T04:18:31Z
GEN-02226,Order Created,2026-08-08T11:45:12Z
GEN-02226,Payment Received,2026-08-08T11:56:52Z
GEN-02226,Packed,2026-08-09T02:18:33Z
GEN-02226,Inspected,2026-08-09T02:47:50Z
GEN-02226,Shipped,2026-08-09T06:08:04Z
GEN-02226,Delivered,2026-08-09T08:09:12Z
GEN-02227,Order Created,2026-08-05T16:14:16Z
GEN-02227,Payment Received,2026-08-05T16:16:37Z
GEN-02227,Packed,2026-08-05T23:52:51Z
GEN-02227,Inspected,2026-08-06T00:49:50Z
GEN-02227,Shipped,2026-08-06T02:45:13Z
GEN-02227,Delivered,2026-08-06T06:37:45Z
GEN-02228,Order Created,2026-08-11T08:27:53Z
GEN-02228,Payment Received,2026-08-11T08:39:43Z
GEN-02228,Packed,2026-08-11T21:53:25Z
GEN-02228,Inspected,2026-08-11T22:35:32Z
GEN-02228,Packed,2026-08-12T00:00:19Z
GEN-02228,Inspected,2026-08-12T00:27:40Z
GEN-02228,Packed,2026-08-12T03:01:24Z
GEN-02228,Inspected,2026-08-12T03:55:42Z
GEN-02228,Packed,2026-08-12T05:15:29Z
GEN-02228,Inspected,2026-08-12T05:58:00Z
GEN-02228,Shipped,2026-08-12T08:10:44Z
GEN-02228,Delivered,2026-08-12T10:04:09Z
GEN-02229,Order Created,2026-08-06T12:03:20Z
GEN-02229,Payment Received,2026-08-06T12:20:51Z
GEN-02229,Packed,2026-08-06T18:23:37Z
GEN-02229,Inspected,2026-08-06T19:17:22Z
GEN-02229,Shipped,2026-08-06T21:26:49Z
GEN-02229,Delivered,2026-08-07T00:49:22Z
GEN-02230,Order Created,2026-08-11T18:09:25Z
GEN-02230,Payment Received,2026-08-11T18:24:54Z
GEN-02230,Packed,2026-08-12T03:56:23Z
GEN-02230,Inspected,2026-08-12T04:47:07Z
GEN-02230,Shipped,2026-08-12T07:45:06Z
GEN-02230,Delivered,2026-08-12T10:50:07Z
GEN-02231,Order Created,2026-08-04T19:02:12Z
GEN-02231,Payment Attempt,2026-08-04T19:11:21Z
GEN-02231,Payment Received,2026-08-04T19:26:24Z
GEN-02231,Packed,2026-08-05T02:30:44Z
GEN-02231,Inspected,2026-08-05T03:02:49Z
GEN-02231,Packed,2026-08-05T05:09:12Z
GEN-02231,Inspected,2026-08-05T05:54:19Z
GEN-02231,Shipped,2026-08-05T09:14:42Z
GEN-02231,Delivered,2026-08-05T12:00:15Z
GEN-02232,Order Created,2026-08-06T08:00:44Z
GEN-02232,Payment Attempt,2026-08-06T08:09:21Z
GEN-02232,Payment Received,2026-08-06T08:12:12Z
GEN-02232,Packed,2026-08-06T14:04:45Z
GEN-02232,Inspected,2026-08-06T14:39:34Z
GEN-02232,Shipped,2026-08-06T16:28:34Z
GEN-02232,Delivered,2026-08-06T21:54:59Z
GEN-02233,Order Created,2026-08-14T15:40:18Z
GEN-02233,Payment Received,2026-08-14T15:45:35Z
GEN-02233,Packed,2026-08-14T20:25:47Z
GEN-02233,Inspected,2026-08-14T21:17:44Z
GEN-02233,Packed,2026-08-14T23:37:16Z
GEN-02233,Inspected,2026-08-15T00:13:22Z
GEN-02233,Packed,2026-08-15T02:56:14Z
GEN-02233,Inspected,2026-08-15T03:40:57Z
GEN-02233,Packed,2026-08-15T05:46:52Z
GEN-02233,Inspected,2026-08-15T06:10:06Z
GEN-02233,Shipped,2026-08-15T08:03:27Z
GEN-02233,Delivered,2026-08-15T09:45:50Z
GEN-02234,Order Created,2026-08-14T18:44:11Z
GEN-02234,Payment Received,2026-08-14T19:02:35Z
GEN-02234,Packed,2026-08-15T06:22:38Z
GEN-02234,Inspected,2026-08-15T06:46:30Z
GEN-02234,Packed,2026-08-15T08:51:31Z
GEN-02234,Inspected,2026-08-15T09:46:54Z
GEN-02234,Shipped,2026-08-15T11:18:57Z
GEN-02234,Delivered,2026-08-15T14:24:13Z
GEN-02235,Order Created,2026-08-12T09:59:04Z
GEN-02235,Payment Received,2026-08-12T10:13:57Z
GEN-02235,Packed,2026-08-12T15:31:06Z
GEN-02235,Inspected,2026-08-12T15:59:14Z
GEN-02235,Shipped,2026-08-12T17:45:57Z
GEN-02235,Delivered,2026-08-12T19:37:01Z
GEN-02236,Order Created,2026-08-10T11:12:57Z
GEN-02236,Payment Received,2026-08-10T11:27:40Z
GEN-02236,Packed,2026-08-10T15:25:07Z
GEN-02236,Inspected,2026-08-10T16:10:13Z
GEN-02236,Shipped,2026-08-10T20:03:55Z
GEN-02236,Delivered,2026-08-11T00:08:43Z
GEN-02237,Order Created,2026-08-13T10:16:03Z
GEN-02237,Payment Received,2026-08-13T10:21:55Z
GEN-02237,Packed,2026-08-13T19:03:44Z
GEN-02237,Inspected,2026-08-13T19:36:28Z
GEN-02237,Shipped,2026-08-13T21:19:07Z
GEN-02238,Order Created,2026-08-07T19:53:54Z
GEN-02238,Payment Attempt,2026-08-07T20:02:38Z
GEN-02238,Payment Received,2026-08-07T20:05:25Z
GEN-02238,Packed,2026-08-08T00:16:18Z
GEN-02238,Inspected,2026-08-08T01:00:07Z
GEN-02238,Shipped,2026-08-08T04:25:31Z
GEN-02238,Delivered,2026-08-08T08:24:55Z
GEN-02239,Order Created,2026-08-08T17:12:10Z
GEN-02239,Payment Received,2026-08-08T17:16:42Z
GEN-02239,Packed,2026-08-09T18:19:07Z
GEN-02239,Inspected,2026-08-09T19:01:28Z
GEN-02239,Shipped,2026-08-09T22:22:46Z
GEN-02239,Delivered,2026-08-10T02:06:10Z
GEN-02240,Order Created,2026-08-13T14:43:43Z
GEN-02240,Payment Attempt,2026-08-13T15:04:44Z
GEN-02240,Payment Attempt,2026-08-13T15:09:03Z
GEN-02240,Payment Received,2026-08-13T15:15:49Z
GEN-02240,Packed,2026-08-13T21:27:44Z
GEN-02240,Inspected,2026-08-13T22:10:32Z
GEN-02240,Shipped,2026-08-13T23:32:11Z
GEN-02240,Delivered,2026-08-14T01:26:43Z
GEN-02241,Order Created,2026-08-14T10:31:00Z
GEN-02241,Payment Received,2026-08-14T10:39:42Z
GEN-02241,Packed,2026-08-14T18:33:56Z
GEN-02241,Inspected,2026-08-14T19:02:00Z
GEN-02241,Shipped,2026-08-14T21:05:34Z
GEN-02241,Delivered,2026-08-15T00:02:44Z
GEN-02242,Order Created,2026-08-12T18:47:10Z
GEN-02242,Payment Received,2026-08-12T18:52:24Z
GEN-02242,Packed,2026-08-12T22:31:36Z
GEN-02242,Inspected,2026-08-12T22:53:42Z
GEN-02242,Shipped,2026-08-13T00:13:02Z
GEN-02242,Delivered,2026-08-13T02:40:24Z
GEN-02243,Order Created,2026-08-13T16:25:33Z
GEN-02243,Payment Received,2026-08-13T16:43:04Z
GEN-02243,Packed,2026-08-13T18:44:33Z
GEN-02243,Inspected,2026-08-13T19:20:14Z
GEN-02243,Shipped,2026-08-13T22:28:46Z
GEN-02243,Delivered,2026-08-13T23:42:11Z
GEN-02244,Order Created,2026-08-09T16:42:39Z
GEN-02244,Payment Received,2026-08-09T16:53:19Z
GEN-02244,Packed,2026-08-10T03:12:23Z
GEN-02244,Inspected,2026-08-10T03:47:12Z
GEN-02244,Shipped,2026-08-10T07:23:44Z
GEN-02244,Delivered,2026-08-10T09:30:15Z
GEN-02245,Order Created,2026-08-13T11:58:25Z
GEN-02245,Payment Received,2026-08-13T12:18:18Z
GEN-02245,Packed,2026-08-13T18:27:46Z
GEN-02245,Inspected,2026-08-13T19:25:37Z
GEN-02245,Shipped,2026-08-13T21:29:34Z
GEN-02245,Delivered,2026-08-13T23:08:19Z
GEN-02246,Order Created,2026-08-14T14:27:09Z
GEN-02246,Payment Received,2026-08-14T14:32:19Z
GEN-02246,Packed,2026-08-15T05:39:21Z
GEN-02246,Inspected,2026-08-15T06:37:49Z
GEN-02246,Shipped,2026-08-15T09:10:12Z
GEN-02246,Delivered,2026-08-15T11:01:35Z
GEN-02247,Order Created,2026-08-03T08:29:14Z
GEN-02247,Payment Received,2026-08-03T08:33:49Z
GEN-02247,Packed,2026-08-03T19:03:06Z
GEN-02247,Inspected,2026-08-03T19:33:09Z
GEN-02247,Shipped,2026-08-03T23:17:37Z
GEN-02247,Delivered,2026-08-04T02:58:57Z
GEN-02248,Order Created,2026-08-15T09:21:09Z
GEN-02248,Payment Received,2026-08-15T09:31:13Z
GEN-02248,Packed,2026-08-15T16:02:47Z
GEN-02248,Inspected,2026-08-15T16:47:06Z
GEN-02248,Shipped,2026-08-15T17:49:30Z
GEN-02249,Order Created,2026-08-05T10:31:03Z
GEN-02250,Order Created,2026-08-14T14:39:05Z
GEN-02250,Payment Attempt,2026-08-14T15:03:58Z
GEN-02250,Payment Received,2026-08-14T15:14:52Z
GEN-02250,Packed,2026-08-15T06:09:25Z
GEN-02251,Order Created,2026-08-09T09:04:52Z
GEN-02251,Payment Received,2026-08-09T09:07:46Z
GEN-02251,Packed,2026-08-09T16:19:00Z
GEN-02251,Inspected,2026-08-09T17:06:13Z
GEN-02251,Shipped,2026-08-09T19:12:20Z
GEN-02251,Delivered,2026-08-10T01:50:13Z
GEN-02252,Order Created,2026-08-07T09:28:47Z
GEN-02252,Payment Received,2026-08-07T09:40:01Z
GEN-02252,Packed,2026-08-07T13:18:51Z
GEN-02252,Inspected,2026-08-07T13:39:12Z
GEN-02252,Shipped,2026-08-07T15:17:20Z
GEN-02252,Delivered,2026-08-07T18:40:18Z
GEN-02253,Order Created,2026-08-05T18:09:09Z
GEN-02253,Payment Received,2026-08-05T18:13:48Z
GEN-02253,Packed,2026-08-05T22:22:42Z
GEN-02253,Inspected,2026-08-05T22:43:31Z
GEN-02253,Shipped,2026-08-06T00:00:41Z
GEN-02253,Delivered,2026-08-06T03:55:20Z
GEN-02254,Order Created,2026-08-12T11:14:28Z
GEN-02254,Payment Received,2026-08-12T11:18:58Z
GEN-02254,Packed,2026-08-12T18:22:00Z
GEN-02254,Inspected,2026-08-12T18:53:49Z
GEN-02254,Shipped,2026-08-12T20:08:10Z
GEN-02254,Delivered,2026-08-12T22:27:16Z
GEN-02255,Order Created,2026-08-12T18:54:34Z
GEN-02255,Payment Received,2026-08-12T18:57:04Z
GEN-02255,Packed,2026-08-12T23:20:53Z
GEN-02255,Inspected,2026-08-13T00:05:28Z
GEN-02255,Shipped,2026-08-13T03:38:15Z
GEN-02255,Delivered,2026-08-13T05:41:27Z
GEN-02256,Order Created,2026-08-03T09:34:44Z
GEN-02256,Payment Received,2026-08-03T09:47:05Z
GEN-02256,Packed,2026-08-03T12:21:54Z
GEN-02256,Inspected,2026-08-03T13:07:34Z
GEN-02256,Shipped,2026-08-03T16:35:01Z
GEN-02256,Delivered,2026-08-03T18:17:27Z
GEN-02257,Order Created,2026-08-14T12:36:52Z
GEN-02257,Payment Received,2026-08-14T12:48:13Z
GEN-02257,Packed,2026-08-14T21:33:15Z
GEN-02257,Inspected,2026-08-14T21:59:04Z
GEN-02257,Shipped,2026-08-15T00:08:58Z
GEN-02257,Delivered,2026-08-15T04:24:39Z
GEN-02258,Order Created,2026-08-11T19:27:24Z
GEN-02258,Payment Received,2026-08-11T19:41:20Z
GEN-02258,Packed,2026-08-11T23:57:14Z
GEN-02258,Inspected,2026-08-12T00:46:23Z
GEN-02258,Shipped,2026-08-12T02:19:32Z
GEN-02259,Order Created,2026-08-05T11:31:50Z
GEN-02259,Payment Received,2026-08-05T11:38:30Z
GEN-02259,Packed,2026-08-05T15:50:21Z
GEN-02259,Inspected,2026-08-05T16:34:20Z
GEN-02259,Shipped,2026-08-05T19:50:12Z
GEN-02259,Delivered,2026-08-05T23:28:22Z
GEN-02260,Order Created,2026-08-13T11:18:40Z
GEN-02260,Payment Received,2026-08-13T11:33:05Z
GEN-02260,Packed,2026-08-13T15:59:29Z
GEN-02260,Inspected,2026-08-13T16:21:26Z
GEN-02260,Shipped,2026-08-13T19:07:00Z
GEN-02260,Delivered,2026-08-13T21:25:43Z
GEN-02261,Order Created,2026-08-15T08:28:53Z
GEN-02261,Payment Received,2026-08-15T08:32:32Z
GEN-02261,Packed,2026-08-15T18:25:51Z
GEN-02261,Inspected,2026-08-15T19:09:10Z
GEN-02261,Shipped,2026-08-15T22:06:44Z
GEN-02261,Delivered,2026-08-16T03:26:56Z
GEN-02262,Order Created,2026-08-10T13:20:39Z
GEN-02262,Payment Attempt,2026-08-10T13:42:41Z
GEN-02262,Payment Received,2026-08-10T13:51:33Z
GEN-02262,Packed,2026-08-10T20:07:40Z
GEN-02262,Inspected,2026-08-10T20:38:42Z
GEN-02262,Shipped,2026-08-10T23:01:53Z
GEN-02262,Delivered,2026-08-11T05:06:23Z
GEN-02263,Order Created,2026-08-10T11:39:01Z
GEN-02263,Payment Received,2026-08-10T11:44:49Z
GEN-02263,Packed,2026-08-10T13:47:15Z
GEN-02263,Inspected,2026-08-10T14:41:17Z
GEN-02263,Shipped,2026-08-10T17:08:58Z
GEN-02263,Delivered,2026-08-10T20:57:23Z
GEN-02264,Order Created,2026-08-08T19:40:32Z
GEN-02264,Payment Attempt,2026-08-08T19:47:52Z
GEN-02264,Payment Attempt,2026-08-08T20:12:07Z
GEN-02264,Payment Received,2026-08-08T20:29:05Z
GEN-02264,Packed,2026-08-09T05:05:21Z
GEN-02265,Order Created,2026-08-06T09:10:03Z
GEN-02265,Payment Received,2026-08-06T09:17:57Z
GEN-02265,Packed,2026-08-06T20:35:16Z
GEN-02265,Inspected,2026-08-06T21:29:25Z
GEN-02265,Shipped,2026-08-07T00:53:22Z
GEN-02265,Delivered,2026-08-07T02:53:50Z
GEN-02266,Order Created,2026-08-07T10:24:01Z
GEN-02266,Payment Attempt,2026-08-07T10:35:12Z
GEN-02266,Payment Received,2026-08-07T10:42:31Z
GEN-02266,Packed,2026-08-07T14:24:06Z
GEN-02266,Inspected,2026-08-07T14:59:46Z
GEN-02266,Shipped,2026-08-07T16:39:59Z
GEN-02266,Delivered,2026-08-07T18:28:14Z
GEN-02267,Order Created,2026-08-07T10:53:19Z
GEN-02267,Payment Received,2026-08-07T11:10:14Z
GEN-02267,Packed,2026-08-07T14:31:43Z
GEN-02267,Inspected,2026-08-07T15:24:51Z
GEN-02267,Shipped,2026-08-07T17:37:02Z
GEN-02267,Delivered,2026-08-07T21:23:16Z
GEN-02268,Order Created,2026-08-14T17:48:10Z
GEN-02268,Payment Received,2026-08-14T18:05:02Z
GEN-02268,Packed,2026-08-14T21:25:48Z
GEN-02268,Inspected,2026-08-14T22:20:58Z
GEN-02268,Shipped,2026-08-15T00:05:13Z
GEN-02268,Delivered,2026-08-15T02:54:40Z
GEN-02269,Order Created,2026-08-15T17:20:54Z
GEN-02269,Payment Attempt,2026-08-15T17:36:26Z
GEN-02269,Payment Received,2026-08-15T17:52:02Z
GEN-02269,Packed,2026-08-16T02:44:13Z
GEN-02269,Inspected,2026-08-16T03:34:56Z
GEN-02269,Shipped,2026-08-16T04:52:22Z
GEN-02269,Delivered,2026-08-16T08:06:08Z
GEN-02270,Order Created,2026-08-10T16:27:34Z
GEN-02270,Payment Received,2026-08-10T16:33:15Z
GEN-02270,Packed,2026-08-10T21:31:08Z
GEN-02270,Inspected,2026-08-10T21:55:03Z
GEN-02270,Packed,2026-08-10T23:14:44Z
GEN-02270,Inspected,2026-08-11T00:13:31Z
GEN-02270,Shipped,2026-08-11T04:09:30Z
GEN-02270,Delivered,2026-08-11T07:56:30Z
GEN-02271,Order Created,2026-08-06T10:23:26Z
GEN-02271,Payment Received,2026-08-06T10:41:39Z
GEN-02271,Packed,2026-08-06T14:22:46Z
GEN-02271,Inspected,2026-08-06T15:12:58Z
GEN-02271,Shipped,2026-08-06T19:10:30Z
GEN-02271,Delivered,2026-08-07T01:48:17Z
GEN-02272,Order Created,2026-08-11T14:41:59Z
GEN-02272,Payment Received,2026-08-11T14:46:00Z
GEN-02272,Packed,2026-08-11T22:57:38Z
GEN-02272,Inspected,2026-08-11T23:33:59Z
GEN-02272,Shipped,2026-08-12T02:41:47Z
GEN-02272,Delivered,2026-08-12T07:03:04Z
GEN-02273,Order Created,2026-08-14T14:19:40Z
GEN-02273,Payment Received,2026-08-14T14:33:38Z
GEN-02273,Packed,2026-08-14T19:45:02Z
GEN-02273,Inspected,2026-08-14T20:08:02Z
GEN-02273,Shipped,2026-08-14T23:24:47Z
GEN-02273,Delivered,2026-08-15T01:43:48Z
GEN-02274,Order Created,2026-08-13T11:36:37Z
GEN-02274,Payment Received,2026-08-13T11:46:47Z
GEN-02274,Packed,2026-08-13T14:18:39Z
GEN-02274,Inspected,2026-08-13T14:58:34Z
GEN-02274,Packed,2026-08-13T16:02:36Z
GEN-02274,Inspected,2026-08-13T16:59:41Z
GEN-02274,Packed,2026-08-13T19:52:44Z
GEN-02274,Inspected,2026-08-13T20:52:26Z
GEN-02274,Shipped,2026-08-13T23:46:40Z
GEN-02274,Delivered,2026-08-14T01:59:36Z
GEN-02275,Order Created,2026-08-08T18:03:34Z
GEN-02275,Payment Received,2026-08-08T18:22:18Z
GEN-02275,Packed,2026-08-09T07:52:42Z
GEN-02275,Inspected,2026-08-09T08:28:17Z
GEN-02275,Shipped,2026-08-09T11:11:46Z
GEN-02276,Order Created,2026-08-06T10:20:37Z
GEN-02276,Payment Received,2026-08-06T10:36:14Z
GEN-02276,Packed,2026-08-06T16:43:02Z
GEN-02276,Inspected,2026-08-06T17:30:56Z
GEN-02276,Shipped,2026-08-06T20:03:48Z
GEN-02276,Delivered,2026-08-07T00:02:58Z
GEN-02277,Order Created,2026-08-07T11:12:34Z
GEN-02277,Payment Received,2026-08-07T11:27:20Z
GEN-02277,Packed,2026-08-07T21:45:41Z
GEN-02277,Inspected,2026-08-07T22:21:20Z
GEN-02277,Shipped,2026-08-07T23:41:51Z
GEN-02277,Delivered,2026-08-08T01:35:25Z
GEN-02278,Order Created,2026-08-04T16:06:34Z
GEN-02278,Payment Received,2026-08-04T16:16:29Z
GEN-02278,Packed,2026-08-05T01:41:36Z
GEN-02278,Inspected,2026-08-05T02:17:51Z
GEN-02278,Shipped,2026-08-05T04:06:27Z
GEN-02278,Delivered,2026-08-05T06:39:22Z
GEN-02279,Order Created,2026-08-16T18:48:18Z
GEN-02280,Order Created,2026-08-11T15:45:03Z
GEN-02280,Payment Received,2026-08-11T16:00:17Z
GEN-02280,Packed,2026-08-12T03:39:30Z
GEN-02280,Inspected,2026-08-12T04:09:32Z
GEN-02280,Shipped,2026-08-12T05:47:38Z
GEN-02280,Delivered,2026-08-12T09:39:57Z
GEN-02281,Order Created,2026-08-05T14:11:48Z
GEN-02281,Payment Received,2026-08-05T14:17:34Z
GEN-02281,Packed,2026-08-05T18:14:19Z
GEN-02281,Inspected,2026-08-05T18:34:24Z
GEN-02281,Packed,2026-08-05T20:47:10Z
GEN-02281,Inspected,2026-08-05T21:42:45Z
GEN-02281,Shipped,2026-08-06T01:07:14Z
GEN-02281,Delivered,2026-08-06T05:16:28Z
GEN-02282,Order Created,2026-08-06T11:35:42Z
GEN-02282,Payment Attempt,2026-08-06T11:39:41Z
GEN-02282,Payment Received,2026-08-06T11:52:37Z
GEN-02282,Packed,2026-08-06T13:26:45Z
GEN-02282,Inspected,2026-08-06T13:54:33Z
GEN-02282,Shipped,2026-08-06T15:41:09Z
GEN-02282,Delivered,2026-08-06T21:11:52Z
GEN-02283,Order Created,2026-08-04T13:03:45Z
GEN-02283,Payment Received,2026-08-04T13:10:00Z
GEN-02283,Packed,2026-08-05T00:28:38Z
GEN-02283,Inspected,2026-08-05T00:53:23Z
GEN-02283,Packed,2026-08-05T03:07:17Z
GEN-02283,Inspected,2026-08-05T03:47:35Z
GEN-02283,Packed,2026-08-05T05:37:49Z
GEN-02283,Inspected,2026-08-05T06:26:53Z
GEN-02283,Shipped,2026-08-05T10:00:35Z
GEN-02283,Delivered,2026-08-05T11:27:14Z
GEN-02284,Order Created,2026-08-07T12:00:31Z
GEN-02284,Payment Received,2026-08-07T12:05:14Z
GEN-02284,Packed,2026-08-08T10:38:51Z
GEN-02284,Inspected,2026-08-08T11:19:20Z
GEN-02284,Shipped,2026-08-08T14:10:38Z
GEN-02284,Delivered,2026-08-08T17:53:04Z
GEN-02285,Order Created,2026-08-13T16:14:56Z
GEN-02285,Payment Received,2026-08-13T16:29:42Z
GEN-02285,Packed,2026-08-13T21:51:23Z
GEN-02285,Inspected,2026-08-13T22:20:58Z
GEN-02285,Shipped,2026-08-14T01:54:47Z
GEN-02285,Delivered,2026-08-14T05:07:10Z
GEN-02286,Order Created,2026-08-13T17:57:29Z
GEN-02286,Payment Received,2026-08-13T18:16:55Z
GEN-02286,Packed,2026-08-13T21:04:30Z
GEN-02286,Inspected,2026-08-13T21:28:29Z
GEN-02286,Shipped,2026-08-13T23:39:06Z
GEN-02287,Order Created,2026-08-04T09:06:42Z
GEN-02287,Payment Received,2026-08-04T09:21:10Z
GEN-02287,Packed,2026-08-04T11:03:25Z
GEN-02287,Inspected,2026-08-04T11:52:16Z
GEN-02287,Shipped,2026-08-04T14:17:01Z
GEN-02287,Delivered,2026-08-04T15:52:33Z
GEN-02288,Order Created,2026-08-05T17:54:55Z
GEN-02288,Payment Received,2026-08-05T18:05:26Z
GEN-02288,Packed,2026-08-06T01:13:41Z
GEN-02288,Inspected,2026-08-06T01:57:40Z
GEN-02288,Shipped,2026-08-06T03:39:34Z
GEN-02288,Delivered,2026-08-06T06:33:39Z
GEN-02289,Order Created,2026-08-06T19:05:23Z
GEN-02289,Payment Received,2026-08-06T19:12:33Z
GEN-02289,Packed,2026-08-06T21:27:13Z
GEN-02290,Order Created,2026-08-06T08:35:34Z
GEN-02290,Payment Received,2026-08-06T08:42:30Z
GEN-02290,Packed,2026-08-06T19:33:13Z
GEN-02290,Inspected,2026-08-06T20:06:22Z
GEN-02290,Shipped,2026-08-07T00:01:40Z
GEN-02290,Delivered,2026-08-07T02:55:36Z
GEN-02291,Order Created,2026-08-06T19:17:22Z
GEN-02291,Payment Attempt,2026-08-06T19:36:37Z
GEN-02291,Payment Attempt,2026-08-06T19:41:47Z
GEN-02291,Payment Received,2026-08-06T20:00:35Z
GEN-02291,Packed,2026-08-07T05:55:52Z
GEN-02291,Inspected,2026-08-07T06:51:44Z
GEN-02291,Shipped,2026-08-07T08:55:23Z
GEN-02291,Delivered,2026-08-07T11:10:14Z
GEN-02292,Order Created,2026-08-10T11:29:36Z
GEN-02292,Payment Received,2026-08-10T11:39:24Z
GEN-02292,Packed,2026-08-10T13:08:49Z
GEN-02292,Inspected,2026-08-10T13:33:39Z
GEN-02292,Shipped,2026-08-10T16:59:46Z
GEN-02292,Delivered,2026-08-10T21:12:25Z
GEN-02293,Order Created,2026-08-14T08:38:53Z
GEN-02293,Payment Attempt,2026-08-14T08:55:51Z
GEN-02293,Payment Received,2026-08-14T09:00:05Z
GEN-02293,Packed,2026-08-14T13:35:18Z
GEN-02293,Inspected,2026-08-14T14:06:22Z
GEN-02293,Shipped,2026-08-14T17:12:11Z
GEN-02293,Delivered,2026-08-14T21:39:56Z
GEN-02294,Order Created,2026-08-13T08:13:24Z
GEN-02294,Payment Received,2026-08-13T08:20:12Z
GEN-02294,Packed,2026-08-13T15:01:39Z
GEN-02294,Inspected,2026-08-13T15:41:16Z
GEN-02294,Shipped,2026-08-13T19:16:27Z
GEN-02294,Delivered,2026-08-13T22:16:35Z
GEN-02295,Order Created,2026-08-16T14:25:59Z
GEN-02295,Payment Attempt,2026-08-16T14:30:15Z
GEN-02295,Payment Attempt,2026-08-16T14:47:39Z
GEN-02295,Payment Received,2026-08-16T14:59:27Z
GEN-02295,Packed,2026-08-18T02:01:08Z
GEN-02295,Inspected,2026-08-18T02:41:55Z
GEN-02295,Shipped,2026-08-18T05:33:55Z
GEN-02295,Delivered,2026-08-18T10:06:09Z
GEN-02296,Order Created,2026-08-04T17:40:56Z
GEN-02297,Order Created,2026-08-11T17:02:01Z
GEN-02297,Payment Attempt,2026-08-11T17:19:55Z
GEN-02297,Payment Received,2026-08-11T17:34:46Z
GEN-02297,Packed,2026-08-11T20:51:44Z
GEN-02297,Inspected,2026-08-11T21:50:49Z
GEN-02297,Shipped,2026-08-12T01:05:17Z
GEN-02298,Order Created,2026-08-05T17:07:13Z
GEN-02298,Payment Received,2026-08-05T17:14:33Z
GEN-02298,Packed,2026-08-05T20:45:45Z
GEN-02298,Inspected,2026-08-05T21:35:06Z
GEN-02298,Packed,2026-08-05T23:34:04Z
GEN-02298,Inspected,2026-08-06T00:30:42Z
GEN-02298,Shipped,2026-08-06T03:02:13Z
GEN-02298,Delivered,2026-08-06T05:22:20Z
GEN-02299,Order Created,2026-08-03T17:32:05Z
GEN-02299,Payment Attempt,2026-08-03T17:44:09Z
GEN-02299,Payment Attempt,2026-08-03T17:52:22Z
GEN-02299,Payment Received,2026-08-03T17:55:52Z
GEN-02299,Packed,2026-08-03T22:53:54Z
GEN-02299,Inspected,2026-08-03T23:26:48Z
GEN-02299,Shipped,2026-08-04T02:07:05Z
GEN-02299,Delivered,2026-08-04T04:16:27Z
GEN-02300,Order Created,2026-08-07T19:42:26Z
GEN-02300,Payment Received,2026-08-07T19:56:35Z
GEN-02300,Packed,2026-08-08T03:43:25Z
GEN-02300,Inspected,2026-08-08T04:31:33Z
GEN-02300,Shipped,2026-08-08T06:59:10Z
GEN-02300,Delivered,2026-08-08T10:12:12Z
GEN-02301,Order Created,2026-08-12T09:36:10Z
GEN-02301,Payment Attempt,2026-08-12T09:39:28Z
GEN-02301,Payment Received,2026-08-12T09:59:08Z
GEN-02301,Packed,2026-08-12T15:12:00Z
GEN-02301,Inspected,2026-08-12T16:00:53Z
GEN-02301,Shipped,2026-08-12T19:38:58Z
GEN-02301,Delivered,2026-08-12T21:04:43Z
GEN-02302,Order Created,2026-08-14T14:02:41Z
GEN-02303,Order Created,2026-08-10T10:28:04Z
GEN-02303,Payment Received,2026-08-10T10:33:12Z
GEN-02303,Packed,2026-08-10T17:59:28Z
GEN-02304,Order Created,2026-08-03T09:41:07Z
GEN-02304,Payment Attempt,2026-08-03T10:01:32Z
GEN-02304,Payment Received,2026-08-03T10:16:29Z
GEN-02304,Packed,2026-08-03T14:51:06Z
GEN-02304,Inspected,2026-08-03T15:25:42Z
GEN-02304,Shipped,2026-08-03T17:32:42Z
GEN-02304,Delivered,2026-08-03T20:03:45Z
GEN-02305,Order Created,2026-08-12T09:58:06Z
GEN-02305,Payment Attempt,2026-08-12T10:21:42Z
GEN-02305,Payment Received,2026-08-12T10:26:54Z
GEN-02305,Packed,2026-08-12T20:45:45Z
GEN-02305,Inspected,2026-08-12T21:39:27Z
GEN-02305,Shipped,2026-08-13T01:26:25Z
GEN-02305,Delivered,2026-08-13T03:26:46Z
GEN-02306,Order Created,2026-08-13T08:59:14Z
GEN-02306,Payment Received,2026-08-13T09:18:33Z
GEN-02306,Packed,2026-08-13T13:43:43Z
GEN-02306,Inspected,2026-08-13T14:32:30Z
GEN-02306,Shipped,2026-08-13T16:53:12Z
GEN-02306,Delivered,2026-08-13T19:19:43Z
GEN-02307,Order Created,2026-08-05T15:23:53Z
GEN-02307,Payment Received,2026-08-05T15:30:57Z
GEN-02307,Packed,2026-08-05T23:08:38Z
GEN-02308,Order Created,2026-08-04T14:31:39Z
GEN-02308,Payment Received,2026-08-04T14:48:03Z
GEN-02308,Packed,2026-08-05T00:06:10Z
GEN-02309,Order Created,2026-08-05T12:13:04Z
GEN-02309,Payment Attempt,2026-08-05T12:35:06Z
GEN-02309,Payment Received,2026-08-05T12:43:10Z
GEN-02309,Packed,2026-08-05T17:19:18Z
GEN-02310,Order Created,2026-08-07T15:08:47Z
GEN-02310,Payment Received,2026-08-07T15:18:08Z
GEN-02310,Packed,2026-08-07T21:56:26Z
GEN-02310,Inspected,2026-08-07T22:49:42Z
GEN-02310,Packed,2026-08-08T01:37:44Z
GEN-02310,Inspected,2026-08-08T02:15:09Z
GEN-02310,Shipped,2026-08-08T06:04:15Z
GEN-02310,Delivered,2026-08-08T08:30:22Z
GEN-02311,Order Created,2026-08-12T16:11:11Z
GEN-02311,Payment Received,2026-08-12T16:17:29Z
GEN-02311,Packed,2026-08-12T19:28:24Z
GEN-02311,Inspected,2026-08-12T20:22:31Z
GEN-02311,Shipped,2026-08-12T23:31:14Z
GEN-02311,Delivered,2026-08-13T02:44:59Z
GEN-02312,Order Created,2026-08-03T13:03:39Z
GEN-02312,Payment Received,2026-08-03T13:13:54Z
GEN-02312,Packed,2026-08-03T22:02:34Z
GEN-02312,Inspected,2026-08-03T22:58:08Z
GEN-02312,Packed,2026-08-04T00:38:05Z
GEN-02312,Inspected,2026-08-04T01:22:45Z
GEN-02312,Shipped,2026-08-04T03:41:34Z
GEN-02312,Delivered,2026-08-04T06:16:27Z
GEN-02313,Order Created,2026-08-09T19:19:48Z
GEN-02313,Payment Received,2026-08-09T19:27:59Z
GEN-02313,Packed,2026-08-10T15:45:06Z
GEN-02313,Inspected,2026-08-10T16:09:34Z
GEN-02313,Shipped,2026-08-10T19:08:00Z
GEN-02313,Delivered,2026-08-11T00:02:17Z
GEN-02314,Order Created,2026-08-16T16:36:15Z
GEN-02314,Payment Attempt,2026-08-16T16:42:33Z
GEN-02314,Payment Received,2026-08-16T16:50:11Z
GEN-02314,Packed,2026-08-18T11:25:10Z
GEN-02314,Inspected,2026-08-18T11:53:49Z
GEN-02314,Packed,2026-08-18T14:01:31Z
GEN-02314,Inspected,2026-08-18T14:45:11Z
GEN-02314,Packed,2026-08-18T16:18:13Z
GEN-02314,Inspected,2026-08-18T17:17:07Z
GEN-02314,Shipped,2026-08-18T20:31:19Z
GEN-02314,Delivered,2026-08-19T00:07:17Z
GEN-02315,Order Created,2026-08-14T13:57:10Z
GEN-02315,Payment Received,2026-08-14T14:05:11Z
GEN-02315,Packed,2026-08-14T18:38:25Z
GEN-02315,Inspected,2026-08-14T19:11:28Z
GEN-02315,Shipped,2026-08-14T22:51:14Z
GEN-02315,Delivered,2026-08-15T01:23:34Z
GEN-02316,Order Created,2026-08-03T08:19:33Z
GEN-02316,Payment Received,2026-08-03T08:29:12Z
GEN-02316,Packed,2026-08-03T19:02:00Z
GEN-02316,Inspected,2026-08-03T19:38:29Z
GEN-02316,Packed,2026-08-03T21:43:00Z
GEN-02316,Inspected,2026-08-03T22:05:41Z
GEN-02316,Packed,2026-08-03T23:12:20Z
GEN-02316,Inspected,2026-08-03T23:56:45Z
GEN-02316,Packed,2026-08-04T01:54:10Z
GEN-02316,Inspected,2026-08-04T02:43:55Z
GEN-02316,Shipped,2026-08-04T04:57:27Z
GEN-02316,Delivered,2026-08-04T08:05:37Z
GEN-02317,Order Created,2026-08-10T12:38:34Z
GEN-02317,Payment Received,2026-08-10T12:50:32Z
GEN-02317,Packed,2026-08-10T19:00:48Z
GEN-02317,Inspected,2026-08-10T19:50:22Z
GEN-02317,Shipped,2026-08-10T22:01:38Z
GEN-02317,Delivered,2026-08-11T00:13:50Z
GEN-02318,Order Created,2026-08-05T15:52:30Z
GEN-02318,Payment Attempt,2026-08-05T16:13:55Z
GEN-02318,Payment Attempt,2026-08-05T16:19:18Z
GEN-02318,Payment Received,2026-08-05T16:38:53Z
GEN-02318,Packed,2026-08-05T19:54:59Z
GEN-02318,Inspected,2026-08-05T20:34:56Z
GEN-02318,Shipped,2026-08-06T00:06:56Z
GEN-02318,Delivered,2026-08-06T01:43:24Z
GEN-02319,Order Created,2026-08-13T15:17:27Z
GEN-02319,Payment Received,2026-08-13T15:33:39Z
GEN-02319,Packed,2026-08-13T23:01:57Z
GEN-02319,Inspected,2026-08-14T00:00:05Z
GEN-02319,Shipped,2026-08-14T01:25:25Z
GEN-02320,Order Created,2026-08-13T08:37:19Z
GEN-02320,Payment Attempt,2026-08-13T09:00:56Z
GEN-02320,Payment Received,2026-08-13T09:08:39Z
GEN-02320,Packed,2026-08-13T13:03:07Z
GEN-02321,Order Created,2026-08-06T14:04:19Z
GEN-02321,Payment Received,2026-08-06T14:20:30Z
GEN-02321,Packed,2026-08-06T17:36:09Z
GEN-02321,Inspected,2026-08-06T18:31:00Z
GEN-02321,Shipped,2026-08-06T20:32:36Z
GEN-02321,Delivered,2026-08-07T00:03:10Z
GEN-02322,Order Created,2026-08-04T14:03:07Z
GEN-02322,Payment Received,2026-08-04T14:12:54Z
GEN-02322,Packed,2026-08-04T18:50:01Z
GEN-02322,Inspected,2026-08-04T19:14:37Z
GEN-02322,Packed,2026-08-04T20:45:47Z
GEN-02322,Inspected,2026-08-04T21:13:17Z
GEN-02322,Packed,2026-08-04T23:14:14Z
GEN-02322,Inspected,2026-08-05T00:01:46Z
GEN-02322,Shipped,2026-08-05T01:25:51Z
GEN-02322,Delivered,2026-08-05T05:56:35Z
GEN-02323,Order Created,2026-08-05T18:04:12Z
GEN-02323,Payment Received,2026-08-05T18:15:33Z
GEN-02323,Packed,2026-08-06T03:29:41Z
GEN-02323,Inspected,2026-08-06T03:59:23Z
GEN-02323,Shipped,2026-08-06T07:24:33Z
GEN-02323,Delivered,2026-08-06T11:14:20Z
GEN-02324,Order Created,2026-08-16T12:26:02Z
GEN-02324,Payment Received,2026-08-16T12:41:16Z
GEN-02324,Packed,2026-08-16T23:06:52Z
GEN-02324,Inspected,2026-08-17T00:00:50Z
GEN-02324,Shipped,2026-08-17T01:27:46Z
GEN-02324,Delivered,2026-08-17T03:25:02Z
GEN-02325,Order Created,2026-08-13T18:52:16Z
GEN-02325,Payment Received,2026-08-13T19:11:34Z
GEN-02325,Packed,2026-08-13T23:04:32Z
GEN-02325,Inspected,2026-08-13T23:40:34Z
GEN-02325,Shipped,2026-08-14T02:08:15Z
GEN-02325,Delivered,2026-08-14T05:13:24Z
GEN-02326,Order Created,2026-08-07T11:45:31Z
GEN-02326,Payment Received,2026-08-07T11:59:07Z
GEN-02326,Packed,2026-08-07T18:12:03Z
GEN-02327,Order Created,2026-08-04T12:29:47Z
GEN-02327,Payment Received,2026-08-04T12:38:00Z
GEN-02327,Packed,2026-08-04T17:04:18Z
GEN-02327,Inspected,2026-08-04T17:32:31Z
GEN-02327,Shipped,2026-08-04T19:55:32Z
GEN-02327,Delivered,2026-08-05T01:17:13Z
GEN-02328,Order Created,2026-08-10T09:26:56Z
GEN-02328,Payment Received,2026-08-10T09:45:26Z
GEN-02328,Packed,2026-08-10T15:13:50Z
GEN-02328,Inspected,2026-08-10T16:04:25Z
GEN-02328,Shipped,2026-08-10T17:44:38Z
GEN-02328,Delivered,2026-08-10T19:15:39Z
GEN-02329,Order Created,2026-08-06T12:18:43Z
GEN-02329,Payment Received,2026-08-06T12:30:48Z
GEN-02329,Packed,2026-08-07T05:31:28Z
GEN-02329,Inspected,2026-08-07T05:55:07Z
GEN-02329,Shipped,2026-08-07T08:53:02Z
GEN-02329,Delivered,2026-08-07T12:17:30Z
GEN-02330,Order Created,2026-08-06T17:30:51Z
GEN-02330,Payment Received,2026-08-06T17:37:18Z
GEN-02330,Packed,2026-08-06T23:45:55Z
GEN-02330,Inspected,2026-08-07T00:36:50Z
GEN-02330,Shipped,2026-08-07T03:02:48Z
GEN-02330,Delivered,2026-08-07T05:19:01Z
GEN-02331,Order Created,2026-08-10T18:55:35Z
GEN-02331,Payment Received,2026-08-10T19:06:42Z
GEN-02331,Packed,2026-08-11T04:08:43Z
GEN-02331,Inspected,2026-08-11T04:54:53Z
GEN-02331,Packed,2026-08-11T06:04:29Z
GEN-02331,Inspected,2026-08-11T06:24:46Z
GEN-02331,Shipped,2026-08-11T08:20:29Z
GEN-02331,Delivered,2026-08-11T10:11:07Z
GEN-02332,Order Created,2026-08-14T13:22:16Z
GEN-02332,Payment Attempt,2026-08-14T13:25:18Z
GEN-02332,Payment Attempt,2026-08-14T13:47:57Z
GEN-02332,Payment Received,2026-08-14T13:57:12Z
GEN-02332,Packed,2026-08-14T19:37:33Z
GEN-02332,Inspected,2026-08-14T20:21:42Z
GEN-02332,Shipped,2026-08-14T22:39:42Z
GEN-02332,Delivered,2026-08-15T01:39:51Z
GEN-02333,Order Created,2026-08-09T17:20:25Z
GEN-02333,Payment Received,2026-08-09T17:38:26Z
GEN-02333,Packed,2026-08-09T22:13:57Z
GEN-02333,Inspected,2026-08-09T22:35:14Z
GEN-02333,Shipped,2026-08-10T01:05:30Z
GEN-02334,Order Created,2026-08-12T16:59:56Z
GEN-02334,Payment Received,2026-08-12T17:07:54Z
GEN-02334,Packed,2026-08-12T23:39:19Z
GEN-02334,Inspected,2026-08-13T00:18:19Z
GEN-02334,Shipped,2026-08-13T04:08:17Z
GEN-02334,Delivered,2026-08-13T05:13:40Z
GEN-02335,Order Created,2026-08-11T11:12:45Z
GEN-02336,Order Created,2026-08-10T12:50:46Z
GEN-02337,Order Created,2026-08-03T14:19:37Z
GEN-02337,Payment Received,2026-08-03T14:36:10Z
GEN-02337,Packed,2026-08-03T22:51:40Z
GEN-02338,Order Created,2026-08-04T15:02:08Z
GEN-02338,Payment Received,2026-08-04T15:07:11Z
GEN-02338,Packed,2026-08-04T22:26:25Z
GEN-02338,Inspected,2026-08-04T23:17:56Z
GEN-02338,Packed,2026-08-05T01:22:42Z
GEN-02338,Inspected,2026-08-05T01:46:53Z
GEN-02338,Shipped,2026-08-05T04:52:18Z
GEN-02338,Delivered,2026-08-05T10:02:02Z
GEN-02339,Order Created,2026-08-06T12:21:43Z
GEN-02339,Payment Received,2026-08-06T12:26:31Z
GEN-02339,Packed,2026-08-07T03:47:58Z
GEN-02339,Inspected,2026-08-07T04:19:02Z
GEN-02339,Shipped,2026-08-07T06:32:17Z
GEN-02339,Delivered,2026-08-07T08:04:04Z
GEN-02340,Order Created,2026-08-14T16:59:27Z
GEN-02341,Order Created,2026-08-15T17:47:38Z
GEN-02341,Payment Received,2026-08-15T18:02:33Z
GEN-02341,Packed,2026-08-16T05:17:05Z
GEN-02341,Inspected,2026-08-16T05:57:59Z
GEN-02341,Shipped,2026-08-16T07:21:25Z
GEN-02341,Delivered,2026-08-16T10:57:04Z
GEN-02342,Order Created,2026-08-05T13:37:55Z
GEN-02342,Payment Received,2026-08-05T13:44:39Z
GEN-02342,Packed,2026-08-06T06:18:13Z
GEN-02342,Inspected,2026-08-06T07:13:58Z
GEN-02342,Shipped,2026-08-06T08:31:10Z
GEN-02342,Delivered,2026-08-06T12:18:53Z
GEN-02343,Order Created,2026-08-15T11:43:40Z
GEN-02343,Payment Attempt,2026-08-15T11:55:31Z
GEN-02343,Payment Attempt,2026-08-15T12:12:21Z
GEN-02343,Payment Received,2026-08-15T12:27:31Z
GEN-02343,Packed,2026-08-16T00:38:51Z
GEN-02343,Inspected,2026-08-16T01:29:19Z
GEN-02343,Packed,2026-08-16T03:00:55Z
GEN-02343,Inspected,2026-08-16T03:38:10Z
GEN-02343,Packed,2026-08-16T06:23:42Z
GEN-02343,Inspected,2026-08-16T06:59:24Z
GEN-02343,Packed,2026-08-16T09:42:37Z
GEN-02343,Inspected,2026-08-16T10:34:12Z
GEN-02343,Shipped,2026-08-16T12:28:28Z
GEN-02343,Delivered,2026-08-16T16:26:46Z
GEN-02344,Order Created,2026-08-08T11:05:20Z
GEN-02344,Payment Received,2026-08-08T11:21:07Z
GEN-02344,Packed,2026-08-09T04:30:31Z
GEN-02344,Inspected,2026-08-09T05:24:12Z
GEN-02344,Shipped,2026-08-09T08:19:12Z
GEN-02344,Delivered,2026-08-09T10:58:17Z
GEN-02345,Order Created,2026-08-07T08:14:29Z
GEN-02345,Payment Attempt,2026-08-07T08:30:43Z
GEN-02345,Payment Received,2026-08-07T08:37:08Z
GEN-02345,Packed,2026-08-07T12:17:17Z
GEN-02345,Inspected,2026-08-07T13:02:27Z
GEN-02345,Shipped,2026-08-07T14:33:49Z
GEN-02345,Delivered,2026-08-07T17:37:46Z
GEN-02346,Order Created,2026-08-16T09:03:58Z
GEN-02346,Payment Received,2026-08-16T09:07:50Z
GEN-02346,Packed,2026-08-17T02:35:26Z
GEN-02346,Inspected,2026-08-17T03:27:47Z
GEN-02346,Shipped,2026-08-17T05:22:46Z
GEN-02346,Delivered,2026-08-17T08:40:51Z
GEN-02347,Order Created,2026-08-04T12:59:15Z
GEN-02347,Payment Received,2026-08-04T13:07:02Z
GEN-02347,Packed,2026-08-04T16:48:27Z
GEN-02347,Inspected,2026-08-04T17:39:46Z
GEN-02347,Shipped,2026-08-04T20:33:03Z
GEN-02347,Delivered,2026-08-04T23:25:06Z
GEN-02348,Order Created,2026-08-15T18:26:47Z
GEN-02348,Payment Received,2026-08-15T18:30:42Z
GEN-02348,Packed,2026-08-16T05:28:16Z
GEN-02348,Inspected,2026-08-16T05:48:17Z
GEN-02348,Shipped,2026-08-16T06:53:26Z
GEN-02348,Delivered,2026-08-16T09:26:53Z
GEN-02349,Order Created,2026-08-12T12:40:36Z
GEN-02349,Payment Received,2026-08-12T12:44:58Z
GEN-02349,Packed,2026-08-12T21:08:08Z
GEN-02349,Inspected,2026-08-12T21:55:15Z
GEN-02349,Shipped,2026-08-13T01:24:09Z
GEN-02349,Delivered,2026-08-13T03:16:33Z
GEN-02350,Order Created,2026-08-09T16:00:41Z
GEN-02350,Payment Received,2026-08-09T16:08:31Z
GEN-02350,Packed,2026-08-10T02:19:03Z
GEN-02350,Inspected,2026-08-10T03:08:08Z
GEN-02350,Shipped,2026-08-10T05:03:47Z
GEN-02350,Delivered,2026-08-10T09:58:05Z
GEN-02351,Order Created,2026-08-05T16:21:05Z
GEN-02351,Payment Received,2026-08-05T16:23:52Z
GEN-02351,Packed,2026-08-06T08:19:18Z
GEN-02351,Inspected,2026-08-06T09:08:40Z
GEN-02351,Shipped,2026-08-06T12:37:08Z
GEN-02351,Delivered,2026-08-06T16:16:21Z
GEN-02352,Order Created,2026-08-16T11:40:40Z
GEN-02352,Payment Received,2026-08-16T11:53:41Z
GEN-02352,Packed,2026-08-16T19:56:27Z
GEN-02352,Inspected,2026-08-16T20:16:29Z
GEN-02352,Shipped,2026-08-16T23:04:11Z
GEN-02352,Delivered,2026-08-17T01:15:21Z
GEN-02353,Order Created,2026-08-05T08:01:01Z
GEN-02353,Payment Received,2026-08-05T08:16:30Z
GEN-02353,Packed,2026-08-05T12:35:45Z
GEN-02353,Inspected,2026-08-05T13:30:20Z
GEN-02353,Packed,2026-08-05T15:42:21Z
GEN-02353,Inspected,2026-08-05T16:19:21Z
GEN-02353,Shipped,2026-08-05T19:07:58Z
GEN-02353,Delivered,2026-08-05T22:06:53Z
GEN-02354,Order Created,2026-08-03T14:08:25Z
GEN-02354,Payment Received,2026-08-03T14:13:37Z
GEN-02354,Packed,2026-08-03T19:33:33Z
GEN-02354,Inspected,2026-08-03T20:25:16Z
GEN-02354,Packed,2026-08-03T23:08:14Z
GEN-02354,Inspected,2026-08-03T23:36:00Z
GEN-02354,Packed,2026-08-04T01:23:36Z
GEN-02354,Inspected,2026-08-04T02:20:04Z
GEN-02354,Shipped,2026-08-04T06:14:02Z
GEN-02354,Delivered,2026-08-04T08:14:37Z
GEN-02355,Order Created,2026-08-11T10:56:57Z
GEN-02355,Payment Received,2026-08-11T11:09:14Z
GEN-02355,Packed,2026-08-11T22:58:49Z
GEN-02355,Inspected,2026-08-11T23:45:57Z
GEN-02355,Shipped,2026-08-12T03:12:17Z
GEN-02355,Delivered,2026-08-12T06:46:03Z
GEN-02356,Order Created,2026-08-11T09:35:57Z
GEN-02356,Payment Attempt,2026-08-11T09:43:46Z
GEN-02356,Payment Received,2026-08-11T09:49:06Z
GEN-02356,Packed,2026-08-11T15:28:04Z
GEN-02356,Inspected,2026-08-11T16:13:56Z
GEN-02356,Shipped,2026-08-11T17:31:43Z
GEN-02356,Delivered,2026-08-11T21:19:22Z
GEN-02357,Order Created,2026-08-09T15:12:31Z
GEN-02357,Payment Received,2026-08-09T15:27:03Z
GEN-02357,Packed,2026-08-09T23:52:38Z
GEN-02357,Inspected,2026-08-10T00:28:57Z
GEN-02357,Shipped,2026-08-10T01:49:16Z
GEN-02357,Delivered,2026-08-10T03:57:34Z
GEN-02358,Order Created,2026-08-12T16:57:03Z
GEN-02358,Payment Received,2026-08-12T17:16:22Z
GEN-02358,Packed,2026-08-12T19:49:36Z
GEN-02358,Inspected,2026-08-12T20:23:14Z
GEN-02358,Shipped,2026-08-12T23:21:45Z
GEN-02358,Delivered,2026-08-13T03:40:06Z
GEN-02359,Order Created,2026-08-11T11:15:07Z
GEN-02359,Payment Received,2026-08-11T11:20:54Z
GEN-02359,Packed,2026-08-11T14:44:44Z
GEN-02359,Inspected,2026-08-11T15:21:16Z
GEN-02359,Shipped,2026-08-11T17:24:35Z
GEN-02359,Delivered,2026-08-11T20:25:27Z
GEN-02360,Order Created,2026-08-13T10:13:31Z
GEN-02360,Payment Received,2026-08-13T10:27:14Z
GEN-02360,Packed,2026-08-13T14:22:37Z
GEN-02360,Inspected,2026-08-13T15:13:08Z
GEN-02360,Shipped,2026-08-13T16:37:00Z
GEN-02360,Delivered,2026-08-13T20:00:08Z
GEN-02361,Order Created,2026-08-10T19:41:00Z
GEN-02361,Payment Received,2026-08-10T19:57:18Z
GEN-02361,Packed,2026-08-10T22:44:32Z
GEN-02361,Inspected,2026-08-10T23:10:37Z
GEN-02361,Packed,2026-08-11T01:39:11Z
GEN-02361,Inspected,2026-08-11T02:09:28Z
GEN-02361,Packed,2026-08-11T04:54:59Z
GEN-02361,Inspected,2026-08-11T05:38:22Z
GEN-02361,Shipped,2026-08-11T06:46:06Z
GEN-02361,Delivered,2026-08-11T10:39:03Z
GEN-02362,Order Created,2026-08-13T16:59:24Z
GEN-02362,Payment Received,2026-08-13T17:05:40Z
GEN-02362,Packed,2026-08-13T21:57:38Z
GEN-02362,Inspected,2026-08-13T22:27:51Z
GEN-02362,Shipped,2026-08-14T02:19:21Z
GEN-02362,Delivered,2026-08-14T04:06:35Z
GEN-02363,Order Created,2026-08-13T10:31:00Z
GEN-02363,Payment Attempt,2026-08-13T10:53:55Z
GEN-02363,Payment Received,2026-08-13T10:58:13Z
GEN-02363,Packed,2026-08-13T15:56:36Z
GEN-02364,Order Created,2026-08-04T17:39:40Z
GEN-02364,Payment Received,2026-08-04T17:45:23Z
GEN-02364,Packed,2026-08-05T01:40:18Z
GEN-02364,Inspected,2026-08-05T02:17:35Z
GEN-02364,Shipped,2026-08-05T03:37:40Z
GEN-02364,Delivered,2026-08-05T09:42:12Z
GEN-02365,Order Created,2026-08-12T15:14:14Z
GEN-02365,Payment Received,2026-08-12T15:20:17Z
GEN-02365,Packed,2026-08-13T00:54:39Z
GEN-02365,Inspected,2026-08-13T01:44:16Z
GEN-02365,Shipped,2026-08-13T03:54:44Z
GEN-02365,Delivered,2026-08-13T06:23:48Z
GEN-02366,Order Created,2026-08-13T13:10:34Z
GEN-02366,Payment Attempt,2026-08-13T13:21:48Z
GEN-02366,Payment Received,2026-08-13T13:36:18Z
GEN-02366,Packed,2026-08-13T16:02:12Z
GEN-02366,Inspected,2026-08-13T16:23:45Z
GEN-02366,Shipped,2026-08-13T18:05:34Z
GEN-02366,Delivered,2026-08-13T19:21:18Z
GEN-02367,Order Created,2026-08-07T12:56:45Z
GEN-02367,Payment Attempt,2026-08-07T13:10:43Z
GEN-02367,Payment Received,2026-08-07T13:14:57Z
GEN-02367,Packed,2026-08-08T08:13:48Z
GEN-02367,Inspected,2026-08-08T08:35:04Z
GEN-02367,Packed,2026-08-08T10:19:27Z
GEN-02367,Inspected,2026-08-08T11:00:56Z
GEN-02367,Shipped,2026-08-08T13:44:43Z
GEN-02367,Delivered,2026-08-08T18:33:47Z
GEN-02368,Order Created,2026-08-14T12:06:02Z
GEN-02368,Payment Received,2026-08-14T12:20:49Z
GEN-02368,Packed,2026-08-14T23:02:45Z
GEN-02368,Inspected,2026-08-15T00:02:38Z
GEN-02368,Shipped,2026-08-15T01:43:18Z
GEN-02368,Delivered,2026-08-15T02:59:02Z
GEN-02369,Order Created,2026-08-03T10:30:18Z
GEN-02369,Payment Attempt,2026-08-03T10:42:13Z
GEN-02369,Payment Received,2026-08-03T11:00:37Z
GEN-02369,Packed,2026-08-03T18:29:02Z
GEN-02369,Inspected,2026-08-03T19:09:39Z
GEN-02369,Shipped,2026-08-03T20:09:58Z
GEN-02369,Delivered,2026-08-03T21:45:37Z
GEN-02370,Order Created,2026-08-11T11:28:37Z
GEN-02371,Order Created,2026-08-10T19:15:36Z
GEN-02371,Payment Received,2026-08-10T19:20:50Z
GEN-02371,Packed,2026-08-11T01:17:07Z
GEN-02371,Inspected,2026-08-11T01:39:05Z
GEN-02371,Shipped,2026-08-11T05:05:08Z
GEN-02371,Delivered,2026-08-11T06:57:07Z
GEN-02372,Order Created,2026-08-13T11:08:09Z
GEN-02372,Payment Attempt,2026-08-13T11:31:45Z
GEN-02372,Payment Received,2026-08-13T11:40:29Z
GEN-02372,Packed,2026-08-13T19:55:06Z
GEN-02372,Inspected,2026-08-13T20:43:43Z
GEN-02372,Shipped,2026-08-13T22:05:40Z
GEN-02372,Delivered,2026-08-14T00:21:59Z
GEN-02373,Order Created,2026-08-05T16:25:49Z
GEN-02373,Payment Attempt,2026-08-05T16:45:06Z
GEN-02373,Payment Attempt,2026-08-05T17:06:28Z
GEN-02373,Payment Received,2026-08-05T17:11:47Z
GEN-02373,Packed,2026-08-05T21:11:00Z
GEN-02373,Inspected,2026-08-05T22:04:45Z
GEN-02373,Packed,2026-08-05T23:30:44Z
GEN-02373,Inspected,2026-08-06T00:28:37Z
GEN-02373,Shipped,2026-08-06T03:52:28Z
GEN-02373,Delivered,2026-08-06T05:41:24Z
GEN-02374,Order Created,2026-08-04T11:42:56Z
GEN-02374,Payment Received,2026-08-04T12:00:07Z
GEN-02374,Packed,2026-08-04T19:20:48Z
GEN-02374,Inspected,2026-08-04T19:59:39Z
GEN-02374,Packed,2026-08-04T21:38:18Z
GEN-02374,Inspected,2026-08-04T22:20:52Z
GEN-02374,Shipped,2026-08-05T00:45:10Z
GEN-02374,Delivered,2026-08-05T03:15:29Z
GEN-02375,Order Created,2026-08-06T14:03:04Z
GEN-02375,Payment Received,2026-08-06T14:12:37Z
GEN-02375,Packed,2026-08-06T18:30:04Z
GEN-02375,Inspected,2026-08-06T18:54:21Z
GEN-02375,Packed,2026-08-06T21:39:05Z
GEN-02375,Inspected,2026-08-06T22:37:07Z
GEN-02375,Shipped,2026-08-07T00:51:27Z
GEN-02375,Delivered,2026-08-07T03:45:45Z
GEN-02376,Order Created,2026-08-11T15:04:03Z
GEN-02376,Payment Received,2026-08-11T15:11:53Z
GEN-02376,Packed,2026-08-11T20:37:18Z
GEN-02376,Inspected,2026-08-11T21:10:01Z
GEN-02376,Packed,2026-08-11T23:35:13Z
GEN-02376,Inspected,2026-08-12T00:26:26Z
GEN-02376,Shipped,2026-08-12T04:21:09Z
GEN-02376,Delivered,2026-08-12T07:55:07Z
GEN-02377,Order Created,2026-08-10T10:21:44Z
GEN-02377,Payment Received,2026-08-10T10:26:02Z
GEN-02377,Packed,2026-08-10T15:58:34Z
GEN-02377,Inspected,2026-08-10T16:56:48Z
GEN-02377,Shipped,2026-08-10T20:24:22Z
GEN-02377,Delivered,2026-08-10T23:32:23Z
GEN-02378,Order Created,2026-08-11T18:30:33Z
GEN-02378,Payment Received,2026-08-11T18:35:04Z
GEN-02378,Packed,2026-08-12T02:21:57Z
GEN-02378,Inspected,2026-08-12T02:51:46Z
GEN-02378,Shipped,2026-08-12T05:00:34Z
GEN-02378,Delivered,2026-08-12T07:16:57Z
GEN-02379,Order Created,2026-08-05T12:40:26Z
GEN-02379,Payment Received,2026-08-05T12:58:47Z
GEN-02379,Packed,2026-08-05T16:56:04Z
GEN-02379,Inspected,2026-08-05T17:38:13Z
GEN-02379,Packed,2026-08-05T19:31:06Z
GEN-02379,Inspected,2026-08-05T19:51:56Z
GEN-02379,Packed,2026-08-05T21:25:22Z
GEN-02379,Inspected,2026-08-05T21:58:19Z
GEN-02379,Packed,2026-08-05T23:44:42Z
GEN-02379,Inspected,2026-08-06T00:18:32Z
GEN-02379,Shipped,2026-08-06T01:30:35Z
GEN-02379,Delivered,2026-08-06T07:12:26Z
GEN-02380,Order Created,2026-08-10T14:30:11Z
GEN-02380,Payment Received,2026-08-10T14:36:40Z
GEN-02380,Packed,2026-08-10T23:39:58Z
GEN-02380,Inspected,2026-08-11T00:11:36Z
GEN-02380,Shipped,2026-08-11T03:10:55Z
GEN-02380,Delivered,2026-08-11T08:58:19Z
GEN-02381,Order Created,2026-08-03T16:35:57Z
GEN-02381,Payment Received,2026-08-03T16:50:16Z
GEN-02381,Packed,2026-08-03T19:30:22Z
GEN-02381,Inspected,2026-08-03T20:16:46Z
GEN-02381,Shipped,2026-08-03T22:30:50Z
GEN-02381,Delivered,2026-08-04T01:29:20Z
GEN-02382,Order Created,2026-08-05T14:55:46Z
GEN-02382,Payment Attempt,2026-08-05T15:07:17Z
GEN-02382,Payment Received,2026-08-05T15:12:21Z
GEN-02382,Packed,2026-08-05T22:09:30Z
GEN-02382,Inspected,2026-08-05T23:05:56Z
GEN-02382,Shipped,2026-08-06T01:26:07Z
GEN-02382,Delivered,2026-08-06T03:44:43Z
GEN-02383,Order Created,2026-08-12T14:42:46Z
GEN-02384,Order Created,2026-08-07T11:19:51Z
GEN-02384,Payment Received,2026-08-07T11:35:57Z
GEN-02384,Packed,2026-08-07T20:03:49Z
GEN-02384,Inspected,2026-08-07T20:54:11Z
GEN-02384,Shipped,2026-08-08T00:35:49Z
GEN-02384,Delivered,2026-08-08T03:49:54Z
GEN-02385,Order Created,2026-08-07T12:47:19Z
GEN-02385,Payment Attempt,2026-08-07T13:03:07Z
GEN-02385,Payment Received,2026-08-07T13:10:20Z
GEN-02385,Packed,2026-08-07T18:32:59Z
GEN-02385,Inspected,2026-08-07T19:17:10Z
GEN-02385,Shipped,2026-08-07T20:32:05Z
GEN-02385,Delivered,2026-08-08T03:33:16Z
GEN-02386,Order Created,2026-08-12T15:47:55Z
GEN-02386,Payment Received,2026-08-12T16:05:33Z
GEN-02386,Packed,2026-08-12T23:29:32Z
GEN-02386,Inspected,2026-08-13T00:23:22Z
GEN-02386,Shipped,2026-08-13T03:27:31Z
GEN-02386,Delivered,2026-08-13T09:27:15Z
GEN-02387,Order Created,2026-08-10T18:59:48Z
GEN-02387,Payment Received,2026-08-10T19:08:17Z
GEN-02387,Packed,2026-08-11T02:44:43Z
GEN-02387,Inspected,2026-08-11T03:05:22Z
GEN-02387,Shipped,2026-08-11T06:15:12Z
GEN-02387,Delivered,2026-08-11T10:04:52Z
GEN-02388,Order Created,2026-08-09T12:51:40Z
GEN-02388,Payment Received,2026-08-09T12:55:19Z
GEN-02388,Packed,2026-08-10T01:26:18Z
GEN-02388,Inspected,2026-08-10T02:17:53Z
GEN-02388,Shipped,2026-08-10T03:52:53Z
GEN-02388,Delivered,2026-08-10T06:37:10Z
GEN-02389,Order Created,2026-08-15T19:18:14Z
GEN-02390,Order Created,2026-08-10T10:18:06Z
GEN-02390,Payment Received,2026-08-10T10:25:51Z
GEN-02390,Packed,2026-08-10T15:27:40Z
GEN-02390,Inspected,2026-08-10T16:16:05Z
GEN-02390,Shipped,2026-08-10T17:50:00Z
GEN-02390,Delivered,2026-08-10T19:38:29Z
GEN-02391,Order Created,2026-08-05T09:38:46Z
GEN-02391,Payment Received,2026-08-05T09:49:50Z
GEN-02391,Packed,2026-08-05T16:24:01Z
GEN-02391,Inspected,2026-08-05T17:11:05Z
GEN-02391,Shipped,2026-08-05T18:56:59Z
GEN-02391,Delivered,2026-08-05T20:57:50Z
GEN-02392,Order Created,2026-08-15T08:09:34Z
GEN-02392,Payment Received,2026-08-15T08:28:41Z
GEN-02392,Packed,2026-08-15T15:29:23Z
GEN-02392,Inspected,2026-08-15T15:59:21Z
GEN-02392,Packed,2026-08-15T17:37:07Z
GEN-02392,Inspected,2026-08-15T18:29:30Z
GEN-02392,Shipped,2026-08-15T21:04:04Z
GEN-02392,Delivered,2026-08-16T00:55:19Z
GEN-02393,Order Created,2026-08-12T08:00:42Z
GEN-02393,Payment Received,2026-08-12T08:19:41Z
GEN-02393,Packed,2026-08-12T16:42:41Z
GEN-02393,Inspected,2026-08-12T17:31:25Z
GEN-02393,Shipped,2026-08-12T19:41:37Z
GEN-02393,Delivered,2026-08-12T22:46:56Z
GEN-02394,Order Created,2026-08-03T14:23:41Z
GEN-02395,Order Created,2026-08-07T16:17:07Z
GEN-02395,Payment Received,2026-08-07T16:33:08Z
GEN-02395,Packed,2026-08-07T19:23:06Z
GEN-02395,Inspected,2026-08-07T20:15:41Z
GEN-02395,Shipped,2026-08-07T21:41:10Z
GEN-02395,Delivered,2026-08-08T02:04:42Z
GEN-02396,Order Created,2026-08-14T08:56:35Z
GEN-02396,Payment Received,2026-08-14T09:09:22Z
GEN-02396,Packed,2026-08-14T15:56:38Z
GEN-02396,Inspected,2026-08-14T16:17:20Z
GEN-02396,Shipped,2026-08-14T17:18:34Z
GEN-02396,Delivered,2026-08-14T19:22:39Z
GEN-02397,Order Created,2026-08-12T11:15:32Z
GEN-02397,Payment Received,2026-08-12T11:19:26Z
GEN-02397,Packed,2026-08-12T23:33:51Z
GEN-02397,Inspected,2026-08-13T00:05:06Z
GEN-02397,Shipped,2026-08-13T02:00:41Z
GEN-02397,Delivered,2026-08-13T07:11:56Z
GEN-02398,Order Created,2026-08-06T08:57:16Z
GEN-02398,Payment Attempt,2026-08-06T09:18:14Z
GEN-02398,Payment Received,2026-08-06T09:20:38Z
GEN-02398,Packed,2026-08-06T11:19:50Z
GEN-02399,Order Created,2026-08-14T19:57:42Z
GEN-02399,Payment Received,2026-08-14T20:13:04Z
GEN-02399,Packed,2026-08-15T00:54:04Z
GEN-02399,Inspected,2026-08-15T01:16:25Z
GEN-02399,Shipped,2026-08-15T03:38:54Z
GEN-02399,Delivered,2026-08-15T09:26:12Z
GEN-02400,Order Created,2026-08-15T14:26:37Z
GEN-02400,Payment Received,2026-08-15T14:34:06Z
GEN-02400,Packed,2026-08-17T01:10:58Z
GEN-02400,Inspected,2026-08-17T02:03:13Z
GEN-02400,Shipped,2026-08-17T03:22:37Z
GEN-02400,Delivered,2026-08-17T06:37:33Z
GEN-02401,Order Created,2026-08-07T15:34:06Z
GEN-02401,Payment Received,2026-08-07T15:44:01Z
GEN-02401,Packed,2026-08-07T18:12:41Z
GEN-02401,Inspected,2026-08-07T18:52:43Z
GEN-02401,Shipped,2026-08-07T22:12:00Z
GEN-02401,Delivered,2026-08-08T00:48:50Z
GEN-02402,Order Created,2026-08-03T09:26:31Z
GEN-02402,Payment Received,2026-08-03T09:43:51Z
GEN-02402,Packed,2026-08-03T19:19:58Z
GEN-02403,Order Created,2026-08-12T18:58:57Z
GEN-02403,Payment Received,2026-08-12T19:12:01Z
GEN-02403,Packed,2026-08-13T17:25:19Z
GEN-02403,Inspected,2026-08-13T17:46:12Z
GEN-02403,Shipped,2026-08-13T21:01:13Z
GEN-02403,Delivered,2026-08-14T01:48:02Z
GEN-02404,Order Created,2026-08-07T15:19:26Z
GEN-02404,Payment Received,2026-08-07T15:26:21Z
GEN-02404,Packed,2026-08-07T19:46:06Z
GEN-02405,Order Created,2026-08-12T11:02:00Z
GEN-02405,Payment Received,2026-08-12T11:19:20Z
GEN-02405,Packed,2026-08-12T17:32:32Z
GEN-02405,Inspected,2026-08-12T18:02:57Z
GEN-02405,Shipped,2026-08-12T19:35:35Z
GEN-02405,Delivered,2026-08-12T21:42:13Z
GEN-02406,Order Created,2026-08-04T08:20:47Z
GEN-02406,Payment Received,2026-08-04T08:38:59Z
GEN-02406,Packed,2026-08-04T12:26:53Z
GEN-02406,Inspected,2026-08-04T13:20:37Z
GEN-02406,Packed,2026-08-04T15:18:11Z
GEN-02406,Inspected,2026-08-04T16:09:35Z
GEN-02406,Packed,2026-08-04T18:58:59Z
GEN-02406,Inspected,2026-08-04T19:47:08Z
GEN-02406,Shipped,2026-08-04T23:10:15Z
GEN-02406,Delivered,2026-08-05T02:25:28Z
GEN-02407,Order Created,2026-08-05T19:22:37Z
GEN-02407,Payment Received,2026-08-05T19:42:01Z
GEN-02407,Packed,2026-08-06T05:01:20Z
GEN-02407,Inspected,2026-08-06T05:40:49Z
GEN-02407,Shipped,2026-08-06T09:02:40Z
GEN-02407,Delivered,2026-08-06T13:00:50Z
GEN-02408,Order Created,2026-08-12T16:21:17Z
GEN-02408,Payment Received,2026-08-12T16:23:49Z
GEN-02408,Packed,2026-08-12T21:45:04Z
GEN-02408,Inspected,2026-08-12T22:15:51Z
GEN-02408,Shipped,2026-08-13T00:45:55Z
GEN-02408,Delivered,2026-08-13T02:43:48Z
GEN-02409,Order Created,2026-08-09T17:14:49Z
GEN-02409,Payment Received,2026-08-09T17:26:32Z
GEN-02409,Packed,2026-08-10T07:49:07Z
GEN-02410,Order Created,2026-08-03T18:43:02Z
GEN-02410,Payment Attempt,2026-08-03T19:06:17Z
GEN-02410,Payment Received,2026-08-03T19:12:45Z
GEN-02410,Packed,2026-08-04T03:38:48Z
GEN-02410,Inspected,2026-08-04T04:08:51Z
GEN-02410,Shipped,2026-08-04T06:18:49Z
GEN-02410,Delivered,2026-08-04T12:07:29Z
GEN-02411,Order Created,2026-08-14T08:44:00Z
GEN-02412,Order Created,2026-08-14T14:10:39Z
GEN-02412,Payment Received,2026-08-14T14:17:59Z
GEN-02412,Packed,2026-08-14T23:22:40Z
GEN-02412,Inspected,2026-08-15T00:15:22Z
GEN-02412,Shipped,2026-08-15T03:12:05Z
GEN-02412,Delivered,2026-08-15T07:58:23Z
GEN-02413,Order Created,2026-08-14T08:14:43Z
GEN-02413,Payment Received,2026-08-14T08:19:36Z
GEN-02413,Packed,2026-08-14T20:34:14Z
GEN-02413,Inspected,2026-08-14T21:23:37Z
GEN-02413,Shipped,2026-08-14T23:03:48Z
GEN-02413,Delivered,2026-08-15T00:59:03Z
GEN-02414,Order Created,2026-08-06T11:43:48Z
GEN-02414,Payment Received,2026-08-06T11:48:02Z
GEN-02414,Packed,2026-08-06T21:17:34Z
GEN-02414,Inspected,2026-08-06T22:16:21Z
GEN-02414,Shipped,2026-08-07T01:53:27Z
GEN-02414,Delivered,2026-08-07T05:11:11Z
GEN-02415,Order Created,2026-08-07T08:25:33Z
GEN-02416,Order Created,2026-08-04T11:52:36Z
GEN-02416,Payment Received,2026-08-04T12:10:13Z
GEN-02416,Packed,2026-08-04T18:16:31Z
GEN-02416,Inspected,2026-08-04T19:00:33Z
GEN-02416,Shipped,2026-08-04T20:41:06Z
GEN-02416,Delivered,2026-08-05T04:18:43Z
GEN-02417,Order Created,2026-08-04T16:08:00Z
GEN-02417,Payment Received,2026-08-04T16:13:51Z
GEN-02417,Packed,2026-08-04T21:29:44Z
GEN-02417,Inspected,2026-08-04T22:03:20Z
GEN-02417,Packed,2026-08-04T23:27:12Z
GEN-02417,Inspected,2026-08-05T00:16:44Z
GEN-02417,Packed,2026-08-05T01:55:11Z
GEN-02417,Inspected,2026-08-05T02:51:34Z
GEN-02417,Shipped,2026-08-05T04:51:56Z
GEN-02417,Delivered,2026-08-05T06:27:14Z
GEN-02418,Order Created,2026-08-15T09:43:50Z
GEN-02418,Payment Received,2026-08-15T09:52:31Z
GEN-02418,Packed,2026-08-15T18:06:58Z
GEN-02418,Inspected,2026-08-15T19:04:04Z
GEN-02418,Shipped,2026-08-15T20:42:40Z
GEN-02418,Delivered,2026-08-15T23:06:59Z
GEN-02419,Order Created,2026-08-11T11:40:14Z
GEN-02419,Payment Received,2026-08-11T11:57:53Z
GEN-02419,Packed,2026-08-11T14:03:08Z
GEN-02419,Inspected,2026-08-11T14:59:32Z
GEN-02419,Shipped,2026-08-11T18:58:03Z
GEN-02419,Delivered,2026-08-11T23:44:20Z
GEN-02420,Order Created,2026-08-06T14:51:51Z
GEN-02420,Payment Received,2026-08-06T14:57:21Z
GEN-02420,Packed,2026-08-06T19:02:35Z
GEN-02420,Inspected,2026-08-06T19:31:57Z
GEN-02420,Shipped,2026-08-06T22:54:23Z
GEN-02420,Delivered,2026-08-07T01:55:44Z
GEN-02421,Order Created,2026-08-07T09:08:46Z
GEN-02421,Payment Received,2026-08-07T09:26:34Z
GEN-02421,Packed,2026-08-07T14:43:23Z
GEN-02421,Inspected,2026-08-07T15:31:52Z
GEN-02421,Shipped,2026-08-07T19:05:58Z
GEN-02421,Delivered,2026-08-07T22:36:55Z
GEN-02422,Order Created,2026-08-14T13:13:23Z
GEN-02422,Payment Received,2026-08-14T13:24:47Z
GEN-02422,Packed,2026-08-14T18:01:57Z
GEN-02422,Inspected,2026-08-14T18:29:32Z
GEN-02422,Shipped,2026-08-14T19:59:18Z
GEN-02422,Delivered,2026-08-14T21:38:51Z
GEN-02423,Order Created,2026-08-11T13:44:30Z
GEN-02423,Payment Received,2026-08-11T13:57:11Z
GEN-02423,Packed,2026-08-11T16:10:40Z
GEN-02423,Inspected,2026-08-11T17:09:33Z
GEN-02423,Shipped,2026-08-11T21:04:17Z
GEN-02423,Delivered,2026-08-11T22:51:14Z
GEN-02424,Order Created,2026-08-11T12:53:44Z
GEN-02424,Payment Received,2026-08-11T13:03:59Z
GEN-02424,Packed,2026-08-11T16:57:15Z
GEN-02424,Inspected,2026-08-11T17:23:57Z
GEN-02424,Shipped,2026-08-11T20:29:17Z
GEN-02424,Delivered,2026-08-12T00:39:34Z
GEN-02425,Order Created,2026-08-07T11:38:36Z
GEN-02425,Payment Received,2026-08-07T11:49:36Z
GEN-02425,Packed,2026-08-07T23:03:56Z
GEN-02425,Inspected,2026-08-08T00:02:25Z
GEN-02425,Packed,2026-08-08T02:35:48Z
GEN-02425,Inspected,2026-08-08T03:34:06Z
GEN-02425,Shipped,2026-08-08T07:14:51Z
GEN-02425,Delivered,2026-08-08T11:56:07Z
GEN-02426,Order Created,2026-08-05T17:03:53Z
GEN-02426,Payment Received,2026-08-05T17:09:28Z
GEN-02426,Packed,2026-08-05T19:37:39Z
GEN-02426,Inspected,2026-08-05T20:10:26Z
GEN-02426,Shipped,2026-08-05T21:13:55Z
GEN-02426,Delivered,2026-08-06T02:57:02Z
GEN-02427,Order Created,2026-08-04T14:22:20Z
GEN-02427,Payment Received,2026-08-04T14:33:45Z
GEN-02427,Packed,2026-08-04T23:48:28Z
GEN-02427,Inspected,2026-08-05T00:15:27Z
GEN-02427,Shipped,2026-08-05T02:25:15Z
GEN-02427,Delivered,2026-08-05T03:39:19Z
GEN-02428,Order Created,2026-08-13T14:21:38Z
GEN-02428,Payment Received,2026-08-13T14:38:48Z
GEN-02428,Packed,2026-08-13T23:05:44Z
GEN-02428,Inspected,2026-08-13T23:42:04Z
GEN-02428,Shipped,2026-08-14T03:30:28Z
GEN-02428,Delivered,2026-08-14T05:54:14Z
GEN-02429,Order Created,2026-08-12T14:39:54Z
GEN-02429,Payment Received,2026-08-12T14:58:06Z
GEN-02429,Packed,2026-08-12T18:33:42Z
GEN-02429,Inspected,2026-08-12T19:32:43Z
GEN-02429,Packed,2026-08-12T20:57:16Z
GEN-02429,Inspected,2026-08-12T21:49:45Z
GEN-02429,Shipped,2026-08-13T01:26:46Z
GEN-02429,Delivered,2026-08-13T03:52:33Z
GEN-02430,Order Created,2026-08-13T14:56:51Z
GEN-02430,Payment Received,2026-08-13T15:13:09Z
GEN-02430,Packed,2026-08-14T04:34:00Z
GEN-02430,Inspected,2026-08-14T05:07:23Z
GEN-02430,Shipped,2026-08-14T06:23:23Z
GEN-02430,Delivered,2026-08-14T11:48:23Z
GEN-02431,Order Created,2026-08-12T19:37:28Z
GEN-02431,Payment Received,2026-08-12T19:53:08Z
GEN-02431,Packed,2026-08-13T00:19:04Z
GEN-02431,Inspected,2026-08-13T00:59:53Z
GEN-02431,Shipped,2026-08-13T02:49:38Z
GEN-02431,Delivered,2026-08-13T05:54:38Z
GEN-02432,Order Created,2026-08-07T09:17:44Z
GEN-02432,Payment Received,2026-08-07T09:23:09Z
GEN-02432,Packed,2026-08-07T23:12:52Z
GEN-02432,Inspected,2026-08-08T00:11:57Z
GEN-02432,Shipped,2026-08-08T03:36:19Z
GEN-02432,Delivered,2026-08-08T05:55:11Z
GEN-02433,Order Created,2026-08-05T16:46:28Z
GEN-02433,Payment Received,2026-08-05T16:50:11Z
GEN-02433,Packed,2026-08-06T00:25:50Z
GEN-02433,Inspected,2026-08-06T00:57:54Z
GEN-02433,Packed,2026-08-06T03:12:02Z
GEN-02433,Inspected,2026-08-06T03:34:42Z
GEN-02433,Shipped,2026-08-06T06:57:21Z
GEN-02433,Delivered,2026-08-06T08:52:27Z
GEN-02434,Order Created,2026-08-03T15:21:51Z
GEN-02434,Payment Attempt,2026-08-03T15:35:29Z
GEN-02434,Payment Attempt,2026-08-03T15:59:02Z
GEN-02434,Payment Received,2026-08-03T16:18:34Z
GEN-02434,Packed,2026-08-04T00:30:09Z
GEN-02434,Inspected,2026-08-04T01:14:17Z
GEN-02434,Shipped,2026-08-04T02:38:58Z
GEN-02434,Delivered,2026-08-04T06:00:36Z
GEN-02435,Order Created,2026-08-06T19:47:02Z
GEN-02435,Payment Received,2026-08-06T20:02:18Z
GEN-02435,Packed,2026-08-06T23:42:18Z
GEN-02435,Inspected,2026-08-07T00:41:05Z
GEN-02435,Shipped,2026-08-07T04:12:03Z
GEN-02435,Delivered,2026-08-07T08:47:02Z
GEN-02436,Order Created,2026-08-16T10:58:51Z
GEN-02436,Payment Received,2026-08-16T11:09:44Z
GEN-02436,Packed,2026-08-17T00:36:51Z
GEN-02437,Order Created,2026-08-12T17:13:16Z
GEN-02437,Payment Received,2026-08-12T17:22:28Z
GEN-02437,Packed,2026-08-12T21:06:29Z
GEN-02437,Inspected,2026-08-12T22:01:47Z
GEN-02437,Shipped,2026-08-13T00:24:43Z
GEN-02438,Order Created,2026-08-13T09:10:48Z
GEN-02438,Payment Received,2026-08-13T09:23:33Z
GEN-02438,Packed,2026-08-13T12:30:06Z
GEN-02438,Inspected,2026-08-13T12:53:28Z
GEN-02438,Shipped,2026-08-13T15:29:38Z
GEN-02438,Delivered,2026-08-13T17:53:54Z
GEN-02439,Order Created,2026-08-14T08:28:33Z
GEN-02439,Payment Received,2026-08-14T08:42:54Z
GEN-02439,Packed,2026-08-14T22:44:50Z
GEN-02439,Inspected,2026-08-14T23:06:52Z
GEN-02439,Packed,2026-08-15T01:06:24Z
GEN-02439,Inspected,2026-08-15T02:03:36Z
GEN-02439,Shipped,2026-08-15T03:53:03Z
GEN-02439,Delivered,2026-08-15T06:41:20Z
GEN-02440,Order Created,2026-08-16T19:11:27Z
GEN-02440,Payment Received,2026-08-16T19:31:26Z
GEN-02440,Packed,2026-08-17T05:43:06Z
GEN-02440,Inspected,2026-08-17T06:04:43Z
GEN-02440,Shipped,2026-08-17T08:14:12Z
GEN-02440,Delivered,2026-08-17T10:17:20Z
GEN-02441,Order Created,2026-08-05T13:37:12Z
GEN-02441,Payment Attempt,2026-08-05T13:48:33Z
GEN-02441,Payment Received,2026-08-05T13:55:01Z
GEN-02441,Packed,2026-08-06T02:04:31Z
GEN-02441,Inspected,2026-08-06T02:26:38Z
GEN-02441,Packed,2026-08-06T04:28:02Z
GEN-02441,Inspected,2026-08-06T05:25:37Z
GEN-02441,Packed,2026-08-06T08:18:48Z
GEN-02441,Inspected,2026-08-06T09:03:18Z
GEN-02441,Shipped,2026-08-06T10:25:59Z
GEN-02441,Delivered,2026-08-06T15:14:24Z
GEN-02442,Order Created,2026-08-04T09:38:17Z
GEN-02442,Payment Received,2026-08-04T09:48:34Z
GEN-02442,Packed,2026-08-04T18:07:37Z
GEN-02442,Inspected,2026-08-04T19:06:00Z
GEN-02442,Shipped,2026-08-04T21:34:01Z
GEN-02442,Delivered,2026-08-05T04:36:26Z
GEN-02443,Order Created,2026-08-05T09:16:58Z
GEN-02443,Payment Received,2026-08-05T09:36:51Z
GEN-02443,Packed,2026-08-05T12:51:22Z
GEN-02443,Inspected,2026-08-05T13:42:43Z
GEN-02443,Shipped,2026-08-05T17:29:55Z
GEN-02443,Delivered,2026-08-05T21:43:21Z
GEN-02444,Order Created,2026-08-12T09:09:23Z
GEN-02444,Payment Received,2026-08-12T09:17:35Z
GEN-02444,Packed,2026-08-12T12:41:05Z
GEN-02444,Inspected,2026-08-12T13:16:16Z
GEN-02444,Shipped,2026-08-12T15:59:35Z
GEN-02444,Delivered,2026-08-12T17:42:29Z
GEN-02445,Order Created,2026-08-06T08:09:34Z
GEN-02445,Payment Received,2026-08-06T08:14:16Z
GEN-02445,Packed,2026-08-06T16:49:56Z
GEN-02445,Inspected,2026-08-06T17:49:25Z
GEN-02445,Shipped,2026-08-06T20:16:01Z
GEN-02445,Delivered,2026-08-06T22:28:26Z
GEN-02446,Order Created,2026-08-10T19:14:00Z
GEN-02446,Payment Received,2026-08-10T19:19:43Z
GEN-02446,Packed,2026-08-10T21:10:06Z
GEN-02446,Inspected,2026-08-10T21:59:23Z
GEN-02446,Shipped,2026-08-11T00:26:14Z
GEN-02446,Delivered,2026-08-11T03:56:12Z
GEN-02447,Order Created,2026-08-05T10:30:47Z
GEN-02447,Payment Attempt,2026-08-05T10:37:33Z
GEN-02447,Payment Received,2026-08-05T10:39:52Z
GEN-02447,Packed,2026-08-05T20:43:52Z
GEN-02447,Inspected,2026-08-05T21:40:08Z
GEN-02447,Shipped,2026-08-05T23:23:29Z
GEN-02447,Delivered,2026-08-06T01:50:27Z
GEN-02448,Order Created,2026-08-14T08:56:50Z
GEN-02448,Payment Received,2026-08-14T09:12:28Z
GEN-02448,Packed,2026-08-14T21:12:49Z
GEN-02448,Inspected,2026-08-14T21:47:42Z
GEN-02448,Shipped,2026-08-15T01:21:02Z
GEN-02448,Delivered,2026-08-15T03:46:49Z
GEN-02449,Order Created,2026-08-13T19:54:22Z
GEN-02449,Payment Attempt,2026-08-13T20:10:58Z
GEN-02449,Payment Received,2026-08-13T20:15:32Z
GEN-02449,Packed,2026-08-14T11:28:47Z
GEN-02449,Inspected,2026-08-14T12:00:38Z
GEN-02449,Shipped,2026-08-14T13:29:32Z
GEN-02449,Delivered,2026-08-14T16:49:40Z
GEN-02450,Order Created,2026-08-12T11:17:55Z
GEN-02450,Payment Received,2026-08-12T11:21:02Z
GEN-02450,Packed,2026-08-12T22:22:18Z
GEN-02451,Order Created,2026-08-10T13:17:56Z
GEN-02451,Payment Received,2026-08-10T13:32:27Z
GEN-02451,Packed,2026-08-11T03:17:15Z
GEN-02451,Inspected,2026-08-11T03:57:03Z
GEN-02451,Packed,2026-08-11T06:17:47Z
GEN-02451,Inspected,2026-08-11T07:09:57Z
GEN-02451,Packed,2026-08-11T09:33:56Z
GEN-02451,Inspected,2026-08-11T09:57:26Z
GEN-02451,Shipped,2026-08-11T11:30:46Z
GEN-02451,Delivered,2026-08-11T13:35:00Z
GEN-02452,Order Created,2026-08-13T11:57:38Z
GEN-02452,Payment Attempt,2026-08-13T12:14:40Z
GEN-02452,Payment Received,2026-08-13T12:21:17Z
GEN-02452,Packed,2026-08-13T16:50:00Z
GEN-02452,Inspected,2026-08-13T17:49:17Z
GEN-02452,Shipped,2026-08-13T21:38:17Z
GEN-02452,Delivered,2026-08-13T23:59:19Z
GEN-02453,Order Created,2026-08-16T15:15:57Z
GEN-02453,Payment Received,2026-08-16T15:22:49Z
GEN-02453,Packed,2026-08-16T20:21:51Z
GEN-02453,Inspected,2026-08-16T20:46:47Z
GEN-02453,Shipped,2026-08-16T22:20:32Z
GEN-02453,Delivered,2026-08-17T01:29:00Z
GEN-02454,Order Created,2026-08-14T14:37:12Z
GEN-02455,Order Created,2026-08-13T11:44:29Z
GEN-02455,Payment Received,2026-08-13T11:55:17Z
GEN-02455,Packed,2026-08-13T19:01:05Z
GEN-02455,Inspected,2026-08-13T19:22:00Z
GEN-02455,Shipped,2026-08-13T22:25:57Z
GEN-02455,Delivered,2026-08-14T01:26:29Z
GEN-02456,Order Created,2026-08-03T09:19:30Z
GEN-02456,Payment Received,2026-08-03T09:29:44Z
GEN-02456,Packed,2026-08-03T12:35:16Z
GEN-02456,Inspected,2026-08-03T12:57:49Z
GEN-02456,Packed,2026-08-03T14:52:12Z
GEN-02456,Inspected,2026-08-03T15:46:28Z
GEN-02456,Shipped,2026-08-03T19:41:28Z
GEN-02456,Delivered,2026-08-03T22:38:47Z
GEN-02457,Order Created,2026-08-06T17:23:51Z
GEN-02457,Payment Received,2026-08-06T17:34:00Z
GEN-02457,Packed,2026-08-07T08:30:56Z
GEN-02457,Inspected,2026-08-07T09:19:07Z
GEN-02457,Shipped,2026-08-07T11:37:11Z
GEN-02457,Delivered,2026-08-07T14:19:26Z
GEN-02458,Order Created,2026-08-11T12:14:41Z
GEN-02459,Order Created,2026-08-14T19:33:43Z
GEN-02459,Payment Received,2026-08-14T19:51:02Z
GEN-02459,Packed,2026-08-15T08:13:20Z
GEN-02459,Inspected,2026-08-15T08:51:48Z
GEN-02459,Shipped,2026-08-15T10:08:02Z
GEN-02459,Delivered,2026-08-15T13:07:54Z
GEN-02460,Order Created,2026-08-13T19:48:46Z
GEN-02460,Payment Received,2026-08-13T20:01:12Z
GEN-02460,Packed,2026-08-13T22:26:15Z
GEN-02460,Inspected,2026-08-13T23:01:59Z
GEN-02460,Packed,2026-08-14T00:46:18Z
GEN-02460,Inspected,2026-08-14T01:09:32Z
GEN-02460,Shipped,2026-08-14T04:01:22Z
GEN-02460,Delivered,2026-08-14T06:00:32Z
GEN-02461,Order Created,2026-08-13T11:53:28Z
GEN-02461,Payment Received,2026-08-13T11:55:50Z
GEN-02461,Packed,2026-08-13T16:45:21Z
GEN-02461,Inspected,2026-08-13T17:36:22Z
GEN-02461,Packed,2026-08-13T19:20:59Z
GEN-02461,Inspected,2026-08-13T20:10:59Z
GEN-02461,Shipped,2026-08-13T23:19:09Z
GEN-02461,Delivered,2026-08-14T07:10:46Z
GEN-02462,Order Created,2026-08-04T12:14:06Z
GEN-02462,Payment Received,2026-08-04T12:18:55Z
GEN-02462,Packed,2026-08-04T20:23:35Z
GEN-02462,Inspected,2026-08-04T20:52:32Z
GEN-02462,Shipped,2026-08-04T23:06:30Z
GEN-02462,Delivered,2026-08-05T01:48:04Z
GEN-02463,Order Created,2026-08-11T18:11:05Z
GEN-02463,Payment Received,2026-08-11T18:16:54Z
GEN-02463,Packed,2026-08-12T10:29:30Z
GEN-02463,Inspected,2026-08-12T11:18:44Z
GEN-02463,Shipped,2026-08-12T13:52:18Z
GEN-02463,Delivered,2026-08-12T17:07:07Z
GEN-02464,Order Created,2026-08-10T16:32:06Z
GEN-02464,Payment Received,2026-08-10T16:50:28Z
GEN-02464,Packed,2026-08-10T19:37:58Z
GEN-02464,Inspected,2026-08-10T20:29:50Z
GEN-02464,Shipped,2026-08-10T21:45:42Z
GEN-02464,Delivered,2026-08-11T01:22:28Z
GEN-02465,Order Created,2026-08-12T15:34:14Z
GEN-02466,Order Created,2026-08-06T17:58:33Z
GEN-02466,Payment Attempt,2026-08-06T18:12:13Z
GEN-02466,Payment Received,2026-08-06T18:16:30Z
GEN-02466,Packed,2026-08-07T00:18:57Z
GEN-02466,Inspected,2026-08-07T01:02:40Z
GEN-02466,Shipped,2026-08-07T04:48:06Z
GEN-02466,Delivered,2026-08-07T10:56:33Z
GEN-02467,Order Created,2026-08-14T10:24:18Z
GEN-02467,Payment Received,2026-08-14T10:28:49Z
GEN-02467,Packed,2026-08-14T16:01:56Z
GEN-02467,Inspected,2026-08-14T16:43:04Z
GEN-02467,Shipped,2026-08-14T19:55:05Z
GEN-02467,Delivered,2026-08-14T23:28:33Z
GEN-02468,Order Created,2026-08-05T15:31:29Z
GEN-02468,Payment Received,2026-08-05T15:42:06Z
GEN-02468,Packed,2026-08-05T21:06:25Z
GEN-02468,Inspected,2026-08-05T21:54:57Z
GEN-02468,Shipped,2026-08-06T01:08:59Z
GEN-02468,Delivered,2026-08-06T03:39:33Z
GEN-02469,Order Created,2026-08-03T19:37:16Z
GEN-02469,Payment Received,2026-08-03T19:42:41Z
GEN-02469,Packed,2026-08-03T23:05:01Z
GEN-02469,Inspected,2026-08-03T23:37:19Z
GEN-02469,Shipped,2026-08-04T03:06:01Z
GEN-02469,Delivered,2026-08-04T05:25:22Z
GEN-02470,Order Created,2026-08-10T17:02:07Z
GEN-02470,Payment Received,2026-08-10T17:08:38Z
GEN-02470,Packed,2026-08-11T00:44:55Z
GEN-02470,Inspected,2026-08-11T01:07:21Z
GEN-02470,Shipped,2026-08-11T03:52:35Z
GEN-02470,Delivered,2026-08-11T06:26:22Z
GEN-02471,Order Created,2026-08-03T19:47:26Z
GEN-02471,Payment Received,2026-08-03T19:55:51Z
GEN-02471,Packed,2026-08-03T22:18:31Z
GEN-02471,Inspected,2026-08-03T23:14:22Z
GEN-02471,Shipped,2026-08-04T02:58:48Z
GEN-02471,Delivered,2026-08-04T04:55:38Z
GEN-02472,Order Created,2026-08-13T18:00:43Z
GEN-02472,Payment Received,2026-08-13T18:07:28Z
GEN-02472,Packed,2026-08-13T23:48:12Z
GEN-02472,Inspected,2026-08-14T00:47:45Z
GEN-02472,Shipped,2026-08-14T04:30:15Z
GEN-02472,Delivered,2026-08-14T06:53:04Z
GEN-02473,Order Created,2026-08-11T08:30:30Z
GEN-02473,Payment Received,2026-08-11T08:40:36Z
GEN-02473,Packed,2026-08-11T10:18:02Z
GEN-02473,Inspected,2026-08-11T10:47:56Z
GEN-02473,Shipped,2026-08-11T13:01:07Z
GEN-02473,Delivered,2026-08-11T16:29:03Z
GEN-02474,Order Created,2026-08-04T09:24:15Z
GEN-02474,Payment Received,2026-08-04T09:32:04Z
GEN-02474,Packed,2026-08-04T20:08:10Z
GEN-02474,Inspected,2026-08-04T20:50:11Z
GEN-02474,Shipped,2026-08-04T22:25:38Z
GEN-02474,Delivered,2026-08-05T00:16:14Z
GEN-02475,Order Created,2026-08-10T11:45:41Z
GEN-02475,Payment Received,2026-08-10T11:50:03Z
GEN-02475,Packed,2026-08-10T15:05:10Z
GEN-02475,Inspected,2026-08-10T16:01:53Z
GEN-02475,Shipped,2026-08-10T17:32:53Z
GEN-02475,Delivered,2026-08-10T21:20:50Z
GEN-02476,Order Created,2026-08-11T16:46:56Z
GEN-02476,Payment Attempt,2026-08-11T16:50:02Z
GEN-02476,Payment Received,2026-08-11T16:59:26Z
GEN-02476,Packed,2026-08-11T22:26:45Z
GEN-02476,Inspected,2026-08-11T22:51:36Z
GEN-02476,Shipped,2026-08-12T02:47:49Z
GEN-02476,Delivered,2026-08-12T06:57:34Z
GEN-02477,Order Created,2026-08-07T14:09:05Z
GEN-02477,Payment Attempt,2026-08-07T14:33:17Z
GEN-02477,Payment Received,2026-08-07T14:49:34Z
GEN-02477,Packed,2026-08-07T19:24:38Z
GEN-02477,Inspected,2026-08-07T19:54:12Z
GEN-02477,Shipped,2026-08-07T22:49:39Z
GEN-02477,Delivered,2026-08-08T01:24:30Z
GEN-02478,Order Created,2026-08-03T18:27:45Z
GEN-02478,Payment Received,2026-08-03T18:31:27Z
GEN-02478,Packed,2026-08-04T05:39:22Z
GEN-02478,Inspected,2026-08-04T06:27:57Z
GEN-02478,Shipped,2026-08-04T08:43:25Z
GEN-02478,Delivered,2026-08-04T12:41:30Z
GEN-02479,Order Created,2026-08-16T09:51:26Z
GEN-02479,Payment Received,2026-08-16T10:01:25Z
GEN-02479,Packed,2026-08-16T16:11:05Z
GEN-02479,Inspected,2026-08-16T17:01:44Z
GEN-02479,Shipped,2026-08-16T20:13:02Z
GEN-02479,Delivered,2026-08-17T00:06:13Z
GEN-02480,Order Created,2026-08-03T18:50:51Z
GEN-02480,Payment Received,2026-08-03T18:59:34Z
GEN-02480,Packed,2026-08-04T04:17:51Z
GEN-02480,Inspected,2026-08-04T04:56:04Z
GEN-02480,Packed,2026-08-04T06:22:08Z
GEN-02480,Inspected,2026-08-04T07:15:17Z
GEN-02480,Packed,2026-08-04T08:54:07Z
GEN-02480,Inspected,2026-08-04T09:27:35Z
GEN-02480,Packed,2026-08-04T11:19:21Z
GEN-02480,Inspected,2026-08-04T12:17:32Z
GEN-02480,Shipped,2026-08-04T14:32:30Z
GEN-02480,Delivered,2026-08-04T17:54:13Z
GEN-02481,Order Created,2026-08-11T11:50:14Z
GEN-02481,Payment Received,2026-08-11T11:56:27Z
GEN-02481,Packed,2026-08-11T21:22:27Z
GEN-02481,Inspected,2026-08-11T21:48:52Z
GEN-02481,Packed,2026-08-11T23:55:33Z
GEN-02481,Inspected,2026-08-12T00:17:11Z
GEN-02481,Shipped,2026-08-12T03:51:15Z
GEN-02481,Delivered,2026-08-12T08:58:49Z
GEN-02482,Order Created,2026-08-15T16:30:57Z
GEN-02482,Payment Received,2026-08-15T16:45:04Z
GEN-02482,Packed,2026-08-16T10:52:44Z
GEN-02483,Order Created,2026-08-07T17:56:57Z
GEN-02483,Payment Received,2026-08-07T18:14:12Z
GEN-02483,Packed,2026-08-08T03:09:00Z
GEN-02483,Inspected,2026-08-08T03:37:54Z
GEN-02483,Shipped,2026-08-08T05:14:12Z
GEN-02483,Delivered,2026-08-08T08:09:30Z
GEN-02484,Order Created,2026-08-12T14:07:04Z
GEN-02484,Payment Received,2026-08-12T14:11:47Z
GEN-02484,Packed,2026-08-12T22:35:43Z
GEN-02484,Inspected,2026-08-12T23:20:39Z
GEN-02484,Shipped,2026-08-13T02:55:19Z
GEN-02484,Delivered,2026-08-13T07:32:18Z
GEN-02485,Order Created,2026-08-04T19:30:10Z
GEN-02485,Payment Received,2026-08-04T19:49:43Z
GEN-02485,Packed,2026-08-05T00:11:38Z
GEN-02485,Inspected,2026-08-05T00:51:33Z
GEN-02485,Shipped,2026-08-05T02:07:51Z
GEN-02485,Delivered,2026-08-05T04:10:10Z
GEN-02486,Order Created,2026-08-06T12:03:34Z
GEN-02486,Payment Received,2026-08-06T12:18:31Z
GEN-02486,Packed,2026-08-06T18:54:47Z
GEN-02486,Inspected,2026-08-06T19:45:10Z
GEN-02486,Shipped,2026-08-06T21:40:51Z
GEN-02486,Delivered,2026-08-07T01:10:32Z
GEN-02487,Order Created,2026-08-09T19:46:56Z
GEN-02487,Payment Received,2026-08-09T19:49:12Z
GEN-02487,Packed,2026-08-11T06:47:23Z
GEN-02487,Inspected,2026-08-11T07:36:32Z
GEN-02487,Shipped,2026-08-11T10:09:10Z
GEN-02487,Delivered,2026-08-11T13:54:27Z
GEN-02488,Order Created,2026-08-14T09:23:03Z
GEN-02488,Payment Received,2026-08-14T09:38:44Z
GEN-02488,Packed,2026-08-14T12:41:52Z
GEN-02488,Inspected,2026-08-14T13:15:13Z
GEN-02488,Shipped,2026-08-14T16:22:37Z
GEN-02488,Delivered,2026-08-14T23:44:13Z
GEN-02489,Order Created,2026-08-04T19:10:20Z
GEN-02489,Payment Received,2026-08-04T19:21:31Z
GEN-02489,Packed,2026-08-04T21:26:00Z
GEN-02489,Inspected,2026-08-04T22:06:40Z
GEN-02489,Shipped,2026-08-05T01:08:27Z
GEN-02489,Delivered,2026-08-05T07:32:39Z
GEN-02490,Order Created,2026-08-06T12:46:58Z
GEN-02490,Payment Received,2026-08-06T13:01:32Z
GEN-02490,Packed,2026-08-06T22:48:06Z
GEN-02490,Inspected,2026-08-06T23:33:51Z
GEN-02490,Shipped,2026-08-07T01:49:37Z
GEN-02490,Delivered,2026-08-07T05:13:37Z
GEN-02491,Order Created,2026-08-15T14:58:33Z
GEN-02491,Payment Attempt,2026-08-15T15:08:28Z
GEN-02491,Payment Received,2026-08-15T15:14:09Z
GEN-02491,Packed,2026-08-16T00:53:35Z
GEN-02491,Inspected,2026-08-16T01:24:27Z
GEN-02491,Shipped,2026-08-16T03:41:32Z
GEN-02491,Delivered,2026-08-16T06:19:05Z
GEN-02492,Order Created,2026-08-14T12:07:41Z
GEN-02492,Payment Received,2026-08-14T12:14:55Z
GEN-02492,Packed,2026-08-14T14:37:55Z
GEN-02492,Inspected,2026-08-14T15:18:14Z
GEN-02492,Shipped,2026-08-14T18:30:51Z
GEN-02492,Delivered,2026-08-14T23:22:26Z
GEN-02493,Order Created,2026-08-09T13:28:34Z
GEN-02493,Payment Attempt,2026-08-09T13:52:16Z
GEN-02493,Payment Received,2026-08-09T14:01:36Z
GEN-02493,Packed,2026-08-10T07:34:02Z
GEN-02493,Inspected,2026-08-10T08:33:05Z
GEN-02493,Shipped,2026-08-10T10:46:53Z
GEN-02493,Delivered,2026-08-10T12:10:27Z
GEN-02494,Order Created,2026-08-11T12:30:12Z
GEN-02494,Payment Received,2026-08-11T12:40:09Z
GEN-02494,Packed,2026-08-11T20:38:30Z
GEN-02494,Inspected,2026-08-11T21:20:07Z
GEN-02494,Shipped,2026-08-11T23:05:32Z
GEN-02494,Delivered,2026-08-12T02:01:19Z
GEN-02495,Order Created,2026-08-15T12:39:52Z
GEN-02495,Payment Received,2026-08-15T12:51:44Z
GEN-02495,Packed,2026-08-15T23:39:32Z
GEN-02495,Inspected,2026-08-16T00:09:01Z
GEN-02495,Shipped,2026-08-16T03:43:57Z
GEN-02495,Delivered,2026-08-16T06:14:51Z
GEN-02496,Order Created,2026-08-03T19:11:31Z
GEN-02496,Payment Received,2026-08-03T19:20:43Z
GEN-02496,Packed,2026-08-03T21:59:15Z
GEN-02496,Inspected,2026-08-03T22:34:19Z
GEN-02496,Shipped,2026-08-04T02:30:32Z
GEN-02496,Delivered,2026-08-04T08:19:12Z
GEN-02497,Order Created,2026-08-14T17:51:13Z
GEN-02497,Payment Attempt,2026-08-14T18:02:56Z
GEN-02497,Payment Received,2026-08-14T18:22:03Z
GEN-02497,Packed,2026-08-15T00:05:30Z
GEN-02497,Inspected,2026-08-15T00:55:52Z
GEN-02497,Shipped,2026-08-15T02:57:47Z
GEN-02497,Delivered,2026-08-15T04:05:05Z
GEN-02498,Order Created,2026-08-04T15:56:55Z
GEN-02498,Payment Attempt,2026-08-04T16:03:00Z
GEN-02498,Payment Received,2026-08-04T16:06:48Z
GEN-02498,Packed,2026-08-04T19:59:40Z
GEN-02498,Inspected,2026-08-04T20:52:21Z
GEN-02498,Shipped,2026-08-04T23:01:42Z
GEN-02498,Delivered,2026-08-05T01:01:34Z
GEN-02499,Order Created,2026-08-12T09:36:30Z
GEN-02499,Payment Received,2026-08-12T09:52:03Z
GEN-02499,Packed,2026-08-12T17:31:33Z
GEN-02499,Inspected,2026-08-12T18:12:40Z
GEN-02499,Shipped,2026-08-12T19:36:45Z
GEN-02499,Delivered,2026-08-12T22:10:10Z
GEN-02500,Order Created,2026-08-09T10:28:38Z
GEN-02500,Payment Received,2026-08-09T10:42:21Z
GEN-02500,Packed,2026-08-09T20:34:18Z
GEN-02500,Inspected,2026-08-09T21:22:42Z
GEN-02500,Shipped,2026-08-10T00:05:10Z
GEN-02500,Delivered,2026-08-10T03:19:20Z
